customer_id,tenure,contract,monthly_charges,churn_probability,risk_level,is_high_risk,revenue_at_risk,clv_estimate,clv_at_risk,scored_at
7590-VHVEG,1,Month-to-month,29.85,0.6491,High,1,19.38,793.64,515.17,2026-10-06 16:33:57.939598
5575-GNVDE,34,One year,56.95,0.0195,Low,0,1.11,1514.17,29.54,2026-10-06 16:33:57.939598
7795-CFOCW,45,One year,42.3,0.0195,Low,0,0.83,1124.66,21.94,2026-10-06 16:33:57.939598
1452-KIOVK,22,Month-to-month,89.1,0.3789,Medium,1,33.76,2368.97,897.62,2026-10-06 16:33:57.939598
6713-OKOMC,10,Month-to-month,29.75,0.1364,Low,1,4.06,790.99,107.93,2026-10-06 16:33:57.939598
6388-TABGU,62,One year,56.15,0.0195,Low,0,1.1,1492.9,29.13,2026-10-06 16:33:57.939598
9763-GRSKD,13,Month-to-month,49.95,0.2013,Low,1,10.05,1328.06,267.34,2026-10-06 16:33:57.939598
7469-LKBCI,16,Two year,18.95,0.0163,Low,0,0.31,503.84,8.23,2026-10-06 16:33:57.939598
8091-TTVAX,58,One year,100.35,0.2013,Low,1,20.2,2668.08,537.08,2026-10-06 16:33:57.939598
5129-JLPIS,25,Month-to-month,105.5,0.5923,Medium,1,62.48,2805.01,1661.33,2026-10-06 16:33:57.939598
3655-SNQYZ,69,Two year,113.25,0.0486,Low,0,5.5,3011.06,146.23,2026-10-06 16:33:57.939598
8191-XWSZG,52,One year,20.65,0.0195,Low,0,0.4,549.04,10.71,2026-10-06 16:33:57.939598
9959-WOFKT,71,Two year,106.7,0.0877,Low,1,9.36,2836.91,248.85,2026-10-06 16:33:57.939598
4183-MYFRB,21,Month-to-month,90.05,0.5103,Medium,1,45.96,2394.23,1221.88,2026-10-06 16:33:57.939598
1680-VDCWW,12,One year,19.8,0.0486,Low,0,0.96,526.44,25.57,2026-10-06 16:33:57.939598
3638-WEABW,58,Two year,59.9,0.0195,Low,0,1.17,1592.61,31.08,2026-10-06 16:33:57.939598
6322-HRPFA,49,Month-to-month,59.6,0.0877,Low,1,5.23,1584.63,139.0,2026-10-06 16:33:57.939598
6865-JZNKO,30,Month-to-month,55.3,0.1364,Low,1,7.55,1470.3,200.62,2026-10-06 16:33:57.939598
5248-YGIJN,72,Two year,90.25,0.0085,Low,0,0.77,2399.54,20.42,2026-10-06 16:33:57.939598
3841-NFECX,71,Two year,96.35,0.0195,Low,0,1.88,2561.73,49.98,2026-10-06 16:33:57.939598
4929-XIHVW,2,Month-to-month,95.5,0.6491,High,1,61.99,2539.13,1648.21,2026-10-06 16:33:57.939598
6827-IEAUQ,27,One year,66.15,0.0486,Low,0,3.21,1758.78,85.42,2026-10-06 16:33:57.939598
7310-EGVHZ,1,Month-to-month,20.2,0.3552,Medium,1,7.18,537.07,190.77,2026-10-06 16:33:57.939598
3413-BMNZE,1,Month-to-month,45.25,0.5923,Medium,1,26.8,1203.1,712.56,2026-10-06 16:33:57.939598
6234-RAAPL,72,Two year,99.9,0.0085,Low,0,0.85,2656.12,22.61,2026-10-06 16:33:57.939598
6572-ADKRS,46,Month-to-month,74.8,0.2328,Low,1,17.41,1988.76,462.99,2026-10-06 16:33:57.939598
8865-TNMNX,10,One year,49.55,0.0877,Low,1,4.35,1317.42,115.56,2026-10-06 16:33:57.939598
9489-DEDVP,70,Two year,69.2,0.0195,Low,0,1.35,1839.87,35.9,2026-10-06 16:33:57.939598
9867-JCZSP,17,One year,20.75,0.0486,Low,0,1.01,551.7,26.79,2026-10-06 16:33:57.939598
4671-VJLCL,63,Two year,79.85,0.0195,Low,0,1.56,2123.03,41.42,2026-10-06 16:33:57.939598
4080-IIARD,13,Month-to-month,76.2,0.2564,Low,1,19.54,2025.99,519.48,2026-10-06 16:33:57.939598
3714-NTNFO,49,Month-to-month,84.5,0.3789,Medium,1,32.02,2246.66,851.28,2026-10-06 16:33:57.939598
5948-UJZLF,2,Month-to-month,49.25,0.464,Medium,1,22.85,1309.45,607.58,2026-10-06 16:33:57.939598
7639-LIAYI,52,Two year,79.75,0.0195,Low,0,1.56,2120.37,41.37,2026-10-06 16:33:57.939598
2954-PIBKO,69,Two year,64.15,0.0163,Low,0,1.05,1705.6,27.87,2026-10-06 16:33:57.939598
8012-SOUDQ,43,Month-to-month,90.25,0.4348,Medium,1,39.24,2399.54,1043.28,2026-10-06 16:33:57.939598
6575-SUVOI,25,Month-to-month,69.5,0.1364,Low,1,9.48,1847.85,252.13,2026-10-06 16:33:57.939598
4667-QONEA,60,One year,74.85,0.0486,Low,0,3.64,1990.09,96.65,2026-10-06 16:33:57.939598
8769-KKTPH,63,One year,99.65,0.1364,Low,1,13.6,2649.47,361.51,2026-10-06 16:33:57.939598
5067-XJQFU,66,One year,108.45,0.2328,Low,1,25.25,2883.44,671.28,2026-10-06 16:33:57.939598
3957-SQXML,34,Two year,24.95,0.0195,Low,0,0.49,663.36,12.94,2026-10-06 16:33:57.939598
5954-BDFSG,72,Two year,107.5,0.1348,Low,1,14.49,2858.18,385.37,2026-10-06 16:33:57.939598
0434-CSFON,47,Month-to-month,100.5,0.5923,Medium,1,59.52,2672.07,1582.6,2026-10-06 16:33:57.939598
1215-FIGMP,60,Month-to-month,89.9,0.2328,Low,1,20.93,2390.24,556.46,2026-10-06 16:33:57.939598
0526-SXDJP,72,Two year,42.1,0.0163,Low,0,0.69,1119.34,18.29,2026-10-06 16:33:57.939598
0557-ASKVU,18,One year,54.4,0.1348,Low,1,7.33,1446.37,195.02,2026-10-06 16:33:57.939598
5122-CYFXA,3,Month-to-month,75.3,0.3552,Medium,1,26.75,2002.06,711.16,2026-10-06 16:33:57.939598
8627-ZYGSZ,47,One year,78.9,0.1364,Low,1,10.77,2097.77,286.23,2026-10-06 16:33:57.939598
3410-YOQBQ,31,Two year,79.2,0.0486,Low,0,3.85,2105.75,102.27,2026-10-06 16:33:57.939598
3170-NMYVV,50,Two year,20.15,0.0163,Low,0,0.33,535.74,8.75,2026-10-06 16:33:57.939598
7410-OIEDU,10,Month-to-month,79.85,0.3552,Medium,1,28.36,2123.03,754.13,2026-10-06 16:33:57.939598
2273-QCKXA,1,Month-to-month,49.05,0.314,Medium,1,15.4,1304.13,409.56,2026-10-06 16:33:57.939598
0731-EBJQB,52,One year,20.4,0.0195,Low,0,0.4,542.39,10.58,2026-10-06 16:33:57.939598
1891-QRQSA,64,Two year,111.6,0.0877,Low,1,9.79,2967.19,260.28,2026-10-06 16:33:57.939598
8028-PNXHQ,62,Two year,24.25,0.0195,Low,0,0.47,644.75,12.58,2026-10-06 16:33:57.939598
5630-AHZIL,3,Month-to-month,64.5,0.2564,Low,1,16.54,1714.91,439.72,2026-10-06 16:33:57.939598
2673-CXQEU,56,One year,110.5,0.2013,Low,1,22.24,2937.95,591.4,2026-10-06 16:33:57.939598
6416-JNVRK,46,One year,55.65,0.1364,Low,1,7.59,1479.61,201.89,2026-10-06 16:33:57.939598
5590-ZSKRV,8,Month-to-month,54.65,0.1364,Low,1,7.46,1453.02,198.26,2026-10-06 16:33:57.939598
0191-ZHSKZ,30,Month-to-month,74.75,0.2328,Low,1,17.4,1987.43,462.68,2026-10-06 16:33:57.939598
3887-PBQAO,45,One year,25.9,0.0163,Low,0,0.42,688.62,11.25,2026-10-06 16:33:57.939598
8108-UXRQN,11,Month-to-month,50.55,0.314,Medium,1,15.88,1344.01,422.09,2026-10-06 16:33:57.939598
9919-YLNNG,42,Month-to-month,103.8,0.3552,Medium,1,36.87,2759.81,980.32,2026-10-06 16:33:57.939598
0318-ZOPWS,49,Two year,20.15,0.0163,Low,0,0.33,535.74,8.75,2026-10-06 16:33:57.939598
4445-ZJNMU,9,Month-to-month,99.3,0.878,High,1,87.19,2640.16,2318.19,2026-10-06 16:33:57.939598
4808-YNLEU,35,One year,62.15,0.0877,Low,1,5.45,1652.43,144.95,2026-10-06 16:33:57.939598
1862-QRWPE,48,Two year,20.65,0.0085,Low,0,0.18,549.04,4.67,2026-10-06 16:33:57.939598
2796-NNUFI,46,Two year,19.95,0.0085,Low,0,0.17,530.43,4.51,2026-10-06 16:33:57.939598
3016-KSVCP,29,Month-to-month,33.75,0.2328,Low,1,7.86,897.34,208.9,2026-10-06 16:33:57.939598
4767-HZZHQ,30,Month-to-month,82.05,0.2564,Low,1,21.04,2181.52,559.37,2026-10-06 16:33:57.939598
2424-WVHPL,1,Month-to-month,74.7,0.6,High,1,44.82,1986.1,1191.66,2026-10-06 16:33:57.939598
7233-PAHHL,66,Two year,84.0,0.0195,Low,0,1.64,2233.37,43.58,2026-10-06 16:33:57.939598
6067-NGCEU,65,Month-to-month,111.05,0.2328,Low,1,25.85,2952.57,687.37,2026-10-06 16:33:57.939598
9848-JQJTX,72,Two year,100.9,0.0877,Low,1,8.85,2682.7,235.32,2026-10-06 16:33:57.939598
9803-FTJCG,71,One year,66.85,0.0195,Low,0,1.3,1777.39,34.68,2026-10-06 16:33:57.939598
3212-KXOCR,52,Two year,21.0,0.0163,Low,0,0.34,558.34,9.12,2026-10-06 16:33:57.939598
6380-ARCEH,1,Month-to-month,20.2,0.3552,Medium,1,7.18,537.07,190.77,2026-10-06 16:33:57.939598
3679-XASPY,1,Month-to-month,19.45,0.3552,Medium,1,6.91,517.13,183.69,2026-10-06 16:33:57.939598
7123-WQUHX,38,One year,95.0,0.1364,Low,1,12.96,2525.84,344.64,2026-10-06 16:33:57.939598
5386-THSLQ,66,One year,45.55,0.1364,Low,1,6.22,1211.07,165.24,2026-10-06 16:33:57.939598
6180-YBIQI,5,Month-to-month,24.3,0.2564,Low,1,6.23,646.08,165.66,2026-10-06 16:33:57.939598
6728-DKUCO,72,One year,104.15,0.0486,Low,0,5.06,2769.11,134.48,2026-10-06 16:33:57.939598
9750-BOOHV,32,One year,30.15,0.0195,Low,0,0.59,801.62,15.64,2026-10-06 16:33:57.939598
8597-CWYHH,43,One year,94.35,0.2013,Low,1,18.99,2508.55,504.97,2026-10-06 16:33:57.939598
2848-YXSMW,72,Two year,19.4,0.0085,Low,0,0.17,515.8,4.39,2026-10-06 16:33:57.939598
4549-ZDQYY,52,One year,57.95,0.0486,Low,0,2.81,1540.76,74.83,2026-10-06 16:33:57.939598
5712-AHQNN,43,Month-to-month,91.65,0.3552,Medium,1,32.56,2436.77,865.57,2026-10-06 16:33:57.939598
5256-SKJGO,64,Two year,54.6,0.0195,Low,0,1.07,1451.69,28.33,2026-10-06 16:33:57.939598
3071-VBYPO,3,Month-to-month,89.85,0.3552,Medium,1,31.92,2388.91,848.57,2026-10-06 16:33:57.939598
9560-BBZXK,36,Two year,31.05,0.0486,Low,0,1.51,825.55,40.09,2026-10-06 16:33:57.939598
8402-OOOHJ,41,Two year,20.65,0.0085,Low,0,0.18,549.04,4.67,2026-10-06 16:33:57.939598
9445-ZUEQE,27,Month-to-month,85.2,0.2564,Low,1,21.85,2265.28,580.84,2026-10-06 16:33:57.939598
1091-SOZGA,56,One year,99.8,0.2328,Low,1,23.23,2653.46,617.74,2026-10-06 16:33:57.939598
2928-HLDBA,6,Month-to-month,20.7,0.0877,Low,1,1.82,550.37,48.28,2026-10-06 16:33:57.939598
6497-TILVL,7,Month-to-month,50.7,0.1364,Low,1,6.92,1348.0,183.93,2026-10-06 16:33:57.939598
7219-TLZHO,4,Month-to-month,20.85,0.1364,Low,1,2.84,554.35,75.64,2026-10-06 16:33:57.939598
4622-YNKIJ,33,Two year,88.95,0.0486,Low,0,4.32,2364.98,114.86,2026-10-06 16:33:57.939598
6734-PSBAW,72,Two year,23.55,0.0085,Low,0,0.2,626.14,5.33,2026-10-06 16:33:57.939598
3930-ZGWVE,1,Month-to-month,19.75,0.3552,Medium,1,7.02,525.11,186.52,2026-10-06 16:33:57.939598
2639-UGMAZ,71,One year,56.45,0.0877,Low,1,4.95,1500.88,131.66,2026-10-06 16:33:57.939598
2876-GZYZC,13,Month-to-month,85.95,0.6395,High,1,54.97,2285.22,1461.48,2026-10-06 16:33:57.939598
8587-XYZSF,67,Two year,50.55,0.0486,Low,0,2.45,1344.01,65.27,2026-10-06 16:33:57.939598
7799-LGRDP,43,Two year,25.7,0.0163,Low,0,0.42,683.3,11.17,2026-10-06 16:33:57.939598
7850-VWJUU,23,Month-to-month,75.0,0.2328,Low,1,17.46,1994.08,464.23,2026-10-06 16:33:57.939598
3774-VBNXY,64,Two year,20.2,0.0085,Low,0,0.17,537.07,4.57,2026-10-06 16:33:57.939598
6217-KDYWC,57,Two year,19.6,0.0163,Low,0,0.32,521.12,8.52,2026-10-06 16:33:57.939598
3146-MSEGF,72,Two year,88.05,0.0085,Low,0,0.75,2341.05,19.92,2026-10-06 16:33:57.939598
1095-WGNGG,61,Two year,101.05,0.0877,Low,1,8.86,2686.69,235.67,2026-10-06 16:33:57.939598
2636-SJDOU,64,One year,84.3,0.0486,Low,0,4.09,2241.35,108.85,2026-10-06 16:33:57.939598
1131-QQZEB,71,Two year,23.95,0.0163,Low,0,0.39,636.78,10.4,2026-10-06 16:33:57.939598
5716-EZXZN,65,Two year,99.05,0.0195,Low,0,1.93,2633.52,51.39,2026-10-06 16:33:57.939598
6837-BJYDQ,3,One year,19.6,0.0486,Low,0,0.95,521.12,25.31,2026-10-06 16:33:57.939598
6440-DKQGE,30,One year,64.5,0.0877,Low,1,5.66,1714.91,150.43,2026-10-06 16:33:57.939598
3466-BYAVD,15,Month-to-month,69.5,0.1364,Low,1,9.48,1847.85,252.13,2026-10-06 16:33:57.939598
3780-YVMFA,8,Month-to-month,68.55,0.314,Medium,1,21.53,1822.59,572.38,2026-10-06 16:33:57.939598
1679-JRFBR,70,One year,108.15,0.1364,Low,1,14.76,2875.46,392.34,2026-10-06 16:33:57.939598
9073-ZZIAY,62,Two year,86.1,0.0163,Low,0,1.41,2289.2,37.41,2026-10-06 16:33:57.939598
3077-RSNTJ,6,Month-to-month,19.7,0.1364,Low,1,2.69,523.78,71.47,2026-10-06 16:33:57.939598
6551-GNYDG,14,Month-to-month,80.9,0.464,Medium,1,37.54,2150.95,998.04,2026-10-06 16:33:57.939598
9167-APMXZ,22,Month-to-month,84.15,0.464,Medium,1,39.05,2237.36,1038.13,2026-10-06 16:33:57.939598
2749-CTKAJ,22,One year,20.15,0.0195,Low,0,0.39,535.74,10.45,2026-10-06 16:33:57.939598
6371-NZYEG,16,Two year,64.25,0.0486,Low,0,3.12,1708.26,82.96,2026-10-06 16:33:57.939598
7554-NEWDD,10,Two year,25.7,0.0486,Low,0,1.25,683.3,33.18,2026-10-06 16:33:57.939598
8992-VONJD,13,Month-to-month,56.0,0.2328,Low,1,13.04,1488.91,346.63,2026-10-06 16:33:57.939598
4482-EWFMI,2,Month-to-month,69.7,0.5923,Medium,1,41.28,1853.17,1097.58,2026-10-06 16:33:57.939598
4648-YPBTM,53,Two year,73.9,0.0195,Low,0,1.44,1964.83,38.34,2026-10-06 16:33:57.939598
2907-ILJBN,11,One year,20.6,0.0486,Low,0,1.0,547.71,26.6,2026-10-06 16:33:57.939598
6345-FZOQH,69,Two year,19.9,0.0163,Low,0,0.33,529.1,8.65,2026-10-06 16:33:57.939598
5997-OPVFA,72,Two year,89.05,0.0085,Low,0,0.76,2367.64,20.15,2026-10-06 16:33:57.939598
1159-WFSGR,16,Month-to-month,20.4,0.1364,Low,1,2.78,542.39,74.01,2026-10-06 16:33:57.939598
7654-YWJUF,43,One year,84.25,0.0877,Low,1,7.39,2240.02,196.49,2026-10-06 16:33:57.939598
6727-IOTLZ,14,Two year,81.95,0.0486,Low,0,3.98,2178.87,105.82,2026-10-06 16:33:57.939598
5918-VUKWP,32,One year,20.55,0.0195,Low,0,0.4,546.38,10.66,2026-10-06 16:33:57.939598
1744-JHKYS,34,Month-to-month,24.7,0.1348,Low,1,3.33,656.72,88.55,2026-10-06 16:33:57.939598
5947-SGKCL,15,Month-to-month,105.35,0.5103,Medium,1,53.76,2801.02,1429.49,2026-10-06 16:33:57.939598
3712-PKXZA,61,One year,20.55,0.0195,Low,0,0.4,546.38,10.66,2026-10-06 16:33:57.939598
6582-OIVSP,1,Month-to-month,45.3,0.5103,Medium,1,23.12,1204.42,614.67,2026-10-06 16:33:57.939598
5524-KHNJP,33,One year,74.75,0.1364,Low,1,10.2,1987.43,271.18,2026-10-06 16:33:57.939598
4827-USJHP,20,Month-to-month,51.8,0.2013,Low,1,10.43,1377.25,277.24,2026-10-06 16:33:57.939598
8167-GJLRN,3,Month-to-month,30.4,0.3789,Medium,1,11.52,808.27,306.26,2026-10-06 16:33:57.939598
0956-SYCWG,13,One year,19.65,0.0486,Low,0,0.95,522.45,25.37,2026-10-06 16:33:57.939598
8017-UVSZU,40,Month-to-month,56.6,0.2328,Low,1,13.18,1504.87,350.34,2026-10-06 16:33:57.939598
7100-FQPRV,43,One year,71.9,0.0877,Low,1,6.31,1911.66,167.69,2026-10-06 16:33:57.939598
2984-RGEYA,69,Two year,19.75,0.0163,Low,0,0.32,525.11,8.58,2026-10-06 16:33:57.939598
9680-NIAUV,72,Two year,109.7,0.0195,Low,0,2.14,2916.68,56.91,2026-10-06 16:33:57.939598
2146-EGVDT,59,Two year,19.3,0.0085,Low,0,0.16,513.14,4.37,2026-10-06 16:33:57.939598
2604-IJPDU,20,Month-to-month,96.55,0.5,Medium,1,48.28,2567.05,1283.52,2026-10-06 16:33:57.939598
9178-JHUVJ,24,Two year,24.1,0.0195,Low,0,0.47,640.76,12.5,2026-10-06 16:33:57.939598
6168-YBYNP,59,Month-to-month,111.35,0.314,Medium,1,34.97,2960.55,929.76,2026-10-06 16:33:57.939598
7255-SSFBC,72,Two year,112.25,0.0195,Low,0,2.19,2984.47,58.23,2026-10-06 16:33:57.939598
3645-DEYGF,1,Month-to-month,20.75,0.314,Medium,1,6.52,551.7,173.26,2026-10-06 16:33:57.939598
9323-HGFWY,27,One year,101.9,0.2328,Low,1,23.72,2709.29,630.73,2026-10-06 16:33:57.939598
8544-GOQSH,14,Month-to-month,80.05,0.3789,Medium,1,30.33,2128.35,806.44,2026-10-06 16:33:57.939598
3363-DTIVD,71,Two year,105.55,0.1348,Low,1,14.23,2806.34,378.38,2026-10-06 16:33:57.939598
7018-WBJNK,13,Month-to-month,78.3,0.5923,Medium,1,46.38,2081.82,1233.01,2026-10-06 16:33:57.939598
9142-KZXOP,44,Month-to-month,68.85,0.2328,Low,1,16.03,1830.57,426.16,2026-10-06 16:33:57.939598
7674-YTAFD,33,One year,79.95,0.1364,Low,1,10.91,2125.69,290.04,2026-10-06 16:33:57.939598
6348-SNFUS,72,Two year,55.45,0.0085,Low,0,0.47,1474.29,12.55,2026-10-06 16:33:57.939598
1347-KTTTA,64,One year,102.45,0.1364,Low,1,13.98,2723.91,371.67,2026-10-06 16:33:57.939598
4195-NZGTA,1,Month-to-month,25.25,0.5923,Medium,1,14.95,671.34,397.62,2026-10-06 16:33:57.939598
7157-SMCFK,61,Two year,19.75,0.0195,Low,0,0.39,525.11,10.25,2026-10-06 16:33:57.939598
4709-LKHYG,29,One year,20.0,0.0486,Low,0,0.97,531.75,25.82,2026-10-06 16:33:57.939598
2504-DSHIH,23,Month-to-month,86.8,0.5103,Medium,1,44.3,2307.82,1177.78,2026-10-06 16:33:57.939598
0699-NDKJM,57,Month-to-month,58.75,0.1364,Low,1,8.02,1562.03,213.13,2026-10-06 16:33:57.939598
9286-BHDQG,72,Two year,45.25,0.0163,Low,0,0.74,1203.1,19.66,2026-10-06 16:33:57.939598
0230-WEQUW,66,Two year,56.6,0.0163,Low,0,0.92,1504.87,24.59,2026-10-06 16:33:57.939598
2040-LDIWQ,65,Two year,84.2,0.0195,Low,0,1.64,2238.69,43.68,2026-10-06 16:33:57.939598
6496-JDSSB,8,Month-to-month,80.0,0.5923,Medium,1,47.38,2127.02,1259.78,2026-10-06 16:33:57.939598
4443-EMBNA,71,Two year,24.75,0.0085,Low,0,0.21,658.05,5.6,2026-10-06 16:33:57.939598
6469-MRVET,1,One year,20.2,0.1364,Low,1,2.76,537.07,73.28,2026-10-06 16:33:57.939598
5961-VUSRV,12,One year,19.35,0.0486,Low,0,0.94,514.47,24.99,2026-10-06 16:33:57.939598
6778-JFCMK,24,One year,50.6,0.1348,Low,1,6.82,1345.34,181.39,2026-10-06 16:33:57.939598
6341-JVQGF,31,One year,81.15,0.1348,Low,1,10.94,2157.6,290.91,2026-10-06 16:33:57.939598
4811-JBUVU,30,Month-to-month,89.9,0.3552,Medium,1,31.93,2390.24,849.04,2026-10-06 16:33:57.939598
0945-TSONX,47,Two year,85.3,0.0195,Low,0,1.66,2267.93,44.25,2026-10-06 16:33:57.939598
2651-ZCBXV,54,Two year,108.0,0.1364,Low,1,14.74,2871.48,391.8,2026-10-06 16:33:57.939598
3316-UWXUY,50,Month-to-month,93.5,0.2328,Low,1,21.77,2485.95,578.74,2026-10-06 16:33:57.939598
7083-MIOPC,72,Two year,20.25,0.0,Low,0,0.0,538.4,0.0,2026-10-06 16:33:57.939598
1984-GPTEH,29,Month-to-month,25.15,0.1348,Low,1,3.39,668.68,90.16,2026-10-06 16:33:57.939598
0621-JFHOL,10,Two year,29.6,0.0877,Low,1,2.6,787.0,69.03,2026-10-06 16:33:57.939598
9903-LYSAB,18,Month-to-month,73.15,0.5566,Medium,1,40.72,1944.89,1082.53,2026-10-06 16:33:57.939598
9227-UAQFT,16,Two year,19.75,0.0195,Low,0,0.39,525.11,10.25,2026-10-06 16:33:57.939598
7301-ABVAD,72,Two year,86.6,0.0195,Low,0,1.69,2302.5,44.93,2026-10-06 16:33:57.939598
6614-FHDBO,72,Two year,109.2,0.0877,Low,1,9.58,2903.38,254.68,2026-10-06 16:33:57.939598
7576-ASEJU,41,One year,74.7,0.1348,Low,1,10.07,1986.1,267.79,2026-10-06 16:33:57.939598
9058-HRZSV,65,Month-to-month,94.4,0.2013,Low,1,19.0,2509.88,505.24,2026-10-06 16:33:57.939598
4522-AKYLR,13,Month-to-month,54.8,0.314,Medium,1,17.21,1457.01,457.57,2026-10-06 16:33:57.939598
0221-WMXNQ,4,Month-to-month,75.35,0.3789,Medium,1,28.55,2003.39,759.1,2026-10-06 16:33:57.939598
0303-UNCIP,41,One year,65.0,0.0877,Low,1,5.7,1728.2,151.6,2026-10-06 16:33:57.939598
0959-WHOKV,42,One year,99.0,0.314,Medium,1,31.09,2632.19,826.64,2026-10-06 16:33:57.939598
4075-JFPGR,51,One year,93.5,0.1364,Low,1,12.76,2485.95,339.2,2026-10-06 16:33:57.939598
3282-ZISZV,32,One year,83.7,0.1364,Low,1,11.42,2225.39,303.64,2026-10-06 16:33:57.939598
3675-YDUPJ,10,Month-to-month,19.85,0.1364,Low,1,2.71,527.77,72.01,2026-10-06 16:33:57.939598
4111-BNXIF,67,Two year,59.55,0.0486,Low,0,2.89,1583.3,76.89,2026-10-06 16:33:57.939598
7017-VFHAY,61,Two year,115.1,0.0486,Low,0,5.59,3060.25,148.62,2026-10-06 16:33:57.939598
6655-LHBYW,50,One year,114.35,0.1364,Low,1,15.6,3040.31,414.84,2026-10-06 16:33:57.939598
5046-NUHWD,29,Month-to-month,45.0,0.2564,Low,1,11.54,1196.45,306.78,2026-10-06 16:33:57.939598
7529-ZDFXI,57,Month-to-month,89.85,0.3552,Medium,1,31.92,2388.91,848.57,2026-10-06 16:33:57.939598
7605-BDWDC,31,Two year,49.85,0.0195,Low,0,0.97,1325.4,25.86,2026-10-06 16:33:57.939598
1950-KSVVJ,45,One year,113.3,0.1364,Low,1,15.46,3012.39,411.03,2026-10-06 16:33:57.939598
0123-CRBRT,61,Two year,88.1,0.0163,Low,0,1.44,2342.38,38.27,2026-10-06 16:33:57.939598
6292-TOSSS,50,Two year,24.9,0.0195,Low,0,0.49,662.03,12.92,2026-10-06 16:33:57.939598
3197-ARFOY,19,Month-to-month,105.0,0.5566,Medium,1,58.44,2791.71,1553.88,2026-10-06 16:33:57.939598
7014-ZZXAW,71,Two year,24.25,0.0085,Low,0,0.21,644.75,5.49,2026-10-06 16:33:57.939598
7633-MVPUY,57,Two year,59.75,0.0195,Low,0,1.17,1588.62,31.0,2026-10-06 16:33:57.939598
4716-HHKQH,20,Month-to-month,107.05,0.5566,Medium,1,59.58,2846.22,1584.22,2026-10-06 16:33:57.939598
3179-GBRWV,21,Month-to-month,64.95,0.2013,Low,1,13.07,1726.87,347.62,2026-10-06 16:33:57.939598
8645-KWHJO,14,Month-to-month,55.0,0.5103,Medium,1,28.07,1462.33,746.29,2026-10-06 16:33:57.939598
4130-MZLCC,5,Month-to-month,50.55,0.314,Medium,1,15.88,1344.01,422.09,2026-10-06 16:33:57.939598
0314-TKOSI,6,Month-to-month,55.15,0.2564,Low,1,14.14,1466.31,375.98,2026-10-06 16:33:57.939598
8229-MYEJZ,10,Month-to-month,51.2,0.2328,Low,1,11.92,1361.29,316.91,2026-10-06 16:33:57.939598
2080-SRCDE,1,Month-to-month,25.4,0.314,Medium,1,7.98,675.33,212.09,2026-10-06 16:33:57.939598
9577-WJVCQ,68,Month-to-month,54.45,0.0486,Low,0,2.64,1447.7,70.31,2026-10-06 16:33:57.939598
6202-DYYFX,22,One year,76.0,0.1364,Low,1,10.37,2020.67,275.71,2026-10-06 16:33:57.939598
3808-HFKDE,20,Month-to-month,44.35,0.2328,Low,1,10.32,1179.17,274.51,2026-10-06 16:33:57.939598
3727-OWVYD,35,One year,61.2,0.0195,Low,0,1.19,1627.17,31.75,2026-10-06 16:33:57.939598
2294-SALNE,23,One year,86.8,0.0877,Low,1,7.61,2307.82,202.44,2026-10-06 16:33:57.939598
4847-TAJYI,6,Month-to-month,89.35,0.6967,High,1,62.25,2375.61,1655.14,2026-10-06 16:33:57.939598
1563-IWQEX,12,Month-to-month,19.7,0.0877,Low,1,1.73,523.78,45.95,2026-10-06 16:33:57.939598
8203-XJZRC,1,Month-to-month,20.25,0.314,Medium,1,6.36,538.4,169.08,2026-10-06 16:33:57.939598
6556-DBKZF,71,Two year,76.05,0.0877,Low,1,6.67,2022.0,177.37,2026-10-06 16:33:57.939598
6851-WEFYX,35,Month-to-month,100.8,0.5923,Medium,1,59.7,2680.04,1587.32,2026-10-06 16:33:57.939598
2985-JUUBZ,40,Month-to-month,74.55,0.3789,Medium,1,28.25,1982.12,751.04,2026-10-06 16:33:57.939598
0895-LMRSF,23,One year,64.9,0.1364,Low,1,8.86,1725.54,235.44,2026-10-06 16:33:57.939598
8266-VBFQL,4,Month-to-month,90.4,0.6,High,1,54.24,2403.53,1442.12,2026-10-06 16:33:57.939598
8181-YHCMF,68,Two year,60.3,0.0195,Low,0,1.18,1603.24,31.28,2026-10-06 16:33:57.939598
2240-HSJQD,38,Month-to-month,81.85,0.314,Medium,1,25.7,2176.21,683.44,2026-10-06 16:33:57.939598
1248-DYXUB,52,Two year,24.8,0.0163,Low,0,0.41,659.38,10.77,2026-10-06 16:33:57.939598
4115-BNPJY,29,Two year,75.55,0.0195,Low,0,1.47,2008.7,39.19,2026-10-06 16:33:57.939598
3167-SNQPL,38,Month-to-month,101.15,0.361,Medium,1,36.51,2689.35,970.82,2026-10-06 16:33:57.939598
4091-TVOCN,48,One year,78.75,0.0877,Low,1,6.91,2093.78,183.67,2026-10-06 16:33:57.939598
1098-TDVUQ,1,Month-to-month,19.25,0.2564,Low,1,4.94,511.81,131.23,2026-10-06 16:33:57.939598
7277-OZCGZ,22,Month-to-month,89.05,0.3552,Medium,1,31.63,2367.64,841.01,2026-10-06 16:33:57.939598
1557-EMYVT,43,Two year,115.05,0.1348,Low,1,15.51,3058.92,412.44,2026-10-06 16:33:57.939598
2799-ARNLO,5,Month-to-month,69.35,0.6154,High,1,42.68,1843.86,1134.68,2026-10-06 16:33:57.939598
5027-YOCXN,51,One year,110.05,0.1364,Low,1,15.02,2925.98,399.24,2026-10-06 16:33:57.939598
3973-SKMLN,71,Two year,19.9,0.0085,Low,0,0.17,529.1,4.5,2026-10-06 16:33:57.939598
6745-JEFZB,35,Month-to-month,91.5,0.314,Medium,1,28.74,2432.78,764.01,2026-10-06 16:33:57.939598
9880-TDQAC,72,Two year,60.0,0.0163,Low,0,0.98,1595.26,26.07,2026-10-06 16:33:57.939598
8705-WZCYL,1,Month-to-month,44.8,0.5758,Medium,1,25.79,1191.13,685.8,2026-10-06 16:33:57.939598
7102-JJVTX,9,One year,48.6,0.0877,Low,1,4.26,1292.16,113.35,2026-10-06 16:33:57.939598
8626-PTQGE,69,Two year,60.05,0.0195,Low,0,1.17,1596.59,31.15,2026-10-06 16:33:57.939598
4983-CLMLV,52,Month-to-month,102.7,0.314,Medium,1,32.25,2730.56,857.53,2026-10-06 16:33:57.939598
5701-YVSVF,11,Month-to-month,82.9,0.5923,Medium,1,49.1,2204.12,1305.45,2026-10-06 16:33:57.939598
5697-GOMBF,28,Month-to-month,35.9,0.3552,Medium,1,12.75,954.5,339.05,2026-10-06 16:33:57.939598
2739-CACDQ,17,Month-to-month,82.65,0.3789,Medium,1,31.32,2197.48,832.64,2026-10-06 16:33:57.939598
9385-EHGDO,35,Two year,19.85,0.0085,Low,0,0.17,527.77,4.49,2026-10-06 16:33:57.939598
9498-FIMXL,8,One year,19.2,0.0195,Low,0,0.37,510.48,9.96,2026-10-06 16:33:57.939598
2379-GYFLQ,46,One year,94.9,0.1364,Low,1,12.95,2523.18,344.28,2026-10-06 16:33:57.939598
2088-IEBAU,68,Two year,88.15,0.0195,Low,0,1.72,2343.71,45.73,2026-10-06 16:33:57.939598
7982-VCELR,36,Month-to-month,94.8,0.2564,Low,1,24.31,2520.52,646.29,2026-10-06 16:33:57.939598
6035-BXTTY,32,Month-to-month,54.65,0.0877,Low,1,4.79,1453.02,127.46,2026-10-06 16:33:57.939598
6885-PKOAM,71,Two year,85.75,0.0195,Low,0,1.67,2279.9,44.49,2026-10-06 16:33:57.939598
7520-HQWJU,66,Month-to-month,67.45,0.1348,Low,1,9.09,1793.34,241.8,2026-10-06 16:33:57.939598
9639-BUJXT,63,One year,20.5,0.0163,Low,0,0.33,545.05,8.91,2026-10-06 16:33:57.939598
5924-SNGKP,41,One year,20.25,0.0163,Low,0,0.33,538.4,8.8,2026-10-06 16:33:57.939598
0021-IKXGC,1,Month-to-month,72.1,0.8864,High,1,63.91,1916.98,1699.14,2026-10-06 16:33:57.939598
8966-SNIZF,70,Two year,19.45,0.0195,Low,0,0.38,517.13,10.09,2026-10-06 16:33:57.939598
6243-OZGFH,23,Month-to-month,44.95,0.5103,Medium,1,22.94,1195.12,609.92,2026-10-06 16:33:57.939598
4654-DLAMQ,64,One year,97.0,0.0486,Low,0,4.71,2579.01,125.25,2026-10-06 16:33:57.939598
0513-RBGPE,37,Two year,62.8,0.0195,Low,0,1.23,1669.71,32.58,2026-10-06 16:33:57.939598
5160-UXJED,17,One year,44.6,0.0877,Low,1,3.91,1185.81,104.02,2026-10-06 16:33:57.939598
4115-NZRKS,7,Month-to-month,89.15,0.6491,High,1,57.87,2370.3,1538.61,2026-10-06 16:33:57.939598
3351-NGXYI,16,Month-to-month,54.1,0.3552,Medium,1,19.22,1438.4,510.94,2026-10-06 16:33:57.939598
8984-EYLLL,64,Two year,105.25,0.1364,Low,1,14.36,2798.36,381.82,2026-10-06 16:33:57.939598
9833-TGFHX,42,One year,97.1,0.2013,Low,1,19.55,2581.67,519.69,2026-10-06 16:33:57.939598
9294-TDIPC,5,Month-to-month,20.2,0.0877,Low,1,1.77,537.07,47.11,2026-10-06 16:33:57.939598
5229-DTFYB,41,Two year,98.8,0.0877,Low,1,8.67,2626.87,230.43,2026-10-06 16:33:57.939598
0104-PPXDV,58,One year,50.3,0.0486,Low,0,2.44,1337.36,64.95,2026-10-06 16:33:57.939598
5176-LMJXE,47,Two year,20.55,0.0085,Low,0,0.17,546.38,4.65,2026-10-06 16:33:57.939598
3583-KRKMD,18,Month-to-month,75.9,0.2564,Low,1,19.46,2018.01,517.44,2026-10-06 16:33:57.939598
9069-LGEUL,23,Month-to-month,59.95,0.1364,Low,1,8.18,1593.94,217.48,2026-10-06 16:33:57.939598
7302-ZHMHP,1,Month-to-month,19.15,0.2328,Low,1,4.46,509.16,118.53,2026-10-06 16:33:57.939598
9571-EDEBV,71,One year,98.65,0.1364,Low,1,13.46,2622.88,357.88,2026-10-06 16:33:57.939598
3520-FJGCV,72,Two year,112.6,0.0195,Low,0,2.2,2993.78,58.42,2026-10-06 16:33:57.939598
6563-VRERX,33,One year,20.6,0.0195,Low,0,0.4,547.71,10.69,2026-10-06 16:33:57.939598
6122-EFVKN,24,Two year,35.75,0.0163,Low,0,0.58,950.51,15.53,2026-10-06 16:33:57.939598
2805-EDJPQ,56,One year,99.75,0.1364,Low,1,13.61,2652.13,361.87,2026-10-06 16:33:57.939598
6862-CQUMB,37,Month-to-month,96.1,0.314,Medium,1,30.18,2555.08,802.42,2026-10-06 16:33:57.939598
7156-MXBJE,43,One year,85.1,0.1364,Low,1,11.61,2262.62,308.72,2026-10-06 16:33:57.939598
6158-HDPXZ,1,Month-to-month,25.35,0.5923,Medium,1,15.01,674.0,399.19,2026-10-06 16:33:57.939598
2863-IMQDR,61,Two year,89.65,0.0195,Low,0,1.75,2383.59,46.51,2026-10-06 16:33:57.939598
5686-CMAWK,17,One year,86.75,0.1364,Low,1,11.84,2306.49,314.71,2026-10-06 16:33:57.939598
5651-CRHKQ,41,One year,86.2,0.0877,Low,1,7.56,2291.86,201.04,2026-10-06 16:33:57.939598
8204-YJCLA,72,Two year,64.8,0.0085,Low,0,0.55,1722.89,14.66,2026-10-06 16:33:57.939598
6583-SZVGP,48,Two year,108.1,0.2328,Low,1,25.17,2874.13,669.11,2026-10-06 16:33:57.939598
1708-PBBOA,42,One year,54.75,0.0877,Low,1,4.8,1455.68,127.69,2026-10-06 16:33:57.939598
8782-LKFPK,44,Month-to-month,90.4,0.314,Medium,1,28.39,2403.53,754.83,2026-10-06 16:33:57.939598
5522-JBWMO,1,Month-to-month,44.0,0.3789,Medium,1,16.67,1169.86,443.27,2026-10-06 16:33:57.939598
3597-MVHJT,27,Month-to-month,95.6,0.5566,Medium,1,53.21,2541.79,1414.77,2026-10-06 16:33:57.939598
9774-NRNAU,27,Month-to-month,84.8,0.2328,Low,1,19.74,2254.64,524.89,2026-10-06 16:33:57.939598
0224-RLWWD,2,Month-to-month,44.3,0.5923,Medium,1,26.24,1177.84,697.6,2026-10-06 16:33:57.939598
9967-ATRFS,19,Month-to-month,19.9,0.0877,Low,1,1.75,529.1,46.41,2026-10-06 16:33:57.939598
3951-NJCVI,42,Month-to-month,95.05,0.5103,Medium,1,48.51,2527.16,1289.73,2026-10-06 16:33:57.939598
2977-CEBSX,66,Two year,90.05,0.0195,Low,0,1.76,2394.23,46.72,2026-10-06 16:33:57.939598
0177-PXBAT,33,Month-to-month,109.9,0.3552,Medium,1,39.04,2921.99,1037.93,2026-10-06 16:33:57.939598
2519-ERQOJ,33,Month-to-month,54.6,0.2564,Low,1,14.0,1451.69,372.23,2026-10-06 16:33:57.939598
5876-QMYLD,23,One year,20.05,0.0195,Low,0,0.39,533.08,10.4,2026-10-06 16:33:57.939598
2277-AXSDC,32,One year,19.75,0.0195,Low,0,0.39,525.11,10.25,2026-10-06 16:33:57.939598
9442-JTWDL,11,One year,20.05,0.0486,Low,0,0.97,533.08,25.89,2026-10-06 16:33:57.939598
3067-SVMTC,68,One year,55.9,0.0195,Low,0,1.09,1486.25,29.0,2026-10-06 16:33:57.939598
5495-GPSRW,20,Two year,19.7,0.0163,Low,0,0.32,523.78,8.56,2026-10-06 16:33:57.939598
7606-BPHHN,72,Two year,19.8,0.0085,Low,0,0.17,526.44,4.48,2026-10-06 16:33:57.939598
4742-DRORA,60,One year,95.4,0.0877,Low,1,8.37,2536.47,222.5,2026-10-06 16:33:57.939598
0111-KLBQG,32,Month-to-month,93.95,0.314,Medium,1,29.5,2497.92,784.47,2026-10-06 16:33:57.939598
4163-NCJAK,46,One year,24.45,0.0486,Low,0,1.19,650.07,31.57,2026-10-06 16:33:57.939598
5233-AOZUF,29,Month-to-month,74.95,0.5103,Medium,1,38.25,1992.75,1016.99,2026-10-06 16:33:57.939598
5973-EJGDP,51,Month-to-month,87.35,0.2564,Low,1,22.4,2322.44,595.5,2026-10-06 16:33:57.939598
1996-DBMUS,48,Month-to-month,70.65,0.1364,Low,1,9.64,1878.42,256.3,2026-10-06 16:33:57.939598
7916-VCCPB,16,Month-to-month,73.25,0.314,Medium,1,23.0,1947.55,611.63,2026-10-06 16:33:57.939598
4686-GEFRM,70,Two year,98.7,0.0486,Low,0,4.79,2624.21,127.45,2026-10-06 16:33:57.939598
5249-QYHEX,40,Two year,24.8,0.0163,Low,0,0.41,659.38,10.77,2026-10-06 16:33:57.939598
2233-FAGXV,5,Month-to-month,24.3,0.1364,Low,1,3.32,646.08,88.15,2026-10-06 16:33:57.939598
5605-IYGFG,7,Month-to-month,69.85,0.5566,Medium,1,38.88,1857.15,1033.7,2026-10-06 16:33:57.939598
7663-ZTEGJ,29,One year,100.55,0.1364,Low,1,13.72,2673.4,364.77,2026-10-06 16:33:57.939598
3935-TBRZZ,44,One year,25.7,0.0195,Low,0,0.5,683.3,13.33,2026-10-06 16:33:57.939598
8111-BKVDS,10,Month-to-month,40.7,0.1364,Low,1,5.55,1082.12,147.65,2026-10-06 16:33:57.939598
2055-SIFSS,55,Month-to-month,51.65,0.1364,Low,1,7.05,1373.26,187.37,2026-10-06 16:33:57.939598
2806-MLNTI,52,One year,105.1,0.3552,Medium,1,37.33,2794.37,992.6,2026-10-06 16:33:57.939598
8734-DKSTZ,10,Month-to-month,85.95,0.6395,High,1,54.97,2285.22,1461.48,2026-10-06 16:33:57.939598
4360-PNRQB,18,Month-to-month,75.6,0.3552,Medium,1,26.85,2010.03,713.99,2026-10-06 16:33:57.939598
6152-ONASV,68,One year,58.25,0.0195,Low,0,1.14,1548.74,30.22,2026-10-06 16:33:57.939598
7781-HVGMK,72,Two year,65.2,0.0085,Low,0,0.55,1733.52,14.75,2026-10-06 16:33:57.939598
2181-UAESM,2,Month-to-month,53.45,0.2564,Low,1,13.71,1421.11,364.39,2026-10-06 16:33:57.939598
6048-NJXHX,41,Two year,19.75,0.0195,Low,0,0.39,525.11,10.25,2026-10-06 16:33:57.939598
2320-SLKMB,26,Month-to-month,44.45,0.1364,Low,1,6.06,1181.83,161.25,2026-10-06 16:33:57.939598
4980-URKXC,36,One year,20.85,0.0195,Low,0,0.41,554.35,10.82,2026-10-06 16:33:57.939598
4376-KFVRS,72,Two year,114.05,0.0195,Low,0,2.23,3032.33,59.17,2026-10-06 16:33:57.939598
5886-VLQVU,35,Month-to-month,89.85,0.2564,Low,1,23.04,2388.91,612.54,2026-10-06 16:33:57.939598
3577-AMVUX,1,Month-to-month,55.05,0.3789,Medium,1,20.86,1463.66,554.59,2026-10-06 16:33:57.939598
0771-WLCLA,16,Month-to-month,112.95,0.5566,Medium,1,62.87,3003.09,1671.53,2026-10-06 16:33:57.939598
5628-RKIFK,49,Month-to-month,101.55,0.314,Medium,1,31.89,2699.99,847.93,2026-10-06 16:33:57.939598
0206-TBWLC,54,One year,114.65,0.1364,Low,1,15.64,3048.28,415.92,2026-10-06 16:33:57.939598
2937-FTHUR,18,Month-to-month,64.8,0.3552,Medium,1,23.02,1722.89,611.99,2026-10-06 16:33:57.939598
1910-FMXJM,36,Month-to-month,80.4,0.3789,Medium,1,30.46,2137.65,809.97,2026-10-06 16:33:57.939598
0732-OCQOC,52,Two year,25.05,0.0085,Low,0,0.21,666.02,5.67,2026-10-06 16:33:57.939598
5168-MSWXT,8,Month-to-month,94.75,0.6491,High,1,61.5,2519.19,1635.26,2026-10-06 16:33:57.939598
1090-ESELR,72,Two year,105.5,0.0195,Low,0,2.06,2805.01,54.73,2026-10-06 16:33:57.939598
8592-PLTMQ,64,One year,24.7,0.0163,Low,0,0.4,656.72,10.73,2026-10-06 16:33:57.939598
5760-WRAHC,22,Month-to-month,69.75,0.1364,Low,1,9.52,1854.5,253.04,2026-10-06 16:33:57.939598
8847-GEOOQ,60,Month-to-month,60.2,0.0877,Low,1,5.28,1600.58,140.4,2026-10-06 16:33:57.939598
4785-FCIFB,61,Two year,24.4,0.0163,Low,0,0.4,648.74,10.6,2026-10-06 16:33:57.939598
8313-NDOIA,24,Month-to-month,104.15,0.6491,High,1,67.61,2769.11,1797.49,2026-10-06 16:33:57.939598
5149-CUZUJ,28,One year,92.9,0.0877,Low,1,8.15,2470.0,216.67,2026-10-06 16:33:57.939598
0942-KOWSM,30,Two year,80.8,0.0486,Low,0,3.92,2148.29,104.33,2026-10-06 16:33:57.939598
4237-CLSMM,2,Month-to-month,20.0,0.1364,Low,1,2.73,531.75,72.56,2026-10-06 16:33:57.939598
1452-VOQCH,1,Month-to-month,75.1,0.8864,High,1,66.57,1996.74,1769.84,2026-10-06 16:33:57.939598
4719-UMSIY,6,Month-to-month,19.65,0.0877,Low,1,1.72,522.45,45.83,2026-10-06 16:33:57.939598
6614-VBEGU,24,Month-to-month,69.45,0.1364,Low,1,9.48,1846.52,251.95,2026-10-06 16:33:57.939598
1480-BKXGA,72,Two year,116.05,0.0195,Low,0,2.26,3085.51,60.21,2026-10-06 16:33:57.939598
2996-XAUVF,70,Two year,40.05,0.0486,Low,0,1.95,1064.84,51.71,2026-10-06 16:33:57.939598
9076-AXYIK,64,Two year,102.1,0.1364,Low,1,13.93,2714.61,370.4,2026-10-06 16:33:57.939598
5968-XQIVE,72,One year,89.7,0.1348,Low,1,12.09,2384.92,321.56,2026-10-06 16:33:57.939598
8896-RAZCR,44,Two year,19.9,0.0085,Low,0,0.17,529.1,4.5,2026-10-06 16:33:57.939598
4933-IKULF,17,One year,20.65,0.0486,Low,0,1.0,549.04,26.66,2026-10-06 16:33:57.939598
1304-BCCFO,9,Month-to-month,70.05,0.2564,Low,1,17.96,1862.47,477.56,2026-10-06 16:33:57.939598
4104-PVRPS,24,Month-to-month,53.6,0.0877,Low,1,4.7,1425.1,125.01,2026-10-06 16:33:57.939598
3780-DDGSE,35,Month-to-month,76.05,0.1364,Low,1,10.38,2022.0,275.89,2026-10-06 16:33:57.939598
4431-EDMIQ,7,Month-to-month,75.7,0.2564,Low,1,19.41,2012.69,516.07,2026-10-06 16:33:57.939598
0486-LGCCH,11,Two year,19.65,0.0195,Low,0,0.38,522.45,10.19,2026-10-06 16:33:57.939598
4612-SSVHJ,20,Month-to-month,81.45,0.3789,Medium,1,30.86,2165.57,820.55,2026-10-06 16:33:57.939598
5168-MQQCA,72,One year,108.5,0.1364,Low,1,14.8,2884.77,393.61,2026-10-06 16:33:57.939598
7971-HLVXI,72,Two year,84.5,0.0486,Low,0,4.1,2246.66,109.11,2026-10-06 16:33:57.939598
9094-AZPHK,15,Month-to-month,100.15,0.6491,High,1,65.01,2662.76,1728.46,2026-10-06 16:33:57.939598
3649-JPUGY,72,Two year,88.6,0.0163,Low,0,1.45,2355.67,38.49,2026-10-06 16:33:57.939598
4472-LVYGI,0,Two year,52.55,0.0486,Low,0,2.55,1397.19,67.85,2026-10-06 16:33:57.939598
3552-CTCYF,63,Two year,104.8,0.1348,Low,1,14.13,2786.4,375.69,2026-10-06 16:33:57.939598
6778-YSNIH,2,Month-to-month,59.0,0.3789,Medium,1,22.36,1568.68,594.38,2026-10-06 16:33:57.939598
5756-OZRIO,61,One year,64.05,0.1348,Low,1,8.64,1702.94,229.61,2026-10-06 16:33:57.939598
6579-JPICP,1,Month-to-month,20.4,0.314,Medium,1,6.41,542.39,170.34,2026-10-06 16:33:57.939598
4134-BSXLX,28,Month-to-month,60.9,0.0486,Low,0,2.96,1619.19,78.64,2026-10-06 16:33:57.939598
0505-SPOOW,70,Two year,19.8,0.0163,Low,0,0.32,526.44,8.6,2026-10-06 16:33:57.939598
4374-YMUSQ,34,One year,116.25,0.1364,Low,1,15.86,3090.83,421.73,2026-10-06 16:33:57.939598
4513-CXYIX,71,Two year,80.7,0.0486,Low,0,3.92,2145.63,104.2,2026-10-06 16:33:57.939598
3957-HHLMR,70,One year,65.2,0.0486,Low,0,3.17,1733.52,84.19,2026-10-06 16:33:57.939598
7803-XOCCZ,52,Month-to-month,84.05,0.1364,Low,1,11.47,2234.7,304.91,2026-10-06 16:33:57.939598
5736-YEJAX,69,Two year,79.45,0.0195,Low,0,1.55,2112.4,41.22,2026-10-06 16:33:57.939598
8981-FJGLA,11,Month-to-month,78.0,0.5103,Medium,1,39.81,2073.84,1058.38,2026-10-06 16:33:57.939598
1135-LMECX,1,Month-to-month,19.85,0.3552,Medium,1,7.05,527.77,187.47,2026-10-06 16:33:57.939598
4332-MUOEZ,20,One year,94.3,0.2071,Low,1,19.53,2507.22,519.33,2026-10-06 16:33:57.939598
8535-SFUTN,61,Month-to-month,106.45,0.3789,Medium,1,40.33,2830.27,1072.41,2026-10-06 16:33:57.939598
8677-HDZEE,56,Month-to-month,105.45,0.3552,Medium,1,37.46,2803.68,995.9,2026-10-06 16:33:57.939598
2475-MROZF,30,Month-to-month,95.0,0.2564,Low,1,24.36,2525.84,647.65,2026-10-06 16:33:57.939598
3482-ABPKK,28,One year,54.3,0.0195,Low,0,1.06,1443.71,28.17,2026-10-06 16:33:57.939598
6705-LXORM,5,Month-to-month,70.05,0.5103,Medium,1,35.75,1862.47,950.5,2026-10-06 16:33:57.939598
7531-GQHME,12,Month-to-month,20.05,0.0877,Low,1,1.76,533.08,46.76,2026-10-06 16:33:57.939598
5174-ITUMV,67,One year,105.4,0.314,Medium,1,33.1,2802.35,880.08,2026-10-06 16:33:57.939598
4109-CYRBD,29,Month-to-month,51.6,0.3789,Medium,1,19.55,1371.93,519.83,2026-10-06 16:33:57.939598
0913-XWSCN,55,Month-to-month,85.5,0.3552,Medium,1,30.37,2273.25,807.49,2026-10-06 16:33:57.939598
0750-EBAIU,52,One year,91.25,0.1364,Low,1,12.45,2426.13,331.03,2026-10-06 16:33:57.939598
8606-CIQUL,72,Two year,115.75,0.0163,Low,0,1.89,3077.53,50.29,2026-10-06 16:33:57.939598
3571-DPYUH,58,One year,94.7,0.0877,Low,1,8.31,2517.86,220.86,2026-10-06 16:33:57.939598
7601-GNDYK,35,Two year,19.6,0.0163,Low,0,0.32,521.12,8.52,2026-10-06 16:33:57.939598
0356-OBMAC,56,Two year,99.9,0.0877,Low,1,8.76,2656.12,232.99,2026-10-06 16:33:57.939598
8067-NIOYM,24,Two year,21.1,0.0085,Low,0,0.18,561.0,4.77,2026-10-06 16:33:57.939598
1403-GYAFU,70,Two year,20.05,0.0163,Low,0,0.33,533.08,8.71,2026-10-06 16:33:57.939598
4234-XTNEA,2,Month-to-month,79.95,0.6491,High,1,51.9,2125.69,1379.83,2026-10-06 16:33:57.939598
1297-VQDRP,68,One year,107.15,0.2564,Low,1,27.47,2848.88,730.48,2026-10-06 16:33:57.939598
5348-CAGXB,12,Month-to-month,89.55,0.5923,Medium,1,53.04,2380.93,1410.17,2026-10-06 16:33:57.939598
0621-HJWXJ,63,Month-to-month,81.55,0.2013,Low,1,16.42,2168.23,436.46,2026-10-06 16:33:57.939598
5844-QVTAT,33,One year,58.45,0.0486,Low,0,2.84,1554.05,75.47,2026-10-06 16:33:57.939598
8905-IAZPF,69,One year,95.65,0.1364,Low,1,13.05,2543.12,347.0,2026-10-06 16:33:57.939598
5394-MEITZ,60,Two year,80.6,0.0195,Low,0,1.57,2142.97,41.81,2026-10-06 16:33:57.939598
6859-QNXIQ,72,Two year,113.1,0.0163,Low,0,1.85,3007.07,49.14,2026-10-06 16:33:57.939598
2782-LFZVW,11,Month-to-month,58.95,0.2564,Low,1,15.12,1567.35,401.88,2026-10-06 16:33:57.939598
2866-IKBTM,1,Month-to-month,19.55,0.3552,Medium,1,6.94,519.79,184.64,2026-10-06 16:33:57.939598
7129-AZJDE,34,One year,78.95,0.2013,Low,1,15.89,2099.1,422.55,2026-10-06 16:33:57.939598
2560-PPCHE,65,One year,105.05,0.1364,Low,1,14.33,2793.04,381.1,2026-10-06 16:33:57.939598
4676-MQUEA,50,One year,101.9,0.2013,Low,1,20.51,2709.29,545.38,2026-10-06 16:33:57.939598
8138-EALND,15,Month-to-month,19.75,0.0877,Low,1,1.73,525.11,46.06,2026-10-06 16:33:57.939598
3580-HYCSP,72,Two year,110.3,0.0195,Low,0,2.15,2932.63,57.22,2026-10-06 16:33:57.939598
1352-HNSAW,72,Two year,115.6,0.0163,Low,0,1.89,3073.54,50.22,2026-10-06 16:33:57.939598
2075-PUEPR,55,Two year,19.35,0.0195,Low,0,0.38,514.47,10.04,2026-10-06 16:33:57.939598
1982-FEBTD,23,Two year,25.6,0.0195,Low,0,0.5,680.65,13.28,2026-10-06 16:33:57.939598
5791-KAJFD,56,One year,68.75,0.0877,Low,1,6.03,1827.91,160.34,2026-10-06 16:33:57.939598
2654-VBVPB,1,Month-to-month,19.9,0.3789,Medium,1,7.54,529.1,200.48,2026-10-06 16:33:57.939598
1154-HYWWO,38,One year,70.6,0.0486,Low,0,3.43,1877.09,91.16,2026-10-06 16:33:57.939598
2501-XWWTZ,11,Month-to-month,70.2,0.3789,Medium,1,26.6,1866.46,707.21,2026-10-06 16:33:57.939598
3716-UVSPD,1,Month-to-month,49.3,0.3789,Medium,1,18.68,1310.78,496.66,2026-10-06 16:33:57.939598
6815-ABQFQ,56,One year,107.25,0.3552,Medium,1,38.1,2851.54,1012.9,2026-10-06 16:33:57.939598
7343-EOBEU,3,Month-to-month,23.6,0.1364,Low,1,3.22,627.47,85.62,2026-10-06 16:33:57.939598
3701-SFMUH,7,Month-to-month,69.7,0.2328,Low,1,16.23,1853.17,431.42,2026-10-06 16:33:57.939598
6103-LIANB,59,Two year,99.5,0.1364,Low,1,13.58,2645.48,360.96,2026-10-06 16:33:57.939598
7319-VENRZ,7,Month-to-month,64.3,0.2564,Low,1,16.49,1709.59,438.36,2026-10-06 16:33:57.939598
5846-NEQVZ,71,Two year,70.85,0.0163,Low,0,1.16,1883.74,30.78,2026-10-06 16:33:57.939598
6967-QIQRV,15,One year,101.9,0.2013,Low,1,20.51,2709.29,545.38,2026-10-06 16:33:57.939598
5781-RFZRP,71,Two year,73.5,0.0195,Low,0,1.43,1954.2,38.13,2026-10-06 16:33:57.939598
0308-IVGOK,11,One year,40.4,0.1364,Low,1,5.51,1074.14,146.56,2026-10-06 16:33:57.939598
7293-LSCDV,60,Two year,19.25,0.0195,Low,0,0.38,511.81,9.99,2026-10-06 16:33:57.939598
7025-WCBNE,47,Two year,59.6,0.0486,Low,0,2.89,1584.63,76.96,2026-10-06 16:33:57.939598
5756-JYOJT,11,One year,64.9,0.0877,Low,1,5.69,1725.54,151.36,2026-10-06 16:33:57.939598
6030-REHUX,28,Month-to-month,110.85,0.464,Medium,1,51.43,2947.25,1367.52,2026-10-06 16:33:57.939598
9548-LIGTA,61,Two year,81.05,0.0163,Low,0,1.32,2154.94,35.21,2026-10-06 16:33:57.939598
5150-LJNSR,31,One year,98.05,0.1364,Low,1,13.38,2606.93,355.7,2026-10-06 16:33:57.939598
8270-RKSAP,9,Month-to-month,70.5,0.464,Medium,1,32.71,1874.44,869.74,2026-10-06 16:33:57.939598
6522-YRBXD,35,Month-to-month,94.55,0.3552,Medium,1,33.59,2513.87,892.96,2026-10-06 16:33:57.939598
2640-LYMOV,2,Month-to-month,19.65,0.2013,Low,1,3.96,522.45,105.17,2026-10-06 16:33:57.939598
1423-BMPBQ,1,Month-to-month,19.0,0.2564,Low,1,4.87,505.17,129.53,2026-10-06 16:33:57.939598
2393-DIVAI,3,Month-to-month,20.0,0.1364,Low,1,2.73,531.75,72.56,2026-10-06 16:33:57.939598
4568-KNYWR,52,Two year,63.25,0.0486,Low,0,3.07,1681.67,81.67,2026-10-06 16:33:57.939598
8752-IMQOS,5,One year,20.1,0.0486,Low,0,0.98,534.41,25.95,2026-10-06 16:33:57.939598
0742-LAFQK,72,Two year,99.15,0.0486,Low,0,4.82,2636.17,128.03,2026-10-06 16:33:57.939598
0795-LAFGP,71,Two year,90.4,0.0195,Low,0,1.76,2403.53,46.9,2026-10-06 16:33:57.939598
0619-OLYUR,72,Two year,111.9,0.0486,Low,0,5.43,2975.17,144.49,2026-10-06 16:33:57.939598
5512-IDZEI,46,One year,24.9,0.0195,Low,0,0.49,662.03,12.92,2026-10-06 16:33:57.939598
0459-SPZHJ,63,Two year,83.5,0.0195,Low,0,1.63,2220.08,43.32,2026-10-06 16:33:57.939598
0215-BQKGS,30,Month-to-month,84.3,0.2564,Low,1,21.62,2241.35,574.7,2026-10-06 16:33:57.939598
9244-ZVAPM,1,Month-to-month,45.6,0.5103,Medium,1,23.27,1212.4,618.74,2026-10-06 16:33:57.939598
8208-EUMTE,16,Two year,54.85,0.0195,Low,0,1.07,1458.34,28.46,2026-10-06 16:33:57.939598
5172-MIGPM,4,Month-to-month,65.55,0.314,Medium,1,20.59,1742.83,547.33,2026-10-06 16:33:57.939598
1710-RCXUS,51,One year,90.35,0.2564,Low,1,23.17,2402.2,615.95,2026-10-06 16:33:57.939598
0374-FIUCA,65,Two year,20.4,0.0085,Low,0,0.17,542.39,4.62,2026-10-06 16:33:57.939598
5839-SUYVZ,16,Month-to-month,74.55,0.3552,Medium,1,26.48,1982.12,704.07,2026-10-06 16:33:57.939598
5173-ZXXXL,2,One year,19.95,0.0486,Low,0,0.97,530.43,25.76,2026-10-06 16:33:57.939598
1096-ADRUX,66,One year,74.25,0.1364,Low,1,10.13,1974.14,269.36,2026-10-06 16:33:57.939598
2001-MCUUW,46,Two year,108.65,0.2328,Low,1,25.29,2888.76,672.52,2026-10-06 16:33:57.939598
2731-GJRDG,32,One year,109.55,0.2013,Low,1,22.05,2912.69,586.32,2026-10-06 16:33:57.939598
4723-BEGSG,72,Two year,86.65,0.0163,Low,0,1.42,2303.83,37.64,2026-10-06 16:33:57.939598
6516-NKQBO,38,Two year,81.0,0.0486,Low,0,3.93,2153.61,104.59,2026-10-06 16:33:57.939598
8672-OAUPW,51,One year,47.85,0.0486,Low,0,2.32,1272.22,61.79,2026-10-06 16:33:57.939598
8207-DMRVL,72,Two year,114.55,0.0163,Low,0,1.87,3045.63,49.77,2026-10-06 16:33:57.939598
2804-ETQDK,66,Two year,20.55,0.0163,Low,0,0.34,546.38,8.93,2026-10-06 16:33:57.939598
6689-VRRTK,44,One year,109.8,0.2564,Low,1,28.15,2919.33,748.55,2026-10-06 16:33:57.939598
7138-GIRSH,50,Two year,69.5,0.0195,Low,0,1.36,1847.85,36.06,2026-10-06 16:33:57.939598
9396-ZSFLL,15,Month-to-month,48.85,0.2328,Low,1,11.37,1298.81,302.37,2026-10-06 16:33:57.939598
6464-KEXXH,8,Month-to-month,25.25,0.3552,Medium,1,8.97,671.34,238.47,2026-10-06 16:33:57.939598
7134-MJPDY,66,One year,102.85,0.314,Medium,1,32.3,2734.55,858.78,2026-10-06 16:33:57.939598
5240-CAOYT,57,Month-to-month,87.55,0.1348,Low,1,11.8,2327.76,313.85,2026-10-06 16:33:57.939598
4059-IIEBK,7,Month-to-month,78.55,0.6392,High,1,50.21,2088.47,1334.9,2026-10-06 16:33:57.939598
4881-JVQOD,10,Month-to-month,34.55,0.464,Medium,1,16.03,918.61,426.23,2026-10-06 16:33:57.939598
0516-UXRMT,62,One year,92.05,0.0877,Low,1,8.07,2447.4,214.68,2026-10-06 16:33:57.939598
4851-BQDNX,40,One year,85.05,0.1364,Low,1,11.6,2261.29,308.54,2026-10-06 16:33:57.939598
5148-HKFIR,20,Two year,19.7,0.0163,Low,0,0.32,523.78,8.56,2026-10-06 16:33:57.939598
3003-CMDUU,25,Month-to-month,95.15,0.5103,Medium,1,48.56,2529.82,1291.08,2026-10-06 16:33:57.939598
5016-IBERQ,23,Month-to-month,84.25,0.464,Medium,1,39.09,2240.02,1039.37,2026-10-06 16:33:57.939598
6797-UCJHZ,66,One year,104.6,0.2013,Low,1,21.06,2781.08,559.83,2026-10-06 16:33:57.939598
2469-DTSGX,72,Two year,111.65,0.0486,Low,0,5.42,2968.52,144.17,2026-10-06 16:33:57.939598
9931-KGHOA,46,Month-to-month,55.0,0.1364,Low,1,7.5,1462.33,199.53,2026-10-06 16:33:57.939598
1775-KWJKQ,72,Two year,89.85,0.0085,Low,0,0.76,2388.91,20.33,2026-10-06 16:33:57.939598
7665-VIGUD,10,One year,20.35,0.0486,Low,0,0.99,541.06,26.28,2026-10-06 16:33:57.939598
9411-TPQQV,40,One year,54.55,0.0486,Low,0,2.65,1450.36,70.44,2026-10-06 16:33:57.939598
7954-MLBUN,31,Two year,99.45,0.0877,Low,1,8.72,2644.15,231.94,2026-10-06 16:33:57.939598
2077-DDHJK,68,Two year,70.9,0.0195,Low,0,1.38,1885.07,36.78,2026-10-06 16:33:57.939598
9574-BOSMD,68,Two year,25.4,0.0195,Low,0,0.5,675.33,13.18,2026-10-06 16:33:57.939598
4908-XAXAY,49,One year,89.85,0.1364,Low,1,12.26,2388.91,325.96,2026-10-06 16:33:57.939598
8404-VLQFB,15,Month-to-month,25.25,0.1348,Low,1,3.4,671.34,90.52,2026-10-06 16:33:57.939598
2391-IPLOP,50,One year,69.65,0.0486,Low,0,3.38,1851.84,89.93,2026-10-06 16:33:57.939598
3509-GWQGF,24,Month-to-month,70.0,0.2013,Low,1,14.09,1861.14,374.65,2026-10-06 16:33:57.939598
5845-BZZIB,35,Two year,20.1,0.0085,Low,0,0.17,534.41,4.55,2026-10-06 16:33:57.939598
1140-UKVZG,17,Month-to-month,24.8,0.0877,Low,1,2.18,659.38,57.84,2026-10-06 16:33:57.939598
5183-SNMJQ,10,Month-to-month,95.1,0.5923,Medium,1,56.33,2528.49,1497.56,2026-10-06 16:33:57.939598
8100-PNJMH,68,Two year,88.85,0.0195,Low,0,1.73,2362.32,46.09,2026-10-06 16:33:57.939598
7838-LAZFO,45,One year,78.8,0.1348,Low,1,10.62,2095.11,282.49,2026-10-06 16:33:57.939598
2085-JVGAD,37,Month-to-month,20.35,0.0486,Low,0,0.99,541.06,26.28,2026-10-06 16:33:57.939598
8095-WANWK,10,Month-to-month,45.25,0.1364,Low,1,6.17,1203.1,164.16,2026-10-06 16:33:57.939598
3030-ZKIWL,1,Month-to-month,20.05,0.3789,Medium,1,7.6,533.08,201.99,2026-10-06 16:33:57.939598
9565-FLVCG,65,Two year,69.55,0.0195,Low,0,1.36,1849.18,36.08,2026-10-06 16:33:57.939598
8755-OGKNA,57,Two year,19.5,0.0195,Low,0,0.38,518.46,10.12,2026-10-06 16:33:57.939598
2800-VEQXM,3,Month-to-month,74.75,0.5566,Medium,1,41.61,1987.43,1106.21,2026-10-06 16:33:57.939598
5533-RJFTJ,49,Month-to-month,30.2,0.2328,Low,1,7.03,802.95,186.93,2026-10-06 16:33:57.939598
0214-JHPFW,70,Two year,57.8,0.0195,Low,0,1.13,1536.77,29.99,2026-10-06 16:33:57.939598
5642-MHDQT,53,One year,19.85,0.0195,Low,0,0.39,527.77,10.3,2026-10-06 16:33:57.939598
3088-FVYWK,53,Two year,25.55,0.0163,Low,0,0.42,679.32,11.1,2026-10-06 16:33:57.939598
9092-GDZKO,22,Month-to-month,24.85,0.1364,Low,1,3.39,660.71,90.15,2026-10-06 16:33:57.939598
3729-OWRVL,65,Two year,110.35,0.1364,Low,1,15.06,2933.96,400.32,2026-10-06 16:33:57.939598
2324-AALNO,48,One year,24.55,0.0195,Low,0,0.48,652.73,12.74,2026-10-06 16:33:57.939598
5760-IFJOZ,3,Month-to-month,107.95,0.6,High,1,64.77,2870.15,1722.09,2026-10-06 16:33:57.939598
2826-UWHIS,45,Month-to-month,81.4,0.2564,Low,1,20.87,2164.24,554.93,2026-10-06 16:33:57.939598
7501-IWUNG,61,Two year,73.8,0.0195,Low,0,1.44,1962.18,38.29,2026-10-06 16:33:57.939598
4957-TREIR,3,Month-to-month,64.4,0.2328,Low,1,14.99,1712.25,398.62,2026-10-06 16:33:57.939598
7251-LJBQN,40,One year,103.75,0.3789,Medium,1,39.31,2758.48,1045.2,2026-10-06 16:33:57.939598
8040-MNRTF,1,Month-to-month,71.1,0.6491,High,1,46.15,1890.39,1227.09,2026-10-06 16:33:57.939598
1536-HBSWP,1,Month-to-month,49.9,0.3789,Medium,1,18.91,1326.73,502.71,2026-10-06 16:33:57.939598
5313-FPXWG,51,One year,24.6,0.0195,Low,0,0.48,654.06,12.76,2026-10-06 16:33:57.939598
0946-FKYTX,52,One year,30.1,0.0486,Low,0,1.46,800.29,38.87,2026-10-06 16:33:57.939598
5076-YVXCM,51,Month-to-month,83.4,0.2564,Low,1,21.38,2217.42,568.57,2026-10-06 16:33:57.939598
8262-COGGB,1,Month-to-month,20.45,0.3552,Medium,1,7.26,543.72,193.14,2026-10-06 16:33:57.939598
6663-JOCQO,31,One year,75.25,0.1348,Low,1,10.15,2000.73,269.76,2026-10-06 16:33:57.939598
9620-QJREV,47,One year,20.55,0.0163,Low,0,0.34,546.38,8.93,2026-10-06 16:33:57.939598
2682-KEVRP,22,One year,20.05,0.0195,Low,0,0.39,533.08,10.4,2026-10-06 16:33:57.939598
2480-JZOSN,1,Month-to-month,20.65,0.3789,Medium,1,7.82,549.04,208.03,2026-10-06 16:33:57.939598
0078-XZMHT,72,Two year,85.15,0.0195,Low,0,1.66,2263.95,44.17,2026-10-06 16:33:57.939598
9978-HYCIN,47,One year,84.95,0.1364,Low,1,11.59,2258.63,308.18,2026-10-06 16:33:57.939598
8338-QIUNR,72,Two year,66.5,0.0,Low,0,0.0,1768.08,0.0,2026-10-06 16:33:57.939598
1525-LNLOJ,66,Two year,63.3,0.0486,Low,0,3.07,1683.0,81.74,2026-10-06 16:33:57.939598
9450-TRJUU,35,Month-to-month,83.15,0.4348,Medium,1,36.15,2210.77,961.2,2026-10-06 16:33:57.939598
1766-GKNMI,29,Month-to-month,84.9,0.5923,Medium,1,50.28,2257.3,1336.94,2026-10-06 16:33:57.939598
6942-LBFDP,2,Month-to-month,20.55,0.1364,Low,1,2.8,546.38,74.55,2026-10-06 16:33:57.939598
1456-TWCGB,4,Month-to-month,49.25,0.314,Medium,1,15.47,1309.45,411.23,2026-10-06 16:33:57.939598
7596-ZYWBB,65,Two year,59.6,0.0085,Low,0,0.51,1584.63,13.49,2026-10-06 16:33:57.939598
8329-UTMVM,27,One year,104.65,0.314,Medium,1,32.87,2782.41,873.81,2026-10-06 16:33:57.939598
3014-WJKSM,29,Month-to-month,75.3,0.314,Medium,1,23.65,2002.06,628.75,2026-10-06 16:33:57.939598
3347-YJZZE,29,Month-to-month,80.1,0.1364,Low,1,10.93,2129.68,290.58,2026-10-06 16:33:57.939598
7929-DMBCV,20,Month-to-month,81.0,0.2564,Low,1,20.77,2153.61,552.21,2026-10-06 16:33:57.939598
9661-JALZV,58,Two year,24.7,0.0163,Low,0,0.4,656.72,10.73,2026-10-06 16:33:57.939598
5433-KYGHE,14,Month-to-month,86.0,0.3552,Medium,1,30.55,2286.55,812.21,2026-10-06 16:33:57.939598
4312-KFRXN,72,Two year,25.4,0.0085,Low,0,0.22,675.33,5.75,2026-10-06 16:33:57.939598
5575-TPIZQ,46,Month-to-month,89.15,0.2564,Low,1,22.86,2370.3,607.77,2026-10-06 16:33:57.939598
0114-IGABW,71,Two year,58.25,0.0195,Low,0,1.14,1548.74,30.22,2026-10-06 16:33:57.939598
9944-AEXBM,32,Month-to-month,85.65,0.3789,Medium,1,32.45,2277.24,862.86,2026-10-06 16:33:57.939598
1853-ARAAQ,26,Month-to-month,50.35,0.2328,Low,1,11.72,1338.69,311.65,2026-10-06 16:33:57.939598
6952-OMNWB,68,Month-to-month,80.35,0.3552,Medium,1,28.54,2136.33,758.85,2026-10-06 16:33:57.939598
4697-LUPSU,2,One year,20.2,0.0486,Low,0,0.98,537.07,26.08,2026-10-06 16:33:57.939598
8434-VGEQQ,61,Two year,20.55,0.0085,Low,0,0.17,546.38,4.65,2026-10-06 16:33:57.939598
6549-YMFAW,9,Month-to-month,21.25,0.1348,Low,1,2.87,564.99,76.18,2026-10-06 16:33:57.939598
4950-HKQTE,22,Two year,26.25,0.0195,Low,0,0.51,697.93,13.62,2026-10-06 16:33:57.939598
6786-OBWQR,5,Month-to-month,80.85,0.6395,High,1,51.71,2149.62,1374.76,2026-10-06 16:33:57.939598
2753-JMMCV,65,Two year,74.2,0.0486,Low,0,3.6,1972.81,95.81,2026-10-06 16:33:57.939598
6621-YOBKI,5,Month-to-month,20.35,0.1348,Low,1,2.74,541.06,72.95,2026-10-06 16:33:57.939598
1216-JWVUX,25,Month-to-month,75.5,0.3789,Medium,1,28.61,2007.37,760.61,2026-10-06 16:33:57.939598
7564-GHCVB,72,Two year,79.05,0.0163,Low,0,1.29,2101.76,34.34,2026-10-06 16:33:57.939598
1173-NOEYG,27,Month-to-month,90.15,0.3552,Medium,1,32.02,2396.88,851.4,2026-10-06 16:33:57.939598
7595-EHCDL,32,Month-to-month,50.6,0.1364,Low,1,6.9,1345.34,183.57,2026-10-06 16:33:57.939598
6647-ZEDXT,30,One year,110.45,0.1364,Low,1,15.07,2936.62,400.69,2026-10-06 16:33:57.939598
2521-NPUZR,70,Two year,101.0,0.0486,Low,0,4.91,2685.36,130.41,2026-10-06 16:33:57.939598
1307-TVUFB,42,Month-to-month,79.35,0.3552,Medium,1,28.19,2109.74,749.4,2026-10-06 16:33:57.939598
7503-MIOGA,72,Two year,89.85,0.0085,Low,0,0.76,2388.91,20.33,2026-10-06 16:33:57.939598
4381-MHQDC,47,Two year,65.0,0.0163,Low,0,1.06,1728.2,28.24,2026-10-06 16:33:57.939598
6923-JHPMP,2,Month-to-month,80.45,0.5566,Medium,1,44.78,2138.98,1190.57,2026-10-06 16:33:57.939598
4018-PPNDW,61,Two year,24.1,0.0085,Low,0,0.21,640.76,5.45,2026-10-06 16:33:57.939598
1635-FJFCC,5,Month-to-month,44.05,0.3789,Medium,1,16.69,1171.19,443.77,2026-10-06 16:33:57.939598
2499-AJYUA,72,Two year,110.8,0.0486,Low,0,5.38,2945.92,143.07,2026-10-06 16:33:57.939598
6919-ELBGL,72,Two year,114.95,0.0195,Low,0,2.24,3056.26,59.63,2026-10-06 16:33:57.939598
3966-HRMZA,3,Month-to-month,75.05,0.5103,Medium,1,38.3,1995.41,1018.35,2026-10-06 16:33:57.939598
6425-JWTDV,48,Two year,19.25,0.0141,Low,0,0.27,511.81,7.21,2026-10-06 16:33:57.939598
8405-IGQFX,63,One year,90.05,0.0195,Low,0,1.76,2394.23,46.72,2026-10-06 16:33:57.939598
8224-IVVPA,27,Month-to-month,56.7,0.0877,Low,1,4.97,1507.52,132.24,2026-10-06 16:33:57.939598
9477-LGWQI,70,Two year,80.15,0.0486,Low,0,3.89,2131.01,103.49,2026-10-06 16:33:57.939598
1410-RSCMR,7,Month-to-month,71.35,0.2013,Low,1,14.36,1897.04,381.87,2026-10-06 16:33:57.939598
3115-CZMZD,0,Two year,20.25,0.0195,Low,0,0.4,538.4,10.51,2026-10-06 16:33:57.939598
0139-IVFJG,2,Month-to-month,90.35,0.5758,Medium,1,52.02,2402.2,1383.09,2026-10-06 16:33:57.939598
5730-DBDSI,66,Two year,19.7,0.0195,Low,0,0.38,523.78,10.22,2026-10-06 16:33:57.939598
0030-FNXPP,3,Month-to-month,19.85,0.1364,Low,1,2.71,527.77,72.01,2026-10-06 16:33:57.939598
5684-FJVYR,72,Two year,90.35,0.0,Low,0,0.0,2402.2,0.0,2026-10-06 16:33:57.939598
4013-GUXND,1,Month-to-month,20.8,0.3552,Medium,1,7.39,553.03,196.44,2026-10-06 16:33:57.939598
1266-NZYUI,72,Two year,66.85,0.0,Low,0,0.0,1777.39,0.0,2026-10-06 16:33:57.939598
7969-FFOWG,65,Two year,19.9,0.0163,Low,0,0.33,529.1,8.65,2026-10-06 16:33:57.939598
4718-DHSMV,11,Month-to-month,35.8,0.3789,Medium,1,13.56,951.84,360.66,2026-10-06 16:33:57.939598
5175-WLYXL,22,Month-to-month,78.85,0.3552,Medium,1,28.01,2096.44,744.68,2026-10-06 16:33:57.939598
7817-OMJNA,14,One year,20.4,0.0486,Low,0,0.99,542.39,26.34,2026-10-06 16:33:57.939598
8728-SKJLR,41,Month-to-month,74.25,0.464,Medium,1,34.45,1974.14,916.0,2026-10-06 16:33:57.939598
3137-NYQQI,17,One year,64.8,0.0877,Low,1,5.68,1722.89,151.13,2026-10-06 16:33:57.939598
7706-DZNKK,11,Month-to-month,20.45,0.0877,Low,1,1.79,543.72,47.69,2026-10-06 16:33:57.939598
8823-RLPWL,72,Two year,110.65,0.0195,Low,0,2.16,2941.93,57.4,2026-10-06 16:33:57.939598
9505-SQFSW,3,Month-to-month,40.3,0.3789,Medium,1,15.27,1071.49,405.99,2026-10-06 16:33:57.939598
3758-CKOQL,59,One year,107.0,0.1364,Low,1,14.6,2844.89,388.17,2026-10-06 16:33:57.939598
5676-CFLYY,71,Two year,73.35,0.0195,Low,0,1.43,1950.21,38.05,2026-10-06 16:33:57.939598
7521-AFHAB,5,Month-to-month,44.8,0.2564,Low,1,11.49,1191.13,305.42,2026-10-06 16:33:57.939598
0285-INHLN,27,Month-to-month,54.75,0.1348,Low,1,7.38,1455.68,196.27,2026-10-06 16:33:57.939598
5125-CNDSP,63,One year,40.6,0.0195,Low,0,0.79,1079.46,21.06,2026-10-06 16:33:57.939598
4992-LTJNE,72,Two year,55.3,0.0163,Low,0,0.9,1470.3,24.02,2026-10-06 16:33:57.939598
2202-OUTMO,34,Month-to-month,60.85,0.0877,Low,1,5.34,1617.86,141.92,2026-10-06 16:33:57.939598
0810-BDHAW,24,One year,78.4,0.1348,Low,1,10.57,2084.48,281.05,2026-10-06 16:33:57.939598
0229-LFJAF,72,Two year,69.65,0.0,Low,0,0.0,1851.84,0.0,2026-10-06 16:33:57.939598
7131-ZQZNK,60,Two year,59.85,0.0195,Low,0,1.17,1591.28,31.05,2026-10-06 16:33:57.939598
3442-ZHHCC,68,One year,76.9,0.1348,Low,1,10.37,2044.6,275.68,2026-10-06 16:33:57.939598
5726-CVNYA,8,Two year,19.85,0.0195,Low,0,0.39,527.77,10.3,2026-10-06 16:33:57.939598
9871-ELEYA,34,Two year,67.65,0.0195,Low,0,1.32,1798.66,35.1,2026-10-06 16:33:57.939598
4257-GAESD,6,Month-to-month,45.0,0.2564,Low,1,11.54,1196.45,306.78,2026-10-06 16:33:57.939598
5173-WXOQV,2,Month-to-month,64.2,0.2564,Low,1,16.46,1706.93,437.68,2026-10-06 16:33:57.939598
2040-OBMLJ,31,One year,81.7,0.1364,Low,1,11.15,2172.22,296.39,2026-10-06 16:33:57.939598
6286-ZHAOK,20,Month-to-month,25.55,0.1364,Low,1,3.49,679.32,92.69,2026-10-06 16:33:57.939598
3807-XHCJH,1,Month-to-month,20.0,0.3789,Medium,1,7.58,531.75,201.49,2026-10-06 16:33:57.939598
5671-RQRLP,70,Two year,75.65,0.1348,Low,1,10.2,2011.36,271.19,2026-10-06 16:33:57.939598
8859-AXJZP,39,Two year,23.8,0.0163,Low,0,0.39,632.79,10.34,2026-10-06 16:33:57.939598
3174-AKMAS,46,Two year,64.2,0.0195,Low,0,1.25,1706.93,33.31,2026-10-06 16:33:57.939598
9926-PJHDQ,72,Two year,76.8,0.0195,Low,0,1.5,2041.94,39.84,2026-10-06 16:33:57.939598
7382-DFJTU,18,Month-to-month,55.2,0.1364,Low,1,7.53,1467.64,200.25,2026-10-06 16:33:57.939598
2798-NYLMZ,71,Two year,108.55,0.1364,Low,1,14.81,2886.1,393.79,2026-10-06 16:33:57.939598
8098-TDCBU,42,Two year,25.25,0.0195,Low,0,0.49,671.34,13.1,2026-10-06 16:33:57.939598
3551-GAEGL,34,One year,30.4,0.0486,Low,0,1.48,808.27,39.25,2026-10-06 16:33:57.939598
4785-NKHCX,5,Month-to-month,20.05,0.1364,Low,1,2.74,533.08,72.74,2026-10-06 16:33:57.939598
3196-NVXLZ,25,Month-to-month,84.6,0.3552,Medium,1,30.05,2249.32,798.99,2026-10-06 16:33:57.939598
0036-IHMOT,55,One year,103.7,0.2013,Low,1,20.87,2757.15,555.01,2026-10-06 16:33:57.939598
4178-EGMON,70,Two year,88.0,0.0195,Low,0,1.72,2339.72,45.65,2026-10-06 16:33:57.939598
4220-TINQT,61,Month-to-month,106.35,0.3789,Medium,1,40.3,2827.61,1071.4,2026-10-06 16:33:57.939598
5318-YKDPV,43,Two year,79.15,0.0195,Low,0,1.54,2104.42,41.06,2026-10-06 16:33:57.939598
7975-TZMLR,47,One year,103.1,0.3789,Medium,1,39.07,2741.2,1038.66,2026-10-06 16:33:57.939598
0295-QVKPB,5,Month-to-month,63.95,0.3552,Medium,1,22.72,1700.29,603.96,2026-10-06 16:33:57.939598
4335-BSMJS,62,Two year,25.8,0.0085,Low,0,0.22,685.96,5.84,2026-10-06 16:33:57.939598
9146-JRIOX,14,Month-to-month,25.55,0.1348,Low,1,3.44,679.32,91.59,2026-10-06 16:33:57.939598
5337-IIWKZ,34,Month-to-month,44.85,0.1364,Low,1,6.12,1192.46,162.71,2026-10-06 16:33:57.939598
9650-VBUOG,38,Two year,25.05,0.0195,Low,0,0.49,666.02,13.0,2026-10-06 16:33:57.939598
3487-EARAT,70,One year,74.1,0.0877,Low,1,6.5,1970.15,172.82,2026-10-06 16:33:57.939598
2672-TGEFF,37,Month-to-month,88.8,0.5103,Medium,1,45.32,2360.99,1204.92,2026-10-06 16:33:57.939598
4250-WAROZ,60,Month-to-month,93.25,0.2013,Low,1,18.77,2479.31,499.08,2026-10-06 16:33:57.939598
8184-WMOFI,62,One year,71.4,0.0486,Low,0,3.47,1898.36,92.19,2026-10-06 16:33:57.939598
6092-QZVPP,36,Month-to-month,79.2,0.1364,Low,1,10.81,2105.75,287.32,2026-10-06 16:33:57.939598
4625-LAMOB,44,Two year,20.4,0.0085,Low,0,0.17,542.39,4.62,2026-10-06 16:33:57.939598
0392-BZIUW,72,Two year,105.0,0.0486,Low,0,5.1,2791.71,135.58,2026-10-06 16:33:57.939598
6549-NNDYT,13,Month-to-month,30.85,0.314,Medium,1,9.69,820.23,257.59,2026-10-06 16:33:57.939598
0422-OHQHQ,15,One year,20.55,0.0486,Low,0,1.0,546.38,26.53,2026-10-06 16:33:57.939598
6916-HIJSE,65,Two year,84.85,0.0195,Low,0,1.66,2255.97,44.02,2026-10-06 16:33:57.939598
2316-ESMLS,12,One year,33.15,0.0877,Low,1,2.91,881.38,77.31,2026-10-06 16:33:57.939598
9778-OGKQZ,72,Two year,92.0,0.0085,Low,0,0.78,2446.07,20.82,2026-10-06 16:33:57.939598
7408-OFWXJ,72,Two year,89.8,0.0,Low,0,0.0,2387.58,0.0,2026-10-06 16:33:57.939598
6007-TCTST,72,Two year,115.8,0.0195,Low,0,2.26,3078.86,60.08,2026-10-06 16:33:57.939598
2252-NKNSI,52,Two year,85.15,0.0195,Low,0,1.66,2263.95,44.17,2026-10-06 16:33:57.939598
8713-IGZSO,2,Month-to-month,24.85,0.2328,Low,1,5.79,660.71,153.82,2026-10-06 16:33:57.939598
7905-TVXTA,5,Month-to-month,64.35,0.2328,Low,1,14.98,1710.92,398.31,2026-10-06 16:33:57.939598
7695-PKLCZ,68,Two year,20.5,0.0085,Low,0,0.17,545.05,4.64,2026-10-06 16:33:57.939598
8374-UULRV,72,Two year,86.05,0.0163,Low,0,1.41,2287.88,37.38,2026-10-06 16:33:57.939598
3224-DFQNQ,66,One year,89.0,0.0486,Low,0,4.32,2366.31,114.92,2026-10-06 16:33:57.939598
5275-PMFUT,72,Two year,64.8,0.0085,Low,0,0.55,1722.89,14.66,2026-10-06 16:33:57.939598
4795-UXVCJ,26,One year,19.8,0.0195,Low,0,0.39,526.44,10.27,2026-10-06 16:33:57.939598
9777-IQHWP,64,Two year,93.4,0.0195,Low,0,1.82,2483.3,48.45,2026-10-06 16:33:57.939598
0979-MOZQI,62,Two year,39.0,0.0486,Low,0,1.89,1036.92,50.36,2026-10-06 16:33:57.939598
2732-ISEZX,5,Month-to-month,20.5,0.1364,Low,1,2.8,545.05,74.37,2026-10-06 16:33:57.939598
0323-XWWTN,3,Two year,26.4,0.0195,Low,0,0.52,701.92,13.7,2026-10-06 16:33:57.939598
1937-OTUKY,72,Two year,98.2,0.0163,Low,0,1.6,2610.92,42.66,2026-10-06 16:33:57.939598
1573-LGXBA,57,One year,97.55,0.1364,Low,1,13.31,2593.63,353.89,2026-10-06 16:33:57.939598
1764-VUUMT,66,Two year,19.95,0.0195,Low,0,0.39,530.43,10.35,2026-10-06 16:33:57.939598
4713-ZBURT,45,Two year,99.7,0.1364,Low,1,13.6,2650.8,361.69,2026-10-06 16:33:57.939598
3050-GBUSH,3,Month-to-month,34.8,0.5103,Medium,1,17.76,925.25,472.2,2026-10-06 16:33:57.939598
7876-AEHIG,51,One year,60.15,0.0877,Low,1,5.28,1599.25,140.29,2026-10-06 16:33:57.939598
7945-HLKEA,60,One year,64.75,0.0486,Low,0,3.14,1721.56,83.61,2026-10-06 16:33:57.939598
9342-VNIMQ,33,Month-to-month,54.65,0.1364,Low,1,7.46,1453.02,198.26,2026-10-06 16:33:57.939598
3523-BRGUW,26,One year,19.3,0.0195,Low,0,0.38,513.14,10.01,2026-10-06 16:33:57.939598
3199-NPKCN,67,One year,111.25,0.2013,Low,1,22.39,2957.89,595.42,2026-10-06 16:33:57.939598
5170-PTRKA,49,One year,35.8,0.0486,Low,0,1.74,951.84,46.23,2026-10-06 16:33:57.939598
4661-NJEUX,1,Month-to-month,20.05,0.5103,Medium,1,10.23,533.08,272.06,2026-10-06 16:33:57.939598
2123-AGEEN,7,Month-to-month,84.35,0.6491,High,1,54.75,2242.68,1455.77,2026-10-06 16:33:57.939598
1258-YMZNM,27,One year,110.5,0.314,Medium,1,34.7,2937.95,922.66,2026-10-06 16:33:57.939598
0048-LUMLS,37,One year,91.2,0.1364,Low,1,12.44,2424.8,330.85,2026-10-06 16:33:57.939598
5898-IGSLP,31,Month-to-month,89.3,0.2328,Low,1,20.79,2374.29,552.74,2026-10-06 16:33:57.939598
6259-WJQLC,32,Month-to-month,81.1,0.464,Medium,1,37.63,2156.27,1000.51,2026-10-06 16:33:57.939598
7997-EASSD,63,One year,81.2,0.0486,Low,0,3.94,2158.92,104.85,2026-10-06 16:33:57.939598
0730-KOAVE,30,Month-to-month,94.3,0.2564,Low,1,24.18,2507.22,642.88,2026-10-06 16:33:57.939598
8975-SKGRX,71,Two year,116.1,0.0486,Low,0,5.64,3086.84,149.91,2026-10-06 16:33:57.939598
0678-RLHVP,53,Two year,105.55,0.2328,Low,1,24.57,2806.34,653.33,2026-10-06 16:33:57.939598
2267-FPIMA,50,Month-to-month,94.4,0.314,Medium,1,29.65,2509.88,788.23,2026-10-06 16:33:57.939598
1051-GEJLJ,2,Month-to-month,19.5,0.1364,Low,1,2.66,518.46,70.74,2026-10-06 16:33:57.939598
5285-MVEHD,56,One year,105.6,0.2328,Low,1,24.58,2807.67,653.64,2026-10-06 16:33:57.939598
0379-DJQHR,67,Two year,81.35,0.0877,Low,1,7.14,2162.91,189.73,2026-10-06 16:33:57.939598
5543-QDCRY,4,Month-to-month,56.4,0.464,Medium,1,26.17,1499.55,695.79,2026-10-06 16:33:57.939598
0297-RBCSG,19,One year,65.35,0.1348,Low,1,8.81,1737.51,234.27,2026-10-06 16:33:57.939598
4694-PHWFW,8,Month-to-month,19.95,0.0877,Low,1,1.75,530.43,46.53,2026-10-06 16:33:57.939598
0835-JKADZ,71,Two year,111.25,0.0877,Low,1,9.76,2957.89,259.46,2026-10-06 16:33:57.939598
7508-SMHXL,15,Month-to-month,89.0,0.3552,Medium,1,31.61,2366.31,840.54,2026-10-06 16:33:57.939598
3865-YIOTT,72,One year,106.1,0.1364,Low,1,14.48,2820.96,384.91,2026-10-06 16:33:57.939598
5993-BQHEA,12,One year,20.05,0.0486,Low,0,0.97,533.08,25.89,2026-10-06 16:33:57.939598
6024-RUGGH,72,Two year,25.2,0.0,Low,0,0.0,670.01,0.0,2026-10-06 16:33:57.939598
3956-CJUST,23,Month-to-month,75.4,0.2564,Low,1,19.33,2004.72,514.03,2026-10-06 16:33:57.939598
4079-WWQQQ,72,Two year,65.55,0.0085,Low,0,0.56,1742.83,14.83,2026-10-06 16:33:57.939598
6103-BOCOU,26,Month-to-month,80.7,0.5103,Medium,1,41.18,2145.63,1095.01,2026-10-06 16:33:57.939598
5149-TGWDZ,21,One year,104.55,0.3552,Medium,1,37.14,2779.75,987.4,2026-10-06 16:33:57.939598
7471-WNSUF,60,One year,24.15,0.0195,Low,0,0.47,642.09,12.53,2026-10-06 16:33:57.939598
8942-DBMHZ,12,Month-to-month,20.45,0.0486,Low,0,0.99,543.72,26.41,2026-10-06 16:33:57.939598
4301-VVZKA,16,Month-to-month,75.4,0.5923,Medium,1,44.66,2004.72,1187.34,2026-10-06 16:33:57.939598
9199-PWQVC,63,One year,79.7,0.0877,Low,1,6.99,2119.04,185.88,2026-10-06 16:33:57.939598
4824-GUCBY,22,Month-to-month,81.7,0.314,Medium,1,25.66,2172.22,682.18,2026-10-06 16:33:57.939598
5393-HJZSM,32,Month-to-month,76.3,0.1348,Low,1,10.29,2028.64,273.53,2026-10-06 16:33:57.939598
0862-PRCBS,68,Two year,103.75,0.1348,Low,1,13.99,2758.48,371.93,2026-10-06 16:33:57.939598
8812-ZRHFP,30,One year,86.45,0.1364,Low,1,11.8,2298.51,313.62,2026-10-06 16:33:57.939598
5146-CBVOE,16,Month-to-month,75.1,0.314,Medium,1,23.59,1996.74,627.08,2026-10-06 16:33:57.939598
0454-OKRCT,33,Two year,80.6,0.0486,Low,0,3.91,2142.97,104.07,2026-10-06 16:33:57.939598
5787-KXGIY,72,Two year,19.3,0.0085,Low,0,0.16,513.14,4.37,2026-10-06 16:33:57.939598
4198-VFOEA,12,One year,33.6,0.0877,Low,1,2.95,893.35,78.36,2026-10-06 16:33:57.939598
6630-UJZMY,4,Month-to-month,83.25,0.878,High,1,73.1,2213.43,1943.5,2026-10-06 16:33:57.939598
5709-LVOEQ,0,Two year,80.85,0.0877,Low,1,7.09,2149.62,188.56,2026-10-06 16:33:57.939598
2692-AQCPF,65,One year,108.05,0.1364,Low,1,14.74,2872.81,391.98,2026-10-06 16:33:57.939598
0347-UBKUZ,15,Month-to-month,19.9,0.0877,Low,1,1.75,529.1,46.41,2026-10-06 16:33:57.939598
0835-DUUIQ,24,One year,21.05,0.0195,Low,0,0.41,559.67,10.92,2026-10-06 16:33:57.939598
0811-GSDTP,13,Month-to-month,30.15,0.2564,Low,1,7.73,801.62,205.54,2026-10-06 16:33:57.939598
7567-ECMCM,24,Month-to-month,79.85,0.314,Medium,1,25.08,2123.03,666.74,2026-10-06 16:33:57.939598
6115-ZTBFQ,72,Two year,65.5,0.0085,Low,0,0.56,1741.5,14.82,2026-10-06 16:33:57.939598
6353-BRMMA,54,Month-to-month,104.1,0.314,Medium,1,32.69,2767.78,869.22,2026-10-06 16:33:57.939598
6231-WFGFH,4,Month-to-month,20.5,0.1364,Low,1,2.8,545.05,74.37,2026-10-06 16:33:57.939598
9904-EHEVJ,32,Month-to-month,91.35,0.3789,Medium,1,34.61,2428.79,920.28,2026-10-06 16:33:57.939598
6169-PPETC,35,Two year,20.5,0.0085,Low,0,0.17,545.05,4.64,2026-10-06 16:33:57.939598
8584-KMVXD,8,Month-to-month,75.6,0.3552,Medium,1,26.85,2010.03,713.99,2026-10-06 16:33:57.939598
8467-WYNSR,22,Month-to-month,55.1,0.1348,Low,1,7.43,1464.98,197.53,2026-10-06 16:33:57.939598
0851-DFJKB,15,Month-to-month,58.95,0.1364,Low,1,8.04,1567.35,213.86,2026-10-06 16:33:57.939598
5382-SOYZL,22,Month-to-month,95.1,0.6395,High,1,60.82,2528.49,1617.06,2026-10-06 16:33:57.939598
3261-CQXOL,71,Two year,25.45,0.0,Low,0,0.0,676.66,0.0,2026-10-06 16:33:57.939598
8388-FYNPZ,4,Month-to-month,56.75,0.2328,Low,1,13.21,1508.85,351.27,2026-10-06 16:33:57.939598
4002-BQWPQ,25,Month-to-month,81.75,0.1364,Low,1,11.15,2173.55,296.57,2026-10-06 16:33:57.939598
5651-YLPRD,32,Month-to-month,86.1,0.3789,Medium,1,32.62,2289.2,867.39,2026-10-06 16:33:57.939598
2826-DXLQO,7,Month-to-month,29.8,0.2328,Low,1,6.94,792.31,184.45,2026-10-06 16:33:57.939598
4378-BZYFP,17,One year,20.5,0.0486,Low,0,1.0,545.05,26.47,2026-10-06 16:33:57.939598
9489-UTFKA,8,Month-to-month,60.9,0.2013,Low,1,12.26,1619.19,325.94,2026-10-06 16:33:57.939598
4849-PYRLQ,56,Two year,73.25,0.0195,Low,0,1.43,1947.55,38.0,2026-10-06 16:33:57.939598
7764-BDPEE,3,Month-to-month,20.85,0.1364,Low,1,2.84,554.35,75.64,2026-10-06 16:33:57.939598
3429-IFLEM,71,Two year,77.35,0.0195,Low,0,1.51,2056.56,40.13,2026-10-06 16:33:57.939598
5002-GCQFH,49,Month-to-month,93.85,0.2564,Low,1,24.06,2495.26,639.81,2026-10-06 16:33:57.939598
0556-FJEGU,58,Two year,70.1,0.0195,Low,0,1.37,1863.8,36.37,2026-10-06 16:33:57.939598
0604-THJFP,59,Two year,75.95,0.0195,Low,0,1.48,2019.34,39.4,2026-10-06 16:33:57.939598
5879-SESNB,11,Month-to-month,75.25,0.464,Medium,1,34.92,2000.73,928.34,2026-10-06 16:33:57.939598
6461-PPAXN,35,One year,54.95,0.0486,Low,0,2.67,1461.0,70.95,2026-10-06 16:33:57.939598
3318-ISQFQ,20,Month-to-month,19.5,0.0877,Low,1,1.71,518.46,45.48,2026-10-06 16:33:57.939598
1106-HRLKZ,40,Two year,19.6,0.0085,Low,0,0.17,521.12,4.44,2026-10-06 16:33:57.939598
2483-XSSMZ,39,One year,47.85,0.1348,Low,1,6.45,1272.22,171.54,2026-10-06 16:33:57.939598
8165-ZJRNM,72,Two year,23.75,0.0,Low,0,0.0,631.46,0.0,2026-10-06 16:33:57.939598
2604-XVDAM,12,Month-to-month,43.8,0.1364,Low,1,5.98,1164.54,158.9,2026-10-06 16:33:57.939598
3717-OFRTN,1,Month-to-month,19.75,0.314,Medium,1,6.2,525.11,164.91,2026-10-06 16:33:57.939598
9046-JBFWA,27,Month-to-month,19.15,0.0195,Low,0,0.37,509.16,9.93,2026-10-06 16:33:57.939598
3280-NMUVX,34,One year,19.6,0.0163,Low,0,0.32,521.12,8.52,2026-10-06 16:33:57.939598
1206-EHBDD,56,Two year,80.3,0.0486,Low,0,3.9,2135.0,103.69,2026-10-06 16:33:57.939598
8361-LBRDI,58,Two year,24.35,0.0163,Low,0,0.4,647.41,10.58,2026-10-06 16:33:57.939598
4883-KCPZJ,22,Two year,25.25,0.0195,Low,0,0.49,671.34,13.1,2026-10-06 16:33:57.939598
9108-EQPNQ,10,Two year,26.1,0.0195,Low,0,0.51,693.94,13.54,2026-10-06 16:33:57.939598
7277-KAMWT,13,Two year,20.0,0.0163,Low,0,0.33,531.75,8.69,2026-10-06 16:33:57.939598
2545-LXYVJ,72,Two year,20.7,0.0085,Low,0,0.18,550.37,4.68,2026-10-06 16:33:57.939598
3234-VKACU,2,Month-to-month,70.3,0.2328,Low,1,16.37,1869.12,435.14,2026-10-06 16:33:57.939598
8120-JDCAM,4,Month-to-month,69.55,0.5923,Medium,1,41.19,1849.18,1095.22,2026-10-06 16:33:57.939598
8917-FAEMR,37,Two year,19.85,0.0085,Low,0,0.17,527.77,4.49,2026-10-06 16:33:57.939598
7047-YXDMZ,21,Month-to-month,20.0,0.0877,Low,1,1.75,531.75,46.65,2026-10-06 16:33:57.939598
2858-EIMXH,53,One year,95.85,0.2564,Low,1,24.58,2548.44,653.44,2026-10-06 16:33:57.939598
6419-ZTTLE,23,One year,20.75,0.0195,Low,0,0.4,551.7,10.76,2026-10-06 16:33:57.939598
0929-HYQEW,3,Month-to-month,50.15,0.2564,Low,1,12.86,1333.38,341.89,2026-10-06 16:33:57.939598
6614-YOLAC,71,Two year,58.65,0.0085,Low,0,0.5,1559.37,13.27,2026-10-06 16:33:57.939598
7426-RHZGU,9,Month-to-month,95.9,0.5923,Medium,1,56.8,2549.76,1510.16,2026-10-06 16:33:57.939598
4065-JJAVA,1,Month-to-month,49.5,0.3789,Medium,1,18.76,1316.09,498.68,2026-10-06 16:33:57.939598
7649-SIJJF,71,Two year,80.1,0.0195,Low,0,1.56,2129.68,41.55,2026-10-06 16:33:57.939598
9361-YNQWJ,64,One year,24.4,0.0195,Low,0,0.48,648.74,12.66,2026-10-06 16:33:57.939598
3748-FVMZZ,4,Month-to-month,40.05,0.5566,Medium,1,22.29,1064.84,592.69,2026-10-06 16:33:57.939598
9391-TTOYH,23,Month-to-month,19.5,0.0486,Low,0,0.95,518.46,25.18,2026-10-06 16:33:57.939598
1452-XRSJV,39,Month-to-month,51.05,0.1348,Low,1,6.88,1357.3,183.01,2026-10-06 16:33:57.939598
3422-WJOYD,28,One year,54.35,0.0486,Low,0,2.64,1445.04,70.18,2026-10-06 16:33:57.939598
8242-SOQUO,5,Month-to-month,84.7,0.6395,High,1,54.17,2251.98,1440.22,2026-10-06 16:33:57.939598
7460-ITWWP,45,Month-to-month,86.1,0.3789,Medium,1,32.62,2289.2,867.39,2026-10-06 16:33:57.939598
7147-AYBAA,37,Month-to-month,70.35,0.314,Medium,1,22.09,1870.45,587.41,2026-10-06 16:33:57.939598
7868-TMWMZ,60,Two year,110.0,0.0877,Low,1,9.65,2924.65,256.55,2026-10-06 16:33:57.939598
6732-FZUGP,47,One year,94.9,0.1348,Low,1,12.8,2523.18,340.2,2026-10-06 16:33:57.939598
8329-GWVPJ,50,Month-to-month,69.75,0.1364,Low,1,9.52,1854.5,253.04,2026-10-06 16:33:57.939598
1352-VHKAJ,27,Month-to-month,71.6,0.1364,Low,1,9.77,1903.68,259.75,2026-10-06 16:33:57.939598
2632-TACXW,62,Two year,23.65,0.0195,Low,0,0.46,628.8,12.27,2026-10-06 16:33:57.939598
8146-QQKZH,71,Two year,81.85,0.0195,Low,0,1.6,2176.21,42.46,2026-10-06 16:33:57.939598
1767-CJKBA,66,Two year,25.1,0.0085,Low,0,0.21,667.35,5.68,2026-10-06 16:33:57.939598
6445-TNRXS,68,Two year,114.7,0.0877,Low,1,10.06,3049.61,267.51,2026-10-06 16:33:57.939598
4581-LNWUM,13,Month-to-month,49.15,0.3789,Medium,1,18.62,1306.79,495.15,2026-10-06 16:33:57.939598
4869-EPIUS,56,One year,80.9,0.1364,Low,1,11.04,2150.95,293.49,2026-10-06 16:33:57.939598
1915-OAKWD,16,One year,19.3,0.0486,Low,0,0.94,513.14,24.92,2026-10-06 16:33:57.939598
7296-PIXQY,14,Month-to-month,70.2,0.3552,Medium,1,24.94,1866.46,662.99,2026-10-06 16:33:57.939598
3354-OADJP,8,One year,54.25,0.0486,Low,0,2.63,1442.39,70.05,2026-10-06 16:33:57.939598
3524-WQDSG,43,Month-to-month,99.3,0.464,Medium,1,46.08,2640.16,1225.04,2026-10-06 16:33:57.939598
0810-DHDBD,52,One year,74.0,0.0486,Low,0,3.59,1967.49,95.55,2026-10-06 16:33:57.939598
4026-SKKHW,3,Month-to-month,50.25,0.3789,Medium,1,19.04,1336.03,506.23,2026-10-06 16:33:57.939598
2829-HYVZP,29,One year,19.8,0.0486,Low,0,0.96,526.44,25.57,2026-10-06 16:33:57.939598
3845-JHAMY,16,Month-to-month,35.5,0.314,Medium,1,11.15,943.86,296.42,2026-10-06 16:33:57.939598
7013-PSXHK,40,One year,80.75,0.1364,Low,1,11.02,2146.96,292.94,2026-10-06 16:33:57.939598
3486-NPGST,36,One year,19.55,0.0195,Low,0,0.38,519.79,10.14,2026-10-06 16:33:57.939598
6100-FJZDG,26,One year,20.05,0.0486,Low,0,0.97,533.08,25.89,2026-10-06 16:33:57.939598
4829-ZLJTK,72,Two year,112.4,0.0195,Low,0,2.19,2988.46,58.31,2026-10-06 16:33:57.939598
1730-VFMWO,34,Month-to-month,50.2,0.0877,Low,1,4.4,1334.7,117.08,2026-10-06 16:33:57.939598
7143-BQIBA,10,Month-to-month,62.25,0.1364,Low,1,8.49,1655.09,225.83,2026-10-06 16:33:57.939598
3800-LYTRK,14,One year,55.7,0.0486,Low,0,2.71,1480.94,71.92,2026-10-06 16:33:57.939598
9646-NMHXE,47,Two year,19.65,0.0163,Low,0,0.32,522.45,8.54,2026-10-06 16:33:57.939598
7030-NJVDP,24,Month-to-month,89.25,0.2564,Low,1,22.88,2372.96,608.45,2026-10-06 16:33:57.939598
8883-GRDWQ,20,One year,54.0,0.1364,Low,1,7.37,1435.74,195.9,2026-10-06 16:33:57.939598
7771-ZONAT,22,Two year,56.75,0.0486,Low,0,2.76,1508.85,73.28,2026-10-06 16:33:57.939598
2111-DWYHN,1,Month-to-month,21.1,0.2564,Low,1,5.41,561.0,143.85,2026-10-06 16:33:57.939598
4194-WHFCB,59,Month-to-month,96.65,0.1364,Low,1,13.19,2569.71,350.62,2026-10-06 16:33:57.939598
4121-AGSIN,58,One year,24.5,0.0195,Low,0,0.48,651.4,12.71,2026-10-06 16:33:57.939598
9845-PEEKO,59,Two year,79.2,0.0486,Low,0,3.85,2105.75,102.27,2026-10-06 16:33:57.939598
0455-XFASS,3,Month-to-month,69.55,0.6154,High,1,42.8,1849.18,1137.96,2026-10-06 16:33:57.939598
0301-KOBTQ,32,Two year,20.05,0.0163,Low,0,0.33,533.08,8.71,2026-10-06 16:33:57.939598
1751-NCDLI,46,Month-to-month,98.85,0.6392,High,1,63.18,2628.2,1679.88,2026-10-06 16:33:57.939598
4367-NUYAO,0,Two year,25.75,0.0486,Low,0,1.25,684.63,33.25,2026-10-06 16:33:57.939598
9170-ARBTB,52,One year,19.6,0.0195,Low,0,0.38,521.12,10.17,2026-10-06 16:33:57.939598
7241-AJHFS,32,Month-to-month,87.65,0.2013,Low,1,17.64,2330.42,469.11,2026-10-06 16:33:57.939598
4546-FOKWR,16,Month-to-month,74.75,0.464,Medium,1,34.68,1987.43,922.17,2026-10-06 16:33:57.939598
9036-CSKBW,51,One year,107.45,0.1364,Low,1,14.66,2856.85,389.8,2026-10-06 16:33:57.939598
5832-TRLPB,29,One year,75.35,0.0877,Low,1,6.61,2003.39,175.74,2026-10-06 16:33:57.939598
8590-YFFQO,70,Two year,64.95,0.0163,Low,0,1.06,1726.87,28.22,2026-10-06 16:33:57.939598
8659-IOOPU,71,Two year,100.45,0.0195,Low,0,1.96,2670.74,52.11,2026-10-06 16:33:57.939598
1338-CECEE,41,One year,68.5,0.0877,Low,1,6.01,1821.26,159.76,2026-10-06 16:33:57.939598
7439-DKZTW,1,Month-to-month,80.55,0.8864,High,1,71.4,2141.64,1898.27,2026-10-06 16:33:57.939598
4646-QZXTF,7,Month-to-month,81.25,0.2564,Low,1,20.83,2160.25,553.91,2026-10-06 16:33:57.939598
9742-XOKTS,67,One year,89.55,0.0486,Low,0,4.35,2380.93,115.63,2026-10-06 16:33:57.939598
6921-OZMFH,5,Month-to-month,55.7,0.3552,Medium,1,19.79,1480.94,526.05,2026-10-06 16:33:57.939598
9578-FOMUK,15,Month-to-month,24.8,0.1364,Low,1,3.38,659.38,89.97,2026-10-06 16:33:57.939598
4712-UYOOI,20,Month-to-month,20.0,0.0877,Low,1,1.75,531.75,46.65,2026-10-06 16:33:57.939598
7722-CVFXN,54,One year,105.2,0.2564,Low,1,26.97,2797.03,717.19,2026-10-06 16:33:57.939598
8717-VCTXJ,42,One year,19.55,0.0195,Low,0,0.38,519.79,10.14,2026-10-06 16:33:57.939598
7363-QTBIW,9,Month-to-month,79.75,0.6,High,1,47.85,2120.37,1272.22,2026-10-06 16:33:57.939598
4159-NAAIX,63,Two year,97.45,0.0486,Low,0,4.73,2590.98,125.83,2026-10-06 16:33:57.939598
0971-QIFJK,69,Two year,24.25,0.0163,Low,0,0.4,644.75,10.54,2026-10-06 16:33:57.939598
9397-TZSHA,69,Two year,24.6,0.0163,Low,0,0.4,654.06,10.69,2026-10-06 16:33:57.939598
3391-JSQEW,40,Month-to-month,50.15,0.1364,Low,1,6.84,1333.38,181.93,2026-10-06 16:33:57.939598
0343-QLUZP,60,Two year,39.6,0.0195,Low,0,0.77,1052.87,20.54,2026-10-06 16:33:57.939598
2176-LVPNX,71,Two year,89.85,0.0163,Low,0,1.47,2388.91,39.03,2026-10-06 16:33:57.939598
3312-UUMZW,32,Month-to-month,98.85,0.5103,Medium,1,50.45,2628.2,1341.29,2026-10-06 16:33:57.939598
1271-UODNO,39,Two year,53.85,0.0195,Low,0,1.05,1431.75,27.94,2026-10-06 16:33:57.939598
8461-EFQYM,38,One year,24.25,0.0486,Low,0,1.18,644.75,31.31,2026-10-06 16:33:57.939598
6900-RBKER,52,Two year,89.45,0.0877,Low,1,7.85,2378.27,208.62,2026-10-06 16:33:57.939598
6891-JPYFF,48,Month-to-month,105.25,0.2564,Low,1,26.99,2798.36,717.53,2026-10-06 16:33:57.939598
1459-QNFQT,70,Two year,59.5,0.0195,Low,0,1.16,1581.97,30.87,2026-10-06 16:33:57.939598
1047-NNCBF,20,Month-to-month,70.55,0.2328,Low,1,16.42,1875.77,436.69,2026-10-06 16:33:57.939598
3696-XRIEN,50,One year,82.5,0.0877,Low,1,7.24,2193.49,192.41,2026-10-06 16:33:57.939598
0074-HDKDG,25,One year,61.6,0.0486,Low,0,2.99,1637.8,79.54,2026-10-06 16:33:57.939598
8791-GFXLZ,12,Month-to-month,49.05,0.2564,Low,1,12.58,1304.13,334.39,2026-10-06 16:33:57.939598
9330-DHBFL,23,One year,66.25,0.0486,Low,0,3.22,1761.44,85.54,2026-10-06 16:33:57.939598
0098-BOWSO,27,Month-to-month,19.4,0.1364,Low,1,2.65,515.8,70.36,2026-10-06 16:33:57.939598
3452-ABWRL,47,Month-to-month,86.05,0.3552,Medium,1,30.57,2287.88,812.68,2026-10-06 16:33:57.939598
5859-HZYLF,26,Two year,19.15,0.0085,Low,0,0.16,509.16,4.33,2026-10-06 16:33:57.939598
3156-QLHBO,2,Month-to-month,19.25,0.0877,Low,1,1.69,511.81,44.9,2026-10-06 16:33:57.939598
2208-NQBCT,26,Month-to-month,81.95,0.2013,Low,1,16.5,2178.87,438.6,2026-10-06 16:33:57.939598
1779-PWPMG,72,Two year,114.65,0.0195,Low,0,2.24,3048.28,59.48,2026-10-06 16:33:57.939598
6621-NRZAK,63,Two year,20.0,0.0163,Low,0,0.33,531.75,8.69,2026-10-06 16:33:57.939598
0831-JNISG,71,Two year,19.8,0.0085,Low,0,0.17,526.44,4.48,2026-10-06 16:33:57.939598
0774-IFUVM,11,Month-to-month,65.15,0.2328,Low,1,15.17,1732.19,403.26,2026-10-06 16:33:57.939598
3082-WQRVY,14,One year,19.65,0.0486,Low,0,0.95,522.45,25.37,2026-10-06 16:33:57.939598
9553-DLCLU,13,Two year,88.95,0.0195,Low,0,1.74,2364.98,46.15,2026-10-06 16:33:57.939598
1641-BYBTK,6,Month-to-month,20.2,0.1348,Low,1,2.72,537.07,72.41,2026-10-06 16:33:57.939598
2460-NGXBJ,11,Month-to-month,75.2,0.5103,Medium,1,38.38,1999.4,1020.38,2026-10-06 16:33:57.939598
2446-ZKVAF,18,Month-to-month,56.8,0.2564,Low,1,14.56,1510.18,387.23,2026-10-06 16:33:57.939598
3522-CDKHF,32,Month-to-month,75.5,0.2564,Low,1,19.36,2007.37,514.71,2026-10-06 16:33:57.939598
1430-SFQSA,29,One year,35.6,0.0486,Low,0,1.73,946.52,45.97,2026-10-06 16:33:57.939598
0411-EZJZE,3,Month-to-month,60.25,0.5923,Medium,1,35.68,1601.91,948.77,2026-10-06 16:33:57.939598
8807-ARQET,41,Month-to-month,40.35,0.3552,Medium,1,14.33,1072.82,381.08,2026-10-06 16:33:57.939598
8992-CEUEN,1,Month-to-month,18.85,0.2328,Low,1,4.39,501.18,116.68,2026-10-06 16:33:57.939598
4320-QMLLA,7,Month-to-month,54.85,0.2328,Low,1,12.77,1458.34,339.51,2026-10-06 16:33:57.939598
8777-PVYGU,52,One year,64.3,0.0486,Low,0,3.12,1709.59,83.03,2026-10-06 16:33:57.939598
8292-ITGYJ,45,Two year,24.65,0.0163,Low,0,0.4,655.39,10.71,2026-10-06 16:33:57.939598
6870-ZWMNX,70,Two year,76.1,0.0486,Low,0,3.7,2023.33,98.26,2026-10-06 16:33:57.939598
0621-CXBKL,53,Two year,18.7,0.0085,Low,0,0.16,497.19,4.23,2026-10-06 16:33:57.939598
5268-DSMNQ,62,One year,97.95,0.1348,Low,1,13.21,2604.27,351.14,2026-10-06 16:33:57.939598
5334-JLAXU,60,Month-to-month,94.1,0.1364,Low,1,12.84,2501.91,341.37,2026-10-06 16:33:57.939598
6242-MBHPK,23,Month-to-month,95.1,0.464,Medium,1,44.13,2528.49,1173.22,2026-10-06 16:33:57.939598
9359-UGBTK,67,One year,72.35,0.0486,Low,0,3.51,1923.62,93.42,2026-10-06 16:33:57.939598
4782-OSFXZ,71,Two year,82.7,0.0195,Low,0,1.61,2198.81,42.9,2026-10-06 16:33:57.939598
6479-OAUSD,25,One year,19.9,0.0195,Low,0,0.39,529.1,10.32,2026-10-06 16:33:57.939598
7129-ACFOG,5,Month-to-month,53.8,0.5,Medium,1,26.9,1430.42,715.21,2026-10-06 16:33:57.939598
4189-NAKJS,26,One year,51.55,0.1348,Low,1,6.95,1370.6,184.8,2026-10-06 16:33:57.939598
5562-BETPV,1,One year,19.65,0.1364,Low,1,2.68,522.45,71.29,2026-10-06 16:33:57.939598
1282-IHQAC,70,One year,44.05,0.1364,Low,1,6.01,1171.19,159.8,2026-10-06 16:33:57.939598
9127-FHJBZ,72,Two year,114.0,0.0195,Low,0,2.22,3031.0,59.14,2026-10-06 16:33:57.939598
1641-RQDAY,32,Month-to-month,100.4,0.5923,Medium,1,59.46,2669.41,1581.02,2026-10-06 16:33:57.939598
6994-ORCWG,14,One year,54.25,0.1364,Low,1,7.4,1442.39,196.81,2026-10-06 16:33:57.939598
1346-UFHAX,13,Month-to-month,80.0,0.5103,Medium,1,40.83,2127.02,1085.51,2026-10-06 16:33:57.939598
2933-XEUJM,46,Two year,79.2,0.0195,Low,0,1.55,2105.75,41.09,2026-10-06 16:33:57.939598
5461-QKNTN,43,Month-to-month,94.3,0.3552,Medium,1,33.5,2507.22,890.6,2026-10-06 16:33:57.939598
4835-YSJMR,39,Two year,49.8,0.0195,Low,0,0.97,1324.07,25.84,2026-10-06 16:33:57.939598
3164-YAXFY,57,Month-to-month,53.75,0.2013,Low,1,10.82,1429.09,287.67,2026-10-06 16:33:57.939598
0887-WBJVH,53,One year,93.45,0.2328,Low,1,21.76,2484.62,578.43,2026-10-06 16:33:57.939598
4660-IRIBM,18,Month-to-month,87.9,0.2564,Low,1,22.54,2337.06,599.25,2026-10-06 16:33:57.939598
7670-ZBPOQ,58,One year,61.05,0.0486,Low,0,2.96,1623.18,78.83,2026-10-06 16:33:57.939598
8089-UZWLX,71,Two year,104.05,0.1364,Low,1,14.2,2766.45,377.47,2026-10-06 16:33:57.939598
0080-OROZO,35,One year,99.25,0.2564,Low,1,25.45,2638.83,676.62,2026-10-06 16:33:57.939598
3916-NRPAP,3,Month-to-month,85.7,0.6154,High,1,52.74,2278.57,1402.2,2026-10-06 16:33:57.939598
6807-SIWJI,38,One year,104.85,0.314,Medium,1,32.93,2787.72,875.48,2026-10-06 16:33:57.939598
8221-HVAYI,35,Two year,69.15,0.0195,Low,0,1.35,1838.54,35.87,2026-10-06 16:33:57.939598
5232-NXPAY,47,Two year,74.45,0.0195,Low,0,1.45,1979.46,38.62,2026-10-06 16:33:57.939598
8967-SZQAS,14,Month-to-month,50.45,0.2013,Low,1,10.16,1341.35,270.01,2026-10-06 16:33:57.939598
4468-KAZHE,20,Month-to-month,60.0,0.2564,Low,1,15.38,1595.26,409.04,2026-10-06 16:33:57.939598
0455-ENTCR,66,Two year,85.25,0.0486,Low,0,4.14,2266.61,110.08,2026-10-06 16:33:57.939598
8944-AILEF,15,Month-to-month,19.45,0.1348,Low,1,2.62,517.13,69.73,2026-10-06 16:33:57.939598
5542-NKVRU,42,Two year,20.75,0.0085,Low,0,0.18,551.7,4.7,2026-10-06 16:33:57.939598
7126-RBHSD,17,Month-to-month,78.9,0.3789,Medium,1,29.9,2097.77,794.86,2026-10-06 16:33:57.939598
5370-IIVVL,37,One year,104.5,0.2564,Low,1,26.79,2778.42,712.42,2026-10-06 16:33:57.939598
6789-HJBWG,12,Month-to-month,49.4,0.2564,Low,1,12.67,1313.43,336.78,2026-10-06 16:33:57.939598
9087-EYCPR,60,Two year,25.0,0.0085,Low,0,0.21,664.69,5.66,2026-10-06 16:33:57.939598
6791-YBNAK,18,Month-to-month,25.55,0.1364,Low,1,3.49,679.32,92.69,2026-10-06 16:33:57.939598
6077-BDPXA,3,Month-to-month,70.15,0.6154,High,1,43.17,1865.13,1147.77,2026-10-06 16:33:57.939598
0013-MHZWF,9,Month-to-month,69.4,0.2013,Low,1,13.97,1845.19,371.43,2026-10-06 16:33:57.939598
8268-YDIXR,56,One year,93.15,0.1348,Low,1,12.56,2476.65,333.93,2026-10-06 16:33:57.939598
4291-SHSBH,7,Month-to-month,69.55,0.464,Medium,1,32.27,1849.18,858.02,2026-10-06 16:33:57.939598
6980-IMXXE,69,Two year,20.2,0.0085,Low,0,0.17,537.07,4.57,2026-10-06 16:33:57.939598
0040-HALCW,54,Two year,20.4,0.0163,Low,0,0.33,542.39,8.86,2026-10-06 16:33:57.939598
0784-GTUUK,62,One year,23.75,0.0195,Low,0,0.46,631.46,12.32,2026-10-06 16:33:57.939598
2294-DMMUS,62,Month-to-month,70.45,0.1528,Low,1,10.76,1873.11,286.2,2026-10-06 16:33:57.939598
0872-JCPIB,17,Month-to-month,65.75,0.2328,Low,1,15.31,1748.14,406.98,2026-10-06 16:33:57.939598
3055-MJDSB,9,Month-to-month,24.6,0.3552,Medium,1,8.74,654.06,232.33,2026-10-06 16:33:57.939598
9091-WTUUY,64,Two year,69.25,0.0195,Low,0,1.35,1841.2,35.93,2026-10-06 16:33:57.939598
7115-IRDHS,72,Two year,24.65,0.0085,Low,0,0.21,655.39,5.58,2026-10-06 16:33:57.939598
8496-DMZUK,30,One year,90.4,0.0877,Low,1,7.93,2403.53,210.84,2026-10-06 16:33:57.939598
2040-VZIKE,49,Month-to-month,100.85,0.2564,Low,1,25.86,2681.37,687.53,2026-10-06 16:33:57.939598
9068-VPWQQ,61,Two year,75.35,0.0195,Low,0,1.47,2003.39,39.09,2026-10-06 16:33:57.939598
0178-SZBHO,47,Month-to-month,87.2,0.314,Medium,1,27.39,2318.45,728.11,2026-10-06 16:33:57.939598
0384-RVBPI,20,Month-to-month,64.4,0.0877,Low,1,5.65,1712.25,150.2,2026-10-06 16:33:57.939598
1299-AURJA,70,Two year,24.7,0.0085,Low,0,0.21,656.72,5.59,2026-10-06 16:33:57.939598
4525-VZCZG,54,One year,105.85,0.2013,Low,1,21.31,2814.31,566.52,2026-10-06 16:33:57.939598
1543-LLLFT,61,One year,98.3,0.1348,Low,1,13.25,2613.58,352.39,2026-10-06 16:33:57.939598
2788-CJQAQ,13,One year,19.45,0.0195,Low,0,0.38,517.13,10.09,2026-10-06 16:33:57.939598
0319-QZTCO,3,Month-to-month,58.7,0.3789,Medium,1,22.24,1560.7,591.36,2026-10-06 16:33:57.939598
2120-SMPEX,25,Month-to-month,20.15,0.0486,Low,0,0.98,535.74,26.02,2026-10-06 16:33:57.939598
0096-FCPUF,30,Month-to-month,64.5,0.1348,Low,1,8.7,1714.91,231.22,2026-10-06 16:33:57.939598
0668-OGMHD,21,Month-to-month,28.5,0.2328,Low,1,6.63,757.75,176.41,2026-10-06 16:33:57.939598
6507-ZJSUR,23,Month-to-month,90.45,0.5566,Medium,1,50.34,2404.86,1338.55,2026-10-06 16:33:57.939598
9408-HRXRK,45,Month-to-month,105.15,0.464,Medium,1,48.79,2795.7,1297.21,2026-10-06 16:33:57.939598
5593-SUAOO,24,One year,83.15,0.1348,Low,1,11.21,2210.77,298.08,2026-10-06 16:33:57.939598
6766-HFKLA,56,Two year,103.2,0.1364,Low,1,14.08,2743.85,374.39,2026-10-06 16:33:57.939598
7617-EYGLW,1,Month-to-month,19.45,0.3552,Medium,1,6.91,517.13,183.69,2026-10-06 16:33:57.939598
9220-ZNKJI,55,Two year,88.8,0.0486,Low,0,4.31,2360.99,114.66,2026-10-06 16:33:57.939598
2226-ICFDO,72,Two year,85.9,0.0163,Low,0,1.4,2283.89,37.32,2026-10-06 16:33:57.939598
0723-VSOBE,45,One year,34.2,0.2328,Low,1,7.96,909.3,211.69,2026-10-06 16:33:57.939598
5529-GIBVH,47,Two year,20.15,0.0163,Low,0,0.33,535.74,8.75,2026-10-06 16:33:57.939598
9992-UJOEL,2,Month-to-month,50.3,0.5103,Medium,1,25.67,1337.36,682.52,2026-10-06 16:33:57.939598
4741-WWJQZ,2,Month-to-month,80.15,0.5103,Medium,1,40.9,2131.01,1087.55,2026-10-06 16:33:57.939598
6625-UTXEW,12,Month-to-month,51.25,0.3552,Medium,1,18.2,1362.62,484.02,2026-10-06 16:33:57.939598
6244-BESBM,69,Two year,95.2,0.0877,Low,1,8.35,2531.15,222.03,2026-10-06 16:33:57.939598
1004-NOZNR,56,One year,94.8,0.1364,Low,1,12.94,2520.52,343.91,2026-10-06 16:33:57.939598
1251-STYSZ,4,Month-to-month,80.25,0.6154,High,1,49.38,2133.67,1313.03,2026-10-06 16:33:57.939598
2612-PHGOX,64,Two year,76.1,0.0486,Low,0,3.7,2023.33,98.26,2026-10-06 16:33:57.939598
8480-PPONV,62,Two year,115.55,0.0486,Low,0,5.61,3072.21,149.2,2026-10-06 16:33:57.939598
8780-IHCRN,63,Two year,24.65,0.0085,Low,0,0.21,655.39,5.58,2026-10-06 16:33:57.939598
4598-ZADCK,53,One year,53.6,0.0486,Low,0,2.6,1425.1,69.21,2026-10-06 16:33:57.939598
1257-SXUXQ,5,Month-to-month,19.45,0.1348,Low,1,2.62,517.13,69.73,2026-10-06 16:33:57.939598
9681-KYGYB,49,Month-to-month,88.2,0.3789,Medium,1,33.42,2345.04,888.55,2026-10-06 16:33:57.939598
7182-OVLBJ,62,Two year,101.15,0.0486,Low,0,4.91,2689.35,130.61,2026-10-06 16:33:57.939598
5095-ETBRJ,55,Two year,56.8,0.0195,Low,0,1.11,1510.18,29.47,2026-10-06 16:33:57.939598
7005-CYUIL,71,Two year,99.4,0.0195,Low,0,1.94,2642.82,51.57,2026-10-06 16:33:57.939598
4821-WQOYN,72,Two year,20.1,0.0085,Low,0,0.17,534.41,4.55,2026-10-06 16:33:57.939598
4730-AWNAU,36,One year,60.7,0.0486,Low,0,2.95,1613.88,78.38,2026-10-06 16:33:57.939598
3452-FLHYD,25,One year,20.95,0.0195,Low,0,0.41,557.01,10.87,2026-10-06 16:33:57.939598
2388-LAESQ,72,Two year,114.85,0.0163,Low,0,1.88,3053.6,49.9,2026-10-06 16:33:57.939598
9531-NSBMR,36,One year,19.25,0.0195,Low,0,0.38,511.81,9.99,2026-10-06 16:33:57.939598
6260-ONULR,1,Month-to-month,62.8,0.6395,High,1,40.16,1669.71,1067.84,2026-10-06 16:33:57.939598
4389-UEFCZ,72,Two year,105.5,0.0486,Low,0,5.12,2805.01,136.23,2026-10-06 16:33:57.939598
8711-LOBKY,59,Two year,19.85,0.0195,Low,0,0.39,527.77,10.3,2026-10-06 16:33:57.939598
8985-OOPOS,1,One year,74.1,0.1364,Low,1,10.11,1970.15,268.82,2026-10-06 16:33:57.939598
8800-ZKRFW,30,Month-to-month,107.5,0.3552,Medium,1,38.19,2858.18,1015.26,2026-10-06 16:33:57.939598
2616-FLVQC,64,Two year,19.55,0.0163,Low,0,0.32,519.79,8.49,2026-10-06 16:33:57.939598
9968-FFVVH,63,One year,68.8,0.0195,Low,0,1.34,1829.24,35.69,2026-10-06 16:33:57.939598
3108-PCCGG,72,Two year,84.45,0.0195,Low,0,1.65,2245.33,43.81,2026-10-06 16:33:57.939598
8390-FESFV,62,Two year,84.5,0.0195,Low,0,1.65,2246.66,43.84,2026-10-06 16:33:57.939598
3022-BEXHZ,67,Two year,111.2,0.1364,Low,1,15.17,2956.56,403.41,2026-10-06 16:33:57.939598
6248-TKCQV,70,Two year,80.6,0.0486,Low,0,3.91,2142.97,104.07,2026-10-06 16:33:57.939598
6729-GDNGC,20,Month-to-month,80.7,0.3789,Medium,1,30.58,2145.63,812.99,2026-10-06 16:33:57.939598
6198-ZFIOJ,5,Month-to-month,75.6,0.5923,Medium,1,44.78,2010.03,1190.49,2026-10-06 16:33:57.939598
5989-OMNJE,24,One year,57.6,0.1364,Low,1,7.86,1531.45,208.96,2026-10-06 16:33:57.939598
1291-CUOCY,72,Two year,110.6,0.0486,Low,0,5.37,2940.6,142.81,2026-10-06 16:33:57.939598
9795-SHUHB,66,Two year,58.2,0.0085,Low,0,0.5,1547.41,13.17,2026-10-06 16:33:57.939598
3230-IUALN,45,Two year,81.0,0.0195,Low,0,1.58,2153.61,42.02,2026-10-06 16:33:57.939598
0042-RLHYP,69,Two year,19.7,0.0163,Low,0,0.32,523.78,8.56,2026-10-06 16:33:57.939598
4945-RVMTE,28,Month-to-month,59.55,0.1364,Low,1,8.13,1583.3,216.03,2026-10-06 16:33:57.939598
1866-NXPSP,36,One year,75.55,0.0877,Low,1,6.63,2008.7,176.2,2026-10-06 16:33:57.939598
3941-XTSKM,42,One year,45.1,0.1364,Low,1,6.15,1199.11,163.61,2026-10-06 16:33:57.939598
1661-CZBAU,48,One year,70.95,0.0195,Low,0,1.38,1886.4,36.81,2026-10-06 16:33:57.939598
5158-RIVOP,11,Two year,20.9,0.0195,Low,0,0.41,555.68,10.84,2026-10-06 16:33:57.939598
9788-YTFGE,7,Month-to-month,19.95,0.1364,Low,1,2.72,530.43,72.37,2026-10-06 16:33:57.939598
9277-JOOMO,3,Month-to-month,24.6,0.1364,Low,1,3.36,654.06,89.24,2026-10-06 16:33:57.939598
1907-YLNYW,8,Month-to-month,66.7,0.2013,Low,1,13.43,1773.4,356.98,2026-10-06 16:33:57.939598
8947-YRTDV,32,One year,94.8,0.0877,Low,1,8.32,2520.52,221.1,2026-10-06 16:33:57.939598
3161-ONRWK,60,One year,65.85,0.0195,Low,0,1.28,1750.8,34.16,2026-10-06 16:33:57.939598
0114-RSRRW,10,Month-to-month,19.95,0.1364,Low,1,2.72,530.43,72.37,2026-10-06 16:33:57.939598
4565-NLZBV,71,Two year,24.65,0.0085,Low,0,0.21,655.39,5.58,2026-10-06 16:33:57.939598
6682-VCIXC,43,One year,51.25,0.0486,Low,0,2.49,1362.62,66.18,2026-10-06 16:33:57.939598
6475-VHUIZ,23,Month-to-month,54.25,0.1364,Low,1,7.4,1442.39,196.81,2026-10-06 16:33:57.939598
3910-MRQOY,72,Two year,19.4,0.0085,Low,0,0.17,515.8,4.39,2026-10-06 16:33:57.939598
0661-WCQNQ,22,One year,56.25,0.0486,Low,0,2.73,1495.56,72.63,2026-10-06 16:33:57.939598
7537-RBWEA,1,Month-to-month,25.15,0.6392,High,1,16.08,668.68,427.4,2026-10-06 16:33:57.939598
4656-CAURT,69,Two year,23.95,0.0163,Low,0,0.39,636.78,10.4,2026-10-06 16:33:57.939598
0121-SNYRK,50,One year,35.4,0.0195,Low,0,0.69,941.21,18.36,2026-10-06 16:33:57.939598
3733-LSYCE,15,Month-to-month,75.35,0.314,Medium,1,23.66,2003.39,629.16,2026-10-06 16:33:57.939598
6265-FRMTQ,31,Two year,20.4,0.0163,Low,0,0.33,542.39,8.86,2026-10-06 16:33:57.939598
1371-DWPAZ,0,Two year,56.05,0.0486,Low,0,2.72,1490.24,72.37,2026-10-06 16:33:57.939598
2017-CCBLH,8,Two year,20.0,0.0195,Low,0,0.39,531.75,10.38,2026-10-06 16:33:57.939598
7690-KPNCU,64,One year,73.05,0.0877,Low,1,6.41,1942.23,170.37,2026-10-06 16:33:57.939598
0536-BGFMZ,28,Month-to-month,20.5,0.0486,Low,0,1.0,545.05,26.47,2026-10-06 16:33:57.939598
2293-IJWPS,57,One year,100.75,0.3552,Medium,1,35.79,2678.72,951.51,2026-10-06 16:33:57.939598
5469-NUJUR,19,Two year,19.95,0.0163,Low,0,0.33,530.43,8.67,2026-10-06 16:33:57.939598
2625-TRCZQ,51,Month-to-month,49.65,0.3552,Medium,1,17.64,1320.08,468.91,2026-10-06 16:33:57.939598
4102-HLENU,67,Two year,65.65,0.0195,Low,0,1.28,1745.49,34.06,2026-10-06 16:33:57.939598
7266-GSSJX,11,Month-to-month,20.45,0.1348,Low,1,2.76,543.72,73.31,2026-10-06 16:33:57.939598
7722-VJRQD,72,Two year,60.95,0.0085,Low,0,0.52,1620.52,13.79,2026-10-06 16:33:57.939598
7073-QETQY,66,One year,20.35,0.0195,Low,0,0.4,541.06,10.56,2026-10-06 16:33:57.939598
5624-RYAMH,9,Month-to-month,19.5,0.1364,Low,1,2.66,518.46,70.74,2026-10-06 16:33:57.939598
0196-JTUQI,9,Month-to-month,75.2,0.5923,Medium,1,44.54,1999.4,1184.19,2026-10-06 16:33:57.939598
7130-YXBRO,48,Month-to-month,111.45,0.3552,Medium,1,39.59,2963.2,1052.57,2026-10-06 16:33:57.939598
9272-LSVYH,10,Month-to-month,70.15,0.2564,Low,1,17.99,1865.13,478.24,2026-10-06 16:33:57.939598
3084-DOWLE,72,Two year,92.0,0.0,Low,0,0.0,2446.07,0.0,2026-10-06 16:33:57.939598
1084-MNSMJ,51,Two year,85.5,0.0195,Low,0,1.67,2273.25,44.36,2026-10-06 16:33:57.939598
4238-HFHSN,61,Month-to-month,82.15,0.314,Medium,1,25.8,2184.18,685.94,2026-10-06 16:33:57.939598
6250-CGGUN,54,One year,84.4,0.0877,Low,1,7.4,2244.01,196.84,2026-10-06 16:33:57.939598
5478-JJVZK,33,Month-to-month,60.9,0.1364,Low,1,8.31,1619.19,220.93,2026-10-06 16:33:57.939598
7596-IIWYC,27,Two year,20.25,0.0195,Low,0,0.4,538.4,10.51,2026-10-06 16:33:57.939598
9793-WECQC,23,Month-to-month,95.3,0.3552,Medium,1,33.85,2533.81,900.04,2026-10-06 16:33:57.939598
4291-HPAXL,1,Month-to-month,19.85,0.3552,Medium,1,7.05,527.77,187.47,2026-10-06 16:33:57.939598
8999-YPYBV,45,Two year,84.35,0.0195,Low,0,1.65,2242.68,43.76,2026-10-06 16:33:57.939598
1839-FBNFR,39,Two year,19.85,0.0163,Low,0,0.32,527.77,8.62,2026-10-06 16:33:57.939598
3071-MVJCD,72,Two year,82.3,0.0163,Low,0,1.34,2188.17,35.75,2026-10-06 16:33:57.939598
1697-BCSHV,58,Month-to-month,66.8,0.1364,Low,1,9.11,1776.06,242.34,2026-10-06 16:33:57.939598
0562-KBDVM,70,Two year,44.6,0.0195,Low,0,0.87,1185.81,23.14,2026-10-06 16:33:57.939598
1131-SUEKT,61,One year,98.45,0.1348,Low,1,13.27,2617.56,352.93,2026-10-06 16:33:57.939598
3717-OEAUQ,2,Month-to-month,70.7,0.464,Medium,1,32.8,1879.75,872.21,2026-10-06 16:33:57.939598
4538-WNTMJ,46,One year,24.95,0.0195,Low,0,0.49,663.36,12.94,2026-10-06 16:33:57.939598
9432-RUVSL,48,Two year,102.5,0.1348,Low,1,13.82,2725.24,367.45,2026-10-06 16:33:57.939598
8060-HIWJJ,64,Two year,86.55,0.0195,Low,0,1.69,2301.17,44.9,2026-10-06 16:33:57.939598
7684-XSZIY,72,Two year,24.3,0.0085,Low,0,0.21,646.08,5.5,2026-10-06 16:33:57.939598
9089-UOWJG,12,Month-to-month,58.35,0.2564,Low,1,14.96,1551.39,397.79,2026-10-06 16:33:57.939598
8039-ACLPL,72,Two year,68.75,0.0085,Low,0,0.59,1827.91,15.56,2026-10-06 16:33:57.939598
9885-AIBVB,29,Month-to-month,85.8,0.5103,Medium,1,43.79,2281.23,1164.21,2026-10-06 16:33:57.939598
1934-MKPXS,33,One year,20.1,0.0195,Low,0,0.39,534.41,10.43,2026-10-06 16:33:57.939598
2592-YKDIF,1,Month-to-month,20.35,0.314,Medium,1,6.39,541.06,169.92,2026-10-06 16:33:57.939598
2272-JKMSI,62,One year,110.8,0.1364,Low,1,15.12,2945.92,401.96,2026-10-06 16:33:57.939598
8714-CTZJW,4,Month-to-month,82.85,0.6154,High,1,50.98,2202.79,1355.57,2026-10-06 16:33:57.939598
3569-EDBPQ,24,Month-to-month,84.35,0.3552,Medium,1,29.96,2242.68,796.63,2026-10-06 16:33:57.939598
3131-NWVFJ,14,One year,19.55,0.0486,Low,0,0.95,519.79,25.24,2026-10-06 16:33:57.939598
7521-YXVZY,3,Month-to-month,19.95,0.1364,Low,1,2.72,530.43,72.37,2026-10-06 16:33:57.939598
2373-NTKOD,8,Month-to-month,66.25,0.3552,Medium,1,23.53,1761.44,625.68,2026-10-06 16:33:57.939598
1970-KKFWL,35,Two year,23.3,0.0195,Low,0,0.45,619.49,12.09,2026-10-06 16:33:57.939598
9337-SRRNI,66,Two year,25.3,0.0163,Low,0,0.41,672.67,10.99,2026-10-06 16:33:57.939598
0895-UADGO,8,Two year,44.55,0.0486,Low,0,2.16,1184.48,57.52,2026-10-06 16:33:57.939598
5678-VFNEQ,71,One year,104.1,0.1364,Low,1,14.2,2767.78,377.65,2026-10-06 16:33:57.939598
5977-CKHON,43,Month-to-month,92.55,0.3552,Medium,1,32.87,2460.7,874.07,2026-10-06 16:33:57.939598
2692-BUCFV,29,Month-to-month,101.45,0.464,Medium,1,47.07,2697.33,1251.56,2026-10-06 16:33:57.939598
1830-GGFNM,65,Two year,94.55,0.0195,Low,0,1.84,2513.87,49.05,2026-10-06 16:33:57.939598
5302-BDJNT,35,Month-to-month,95.5,0.2564,Low,1,24.49,2539.13,651.06,2026-10-06 16:33:57.939598
5223-UZAVK,64,One year,100.3,0.1348,Low,1,13.52,2666.75,359.56,2026-10-06 16:33:57.939598
4859-ZSRDZ,58,Two year,55.5,0.0195,Low,0,1.08,1475.62,28.79,2026-10-06 16:33:57.939598
5651-WYIPH,18,Month-to-month,49.85,0.2564,Low,1,12.78,1325.4,339.85,2026-10-06 16:33:57.939598
9350-VLHMB,67,Month-to-month,89.55,0.3552,Medium,1,31.81,2380.93,845.74,2026-10-06 16:33:57.939598
3498-LZGQZ,63,Two year,19.15,0.0163,Low,0,0.31,509.16,8.32,2026-10-06 16:33:57.939598
8785-CJSHH,60,Month-to-month,99.8,0.464,Medium,1,46.31,2653.46,1231.2,2026-10-06 16:33:57.939598
3870-SPZSI,70,Two year,113.05,0.0486,Low,0,5.49,3005.74,145.97,2026-10-06 16:33:57.939598
7560-QRBXH,48,One year,19.95,0.0195,Low,0,0.39,530.43,10.35,2026-10-06 16:33:57.939598
7077-XJMET,12,Month-to-month,74.15,0.2564,Low,1,19.01,1971.48,505.51,2026-10-06 16:33:57.939598
8752-GHJFU,71,One year,92.0,0.0195,Low,0,1.8,2446.07,47.73,2026-10-06 16:33:57.939598
6896-SRVYQ,44,Month-to-month,73.85,0.314,Medium,1,23.19,1963.5,616.64,2026-10-06 16:33:57.939598
4652-ODEVH,45,Two year,24.45,0.0163,Low,0,0.4,650.07,10.62,2026-10-06 16:33:57.939598
6510-UPNKS,23,One year,24.8,0.0486,Low,0,1.2,659.38,32.02,2026-10-06 16:33:57.939598
6718-BDGHG,43,One year,64.85,0.0877,Low,1,5.69,1724.22,151.25,2026-10-06 16:33:57.939598
9046-DQMTP,35,Month-to-month,20.75,0.0195,Low,0,0.4,551.7,10.76,2026-10-06 16:33:57.939598
6439-LAJXL,9,Month-to-month,68.95,0.1348,Low,1,9.3,1833.22,247.18,2026-10-06 16:33:57.939598
9052-VKDUW,65,Month-to-month,109.4,0.2328,Low,1,25.47,2908.7,677.16,2026-10-06 16:33:57.939598
1666-JZPZT,27,Month-to-month,49.0,0.1364,Low,1,6.69,1302.8,177.76,2026-10-06 16:33:57.939598
5777-KJIRB,40,One year,50.25,0.0877,Low,1,4.41,1336.03,117.2,2026-10-06 16:33:57.939598
7677-SJJJK,8,One year,19.9,0.0486,Low,0,0.97,529.1,25.7,2026-10-06 16:33:57.939598
2480-EJWYP,58,One year,97.8,0.2328,Low,1,22.77,2600.28,605.36,2026-10-06 16:33:57.939598
3253-HKOKL,52,One year,100.3,0.2013,Low,1,20.19,2666.75,536.81,2026-10-06 16:33:57.939598
7055-HNEOJ,3,Month-to-month,55.8,0.3552,Medium,1,19.82,1483.6,526.99,2026-10-06 16:33:57.939598
5514-YQENT,41,Two year,111.15,0.1364,Low,1,15.17,2955.23,403.23,2026-10-06 16:33:57.939598
3211-AAPKX,20,Month-to-month,98.55,0.5923,Medium,1,58.37,2620.22,1551.89,2026-10-06 16:33:57.939598
8445-DNBAE,1,Month-to-month,50.05,0.6154,High,1,30.8,1330.72,818.9,2026-10-06 16:33:57.939598
2958-NHPPS,23,Month-to-month,20.85,0.0877,Low,1,1.83,554.35,48.63,2026-10-06 16:33:57.939598
6806-YDEUL,6,Month-to-month,19.5,0.1364,Low,1,2.66,518.46,70.74,2026-10-06 16:33:57.939598
1735-XMJVH,8,Month-to-month,19.35,0.1364,Low,1,2.64,514.47,70.2,2026-10-06 16:33:57.939598
6890-PFRQX,18,Month-to-month,69.5,0.1348,Low,1,9.37,1847.85,249.15,2026-10-06 16:33:57.939598
0222-CNVPT,52,Month-to-month,48.8,0.2328,Low,1,11.36,1297.48,302.06,2026-10-06 16:33:57.939598
5899-OUVKV,31,Month-to-month,94.5,0.464,Medium,1,43.85,2512.54,1165.82,2026-10-06 16:33:57.939598
8681-ICONS,29,Month-to-month,20.65,0.0877,Low,1,1.81,549.04,48.16,2026-10-06 16:33:57.939598
1621-YNCJH,36,Two year,106.05,0.0877,Low,1,9.3,2819.63,247.34,2026-10-06 16:33:57.939598
6362-QHAFM,42,One year,108.3,0.5103,Medium,1,55.27,2879.45,1469.51,2026-10-06 16:33:57.939598
3070-BDOQC,60,Two year,99.65,0.0877,Low,1,8.74,2649.47,232.41,2026-10-06 16:33:57.939598
6234-PFPXL,22,Month-to-month,95.9,0.314,Medium,1,30.12,2549.76,800.75,2026-10-06 16:33:57.939598
9824-QCJPK,36,One year,20.0,0.0195,Low,0,0.39,531.75,10.38,2026-10-06 16:33:57.939598
4283-IVYCI,9,Month-to-month,64.95,0.0877,Low,1,5.7,1726.87,151.48,2026-10-06 16:33:57.939598
1866-OBPNR,1,Month-to-month,74.6,0.6392,High,1,47.68,1983.45,1267.77,2026-10-06 16:33:57.939598
8205-MQUGY,12,Month-to-month,49.2,0.314,Medium,1,15.45,1308.12,410.81,2026-10-06 16:33:57.939598
8970-ANWXO,23,One year,73.75,0.1364,Low,1,10.06,1960.85,267.55,2026-10-06 16:33:57.939598
9480-BQJEI,62,One year,92.3,0.0877,Low,1,8.1,2454.05,215.27,2026-10-06 16:33:57.939598
6979-TNDEU,8,Month-to-month,19.2,0.0486,Low,0,0.93,510.48,24.79,2026-10-06 16:33:57.939598
9777-WJJPR,31,Month-to-month,88.65,0.314,Medium,1,27.84,2357.0,740.22,2026-10-06 16:33:57.939598
9495-SKLKD,45,Month-to-month,95.95,0.3552,Medium,1,34.08,2551.09,906.18,2026-10-06 16:33:57.939598
6048-UWKAL,69,Two year,105.4,0.1348,Low,1,14.21,2802.35,377.84,2026-10-06 16:33:57.939598
5067-DGXLL,2,Month-to-month,20.25,0.1348,Low,1,2.73,538.4,72.59,2026-10-06 16:33:57.939598
6281-FKEWS,44,One year,49.05,0.2564,Low,1,12.58,1304.13,334.39,2026-10-06 16:33:57.939598
8898-KASCD,39,One year,35.55,0.0195,Low,0,0.69,945.19,18.44,2026-10-06 16:33:57.939598
9242-TKFSV,72,Two year,65.1,0.0085,Low,0,0.55,1730.86,14.73,2026-10-06 16:33:57.939598
9290-SHCMB,13,Month-to-month,96.85,0.6392,High,1,61.9,2575.02,1645.89,2026-10-06 16:33:57.939598
0743-HNPFG,51,One year,69.75,0.0486,Low,0,3.39,1854.5,90.06,2026-10-06 16:33:57.939598
2277-BKJKN,71,Two year,99.2,0.0877,Low,1,8.7,2637.5,231.36,2026-10-06 16:33:57.939598
5035-PGZXH,56,One year,106.8,0.314,Medium,1,33.54,2839.57,891.77,2026-10-06 16:33:57.939598
8695-WDYEA,1,Month-to-month,51.25,0.3552,Medium,1,18.2,1362.62,484.02,2026-10-06 16:33:57.939598
6543-JXSOO,23,One year,57.75,0.0486,Low,0,2.8,1535.44,74.57,2026-10-06 16:33:57.939598
8016-ZMGMO,66,One year,70.85,0.1348,Low,1,9.55,1883.74,253.99,2026-10-06 16:33:57.939598
8605-ITULD,1,Month-to-month,19.55,0.3552,Medium,1,6.94,519.79,184.64,2026-10-06 16:33:57.939598
6416-YJTTB,11,Month-to-month,79.5,0.314,Medium,1,24.97,2113.73,663.81,2026-10-06 16:33:57.939598
4472-VESGY,52,Month-to-month,98.15,0.2013,Low,1,19.76,2609.59,525.31,2026-10-06 16:33:57.939598
3195-TQDZX,3,Month-to-month,20.25,0.1364,Low,1,2.76,538.4,73.46,2026-10-06 16:33:57.939598
3128-YOVTD,51,Month-to-month,79.15,0.1364,Low,1,10.8,2104.42,287.14,2026-10-06 16:33:57.939598
1728-CXQBE,64,Month-to-month,94.25,0.314,Medium,1,29.6,2505.89,786.98,2026-10-06 16:33:57.939598
7041-TXQJH,37,Month-to-month,40.2,0.314,Medium,1,12.62,1068.83,335.66,2026-10-06 16:33:57.939598
5014-GSOUQ,13,Two year,19.95,0.0163,Low,0,0.33,530.43,8.67,2026-10-06 16:33:57.939598
5724-BIDBU,49,One year,55.35,0.1364,Low,1,7.55,1471.63,200.8,2026-10-06 16:33:57.939598
0481-SUMCB,45,One year,102.15,0.314,Medium,1,32.08,2715.94,852.94,2026-10-06 16:33:57.939598
1769-GRUIK,18,Month-to-month,71.1,0.3789,Medium,1,26.94,1890.39,716.28,2026-10-06 16:33:57.939598
8819-WFGGJ,68,Two year,54.1,0.0486,Low,0,2.63,1438.4,69.86,2026-10-06 16:33:57.939598
7427-AUFPY,54,Two year,19.65,0.0195,Low,0,0.38,522.45,10.19,2026-10-06 16:33:57.939598
2811-POVEX,23,Month-to-month,88.45,0.3552,Medium,1,31.42,2351.69,835.35,2026-10-06 16:33:57.939598
7898-PDWQE,71,Two year,80.4,0.0195,Low,0,1.57,2137.65,41.71,2026-10-06 16:33:57.939598
9972-EWRJS,67,Two year,19.25,0.0085,Low,0,0.16,511.81,4.36,2026-10-06 16:33:57.939598
9314-IJWSQ,14,Month-to-month,84.8,0.6491,High,1,55.05,2254.64,1463.54,2026-10-06 16:33:57.939598
5799-JRCZO,63,Two year,19.5,0.0163,Low,0,0.32,518.46,8.47,2026-10-06 16:33:57.939598
1921-KYSAY,41,One year,68.6,0.1364,Low,1,9.36,1823.92,248.87,2026-10-06 16:33:57.939598
6198-RTPMF,17,Month-to-month,92.6,0.5923,Medium,1,54.84,2462.02,1458.19,2026-10-06 16:33:57.939598
2924-KHUVI,56,One year,100.55,0.3552,Medium,1,35.72,2673.4,949.62,2026-10-06 16:33:57.939598
1925-GMVBW,5,Month-to-month,20.55,0.1348,Low,1,2.77,546.38,73.67,2026-10-06 16:33:57.939598
6184-DYUOB,3,Month-to-month,19.6,0.2013,Low,1,3.95,521.12,104.9,2026-10-06 16:33:57.939598
9207-ZPANB,37,One year,67.45,0.0877,Low,1,5.92,1793.34,157.31,2026-10-06 16:33:57.939598
9327-QSDED,8,Month-to-month,43.55,0.2328,Low,1,10.14,1157.9,269.56,2026-10-06 16:33:57.939598
1656-DRSMG,63,Month-to-month,109.85,0.2013,Low,1,22.11,2920.66,587.93,2026-10-06 16:33:57.939598
3012-VFFMN,7,Month-to-month,20.65,0.0877,Low,1,1.81,549.04,48.16,2026-10-06 16:33:57.939598
2984-AFWNC,3,Month-to-month,95.4,0.5923,Medium,1,56.5,2536.47,1502.29,2026-10-06 16:33:57.939598
0640-YJTPY,72,Two year,21.0,0.0,Low,0,0.0,558.34,0.0,2026-10-06 16:33:57.939598
8096-LOIST,19,Month-to-month,56.2,0.314,Medium,1,17.65,1494.23,469.26,2026-10-06 16:33:57.939598
9764-REAFF,59,Two year,18.4,0.0163,Low,0,0.3,489.21,7.99,2026-10-06 16:33:57.939598
7107-UBYKY,35,Month-to-month,25.75,0.1348,Low,1,3.47,684.63,92.31,2026-10-06 16:33:57.939598
4881-GQJTW,14,Month-to-month,19.6,0.0877,Low,1,1.72,521.12,45.71,2026-10-06 16:33:57.939598
7876-DNYAP,69,Two year,19.8,0.0163,Low,0,0.32,526.44,8.6,2026-10-06 16:33:57.939598
7905-NJMXS,7,Month-to-month,64.2,0.2564,Low,1,16.46,1706.93,437.68,2026-10-06 16:33:57.939598
2882-WDTBA,69,Two year,75.75,0.0195,Low,0,1.48,2014.02,39.3,2026-10-06 16:33:57.939598
2091-GPPIQ,72,Two year,78.95,0.0195,Low,0,1.54,2099.1,40.96,2026-10-06 16:33:57.939598
5071-FBJFS,4,Month-to-month,50.3,0.2564,Low,1,12.9,1337.36,342.91,2026-10-06 16:33:57.939598
2796-UUZZO,63,Month-to-month,80.3,0.1364,Low,1,10.96,2135.0,291.31,2026-10-06 16:33:57.939598
2429-AYKKO,72,Two year,19.85,0.0085,Low,0,0.17,527.77,4.49,2026-10-06 16:33:57.939598
9798-OPFEM,46,Two year,21.1,0.0195,Low,0,0.41,561.0,10.95,2026-10-06 16:33:57.939598
3794-NFNCH,30,Month-to-month,50.0,0.1364,Low,1,6.82,1329.39,181.39,2026-10-06 16:33:57.939598
5193-QLVZB,63,Two year,104.75,0.1364,Low,1,14.29,2785.07,380.01,2026-10-06 16:33:57.939598
7114-AEOZE,60,Two year,19.85,0.0195,Low,0,0.39,527.77,10.3,2026-10-06 16:33:57.939598
5522-NYKPB,25,Month-to-month,85.9,0.2564,Low,1,22.03,2283.89,585.61,2026-10-06 16:33:57.939598
9957-YODKZ,6,Month-to-month,80.8,0.6967,High,1,56.3,2148.29,1496.76,2026-10-06 16:33:57.939598
6518-KZXCB,22,Two year,25.25,0.0195,Low,0,0.49,671.34,13.1,2026-10-06 16:33:57.939598
2245-ADZFJ,31,Two year,80.55,0.0486,Low,0,3.91,2141.64,104.01,2026-10-06 16:33:57.939598
7776-QGYJC,39,Month-to-month,81.5,0.2328,Low,1,18.97,2166.9,504.46,2026-10-06 16:33:57.939598
9313-QOLTZ,26,Month-to-month,20.9,0.0486,Low,0,1.02,555.68,26.99,2026-10-06 16:33:57.939598
4672-FOTSD,12,Month-to-month,67.25,0.2013,Low,1,13.54,1788.03,359.93,2026-10-06 16:33:57.939598
9818-XQCUV,2,Month-to-month,20.35,0.0877,Low,1,1.79,541.06,47.46,2026-10-06 16:33:57.939598
7338-ERIVA,39,One year,45.05,0.0486,Low,0,2.19,1197.78,58.17,2026-10-06 16:33:57.939598
8259-NFJTV,7,Month-to-month,34.65,0.1364,Low,1,4.73,921.27,125.7,2026-10-06 16:33:57.939598
3223-DWFIO,4,Month-to-month,69.35,0.464,Medium,1,32.18,1843.86,855.55,2026-10-06 16:33:57.939598
6968-GMKPR,55,Month-to-month,81.55,0.2564,Low,1,20.91,2168.23,555.96,2026-10-06 16:33:57.939598
4751-ERMAN,72,Two year,75.4,0.0195,Low,0,1.47,2004.72,39.12,2026-10-06 16:33:57.939598
1436-ZMJAN,10,Month-to-month,67.8,0.2564,Low,1,17.38,1802.65,462.22,2026-10-06 16:33:57.939598
3292-PBZEJ,11,Month-to-month,111.4,0.878,High,1,97.81,2961.87,2600.67,2026-10-06 16:33:57.939598
0799-DDIHE,15,Month-to-month,46.3,0.314,Medium,1,14.54,1231.01,386.6,2026-10-06 16:33:57.939598
3070-FNFZQ,23,Two year,20.4,0.0085,Low,0,0.17,542.39,4.62,2026-10-06 16:33:57.939598
2812-SFXMJ,1,Month-to-month,20.05,0.3789,Medium,1,7.6,533.08,201.99,2026-10-06 16:33:57.939598
5014-WUQMG,47,One year,96.1,0.1364,Low,1,13.11,2555.08,348.63,2026-10-06 16:33:57.939598
5312-TSZVC,15,One year,19.65,0.0195,Low,0,0.38,522.45,10.19,2026-10-06 16:33:57.939598
0993-OSGPT,68,One year,60.65,0.0486,Low,0,2.95,1612.55,78.31,2026-10-06 16:33:57.939598
7108-DGVUU,21,One year,71.7,0.1364,Low,1,9.78,1906.34,260.11,2026-10-06 16:33:57.939598
2782-JEEBU,21,Month-to-month,36.0,0.1364,Low,1,4.91,957.16,130.6,2026-10-06 16:33:57.939598
5127-BZENZ,56,One year,65.2,0.0486,Low,0,3.17,1733.52,84.19,2026-10-06 16:33:57.939598
2720-FVBQP,6,Month-to-month,48.95,0.3552,Medium,1,17.39,1301.47,462.3,2026-10-06 16:33:57.939598
9906-NHHVC,65,Two year,53.5,0.0486,Low,0,2.6,1422.44,69.08,2026-10-06 16:33:57.939598
4522-XRWWI,42,One year,80.45,0.1364,Low,1,10.98,2138.98,291.85,2026-10-06 16:33:57.939598
3766-EJLFL,68,Two year,109.05,0.1364,Low,1,14.88,2899.39,395.61,2026-10-06 16:33:57.939598
5939-SXWHM,48,Two year,26.3,0.0085,Low,0,0.22,699.26,5.95,2026-10-06 16:33:57.939598
8152-UOBNY,50,One year,106.8,0.3552,Medium,1,37.94,2839.57,1008.65,2026-10-06 16:33:57.939598
7351-KYHQH,7,Month-to-month,64.95,0.3552,Medium,1,23.07,1726.87,613.41,2026-10-06 16:33:57.939598
7643-RCHXS,63,Two year,19.35,0.0195,Low,0,0.38,514.47,10.04,2026-10-06 16:33:57.939598
8246-SHFGA,17,Month-to-month,21.1,0.0877,Low,1,1.85,561.0,49.21,2026-10-06 16:33:57.939598
0620-XEFWH,4,Month-to-month,18.85,0.0486,Low,0,0.92,501.18,24.34,2026-10-06 16:33:57.939598
6485-QXWWE,62,Two year,26.0,0.0085,Low,0,0.22,691.28,5.88,2026-10-06 16:33:57.939598
7321-VGNKU,2,Month-to-month,70.35,0.5923,Medium,1,41.67,1870.45,1107.82,2026-10-06 16:33:57.939598
5327-CNLUQ,48,Two year,96.9,0.0877,Low,1,8.5,2576.35,226.0,2026-10-06 16:33:57.939598
7552-KEYGT,27,Two year,19.55,0.0195,Low,0,0.38,519.79,10.14,2026-10-06 16:33:57.939598
5816-JMLGY,70,Two year,80.4,0.0486,Low,0,3.9,2137.65,103.82,2026-10-06 16:33:57.939598
2927-QRRQV,46,One year,94.65,0.2564,Low,1,24.27,2516.53,645.26,2026-10-06 16:33:57.939598
6265-SXWBU,69,One year,95.75,0.0877,Low,1,8.4,2545.78,223.31,2026-10-06 16:33:57.939598
7941-RCJOW,65,Two year,19.55,0.0195,Low,0,0.38,519.79,10.14,2026-10-06 16:33:57.939598
6374-NTQLP,72,Two year,104.1,0.0195,Low,0,2.03,2767.78,54.01,2026-10-06 16:33:57.939598
2387-KDZQY,17,One year,20.1,0.0486,Low,0,0.98,534.41,25.95,2026-10-06 16:33:57.939598
3584-WKTTW,51,One year,111.55,0.2564,Low,1,28.6,2965.86,760.48,2026-10-06 16:33:57.939598
3399-BMLVW,51,Two year,60.5,0.0195,Low,0,1.18,1608.56,31.39,2026-10-06 16:33:57.939598
1971-DTCZB,72,Two year,90.95,0.0085,Low,0,0.77,2418.16,20.58,2026-10-06 16:33:57.939598
3374-PZLXD,34,Month-to-month,19.7,0.0486,Low,0,0.96,523.78,25.44,2026-10-06 16:33:57.939598
3813-DHBBB,67,Two year,50.95,0.0195,Low,0,0.99,1354.65,26.43,2026-10-06 16:33:57.939598
2812-REYAT,49,One year,20.05,0.0486,Low,0,0.97,533.08,25.89,2026-10-06 16:33:57.939598
6518-PPLMZ,53,Two year,19.4,0.0195,Low,0,0.38,515.8,10.06,2026-10-06 16:33:57.939598
4939-KYYPY,27,Month-to-month,59.45,0.1364,Low,1,8.11,1580.64,215.67,2026-10-06 16:33:57.939598
5930-GBIWP,69,Two year,81.5,0.0486,Low,0,3.96,2166.9,105.24,2026-10-06 16:33:57.939598
6022-KOUQO,2,Month-to-month,29.05,0.3789,Medium,1,11.01,772.37,292.66,2026-10-06 16:33:57.939598
2361-UPSND,46,One year,70.6,0.0877,Low,1,6.19,1877.09,164.66,2026-10-06 16:33:57.939598
6035-RIIOM,54,Two year,97.2,0.1348,Low,1,13.11,2584.33,348.45,2026-10-06 16:33:57.939598
9504-DSHWM,20,Month-to-month,59.2,0.1364,Low,1,8.08,1573.99,214.76,2026-10-06 16:33:57.939598
5035-BVCXS,11,Month-to-month,75.9,0.3552,Medium,1,26.96,2018.01,716.82,2026-10-06 16:33:57.939598
6267-DCFFZ,30,Month-to-month,90.05,0.5566,Medium,1,50.12,2394.23,1332.64,2026-10-06 16:33:57.939598
3533-UVMOM,68,Two year,70.95,0.0486,Low,0,3.45,1886.4,91.61,2026-10-06 16:33:57.939598
2439-LYPMQ,38,Month-to-month,102.6,0.6,High,1,61.56,2727.9,1636.74,2026-10-06 16:33:57.939598
1478-VPOAD,1,Month-to-month,43.8,0.464,Medium,1,20.32,1164.54,540.35,2026-10-06 16:33:57.939598
9995-HOTOH,63,Two year,59.0,0.0486,Low,0,2.87,1568.68,76.18,2026-10-06 16:33:57.939598
2988-PLAHS,3,One year,69.95,0.2564,Low,1,17.94,1859.81,476.88,2026-10-06 16:33:57.939598
1371-OJCEK,48,One year,24.35,0.0195,Low,0,0.48,647.41,12.63,2026-10-06 16:33:57.939598
4999-IEZLT,66,One year,29.45,0.0195,Low,0,0.57,783.01,15.28,2026-10-06 16:33:57.939598
8883-ANODQ,68,Two year,84.4,0.0877,Low,1,7.4,2244.01,196.84,2026-10-06 16:33:57.939598
2351-RRBUE,7,One year,20.65,0.0486,Low,0,1.0,549.04,26.66,2026-10-06 16:33:57.939598
5980-BDHPY,72,Two year,87.1,0.0085,Low,0,0.74,2315.79,19.71,2026-10-06 16:33:57.939598
1498-DQNRX,29,Month-to-month,19.85,0.0877,Low,1,1.74,527.77,46.3,2026-10-06 16:33:57.939598
9469-WEJBT,37,Month-to-month,90.35,0.2564,Low,1,23.17,2402.2,615.95,2026-10-06 16:33:57.939598
2581-VKIRT,59,One year,65.5,0.0195,Low,0,1.28,1741.5,33.98,2026-10-06 16:33:57.939598
7426-WEIJX,60,Month-to-month,80.95,0.2564,Low,1,20.76,2152.28,551.87,2026-10-06 16:33:57.939598
2851-MMUTZ,27,Month-to-month,56.15,0.1348,Low,1,7.57,1492.9,201.29,2026-10-06 16:33:57.939598
3307-TLCUD,17,Month-to-month,34.4,0.2328,Low,1,8.01,914.62,212.93,2026-10-06 16:33:57.939598
6625-FLENO,58,Two year,20.75,0.0195,Low,0,0.4,551.7,10.76,2026-10-06 16:33:57.939598
2967-MXRAV,1,One year,18.8,0.0871,Low,1,1.64,499.85,43.56,2026-10-06 16:33:57.939598
8189-HBVRW,53,Month-to-month,90.8,0.2013,Low,1,18.28,2414.17,485.97,2026-10-06 16:33:57.939598
4163-KIUHY,35,Month-to-month,25.6,0.1364,Low,1,3.49,680.65,92.87,2026-10-06 16:33:57.939598
3500-NSDOA,68,Two year,70.8,0.0486,Low,0,3.44,1882.41,91.42,2026-10-06 16:33:57.939598
1171-TYKUR,47,Month-to-month,25.4,0.1348,Low,1,3.42,675.33,91.06,2026-10-06 16:33:57.939598
3761-FLYZI,65,Month-to-month,108.8,0.3552,Medium,1,38.65,2892.75,1027.54,2026-10-06 16:33:57.939598
1219-NNDDO,9,Month-to-month,76.85,0.6392,High,1,49.12,2043.27,1306.01,2026-10-06 16:33:57.939598
8388-DMKAE,8,Two year,20.25,0.0195,Low,0,0.4,538.4,10.51,2026-10-06 16:33:57.939598
4403-BWPAY,14,One year,24.8,0.0486,Low,0,1.2,659.38,32.02,2026-10-06 16:33:57.939598
9659-QEQSY,45,Month-to-month,115.65,0.3552,Medium,1,41.08,3074.87,1092.23,2026-10-06 16:33:57.939598
5405-ZMYXQ,8,Month-to-month,74.6,0.6,High,1,44.76,1983.45,1190.07,2026-10-06 16:33:57.939598
1442-OKRJE,66,One year,103.15,0.1364,Low,1,14.07,2742.53,374.2,2026-10-06 16:33:57.939598
4737-AQCPU,72,Two year,72.1,0.0085,Low,0,0.61,1916.98,16.31,2026-10-06 16:33:57.939598
2808-CHTDM,23,Two year,25.1,0.0195,Low,0,0.49,667.35,13.02,2026-10-06 16:33:57.939598
0793-TWELN,4,Month-to-month,80.15,0.6491,High,1,52.03,2131.01,1383.29,2026-10-06 16:33:57.939598
3283-WCWXT,6,Two year,25.4,0.0195,Low,0,0.5,675.33,13.18,2026-10-06 16:33:57.939598
1060-ENTOF,67,One year,105.4,0.1364,Low,1,14.38,2802.35,382.37,2026-10-06 16:33:57.939598
0999-QXNSA,7,Month-to-month,45.75,0.2328,Low,1,10.65,1216.39,283.18,2026-10-06 16:33:57.939598
5451-MHQOF,56,One year,24.45,0.0163,Low,0,0.4,650.07,10.62,2026-10-06 16:33:57.939598
4836-WNFNO,72,Two year,25.0,0.0,Low,0,0.0,664.69,0.0,2026-10-06 16:33:57.939598
9225-BZLNZ,72,Two year,85.25,0.0486,Low,0,4.14,2266.61,110.08,2026-10-06 16:33:57.939598
0354-VXMJC,23,Two year,19.6,0.0085,Low,0,0.17,521.12,4.44,2026-10-06 16:33:57.939598
4422-QVIJA,35,Month-to-month,50.15,0.0877,Low,1,4.4,1333.38,116.96,2026-10-06 16:33:57.939598
9365-SRSZE,27,Month-to-month,70.55,0.3552,Medium,1,25.06,1875.77,666.29,2026-10-06 16:33:57.939598
8332-OSJDW,12,One year,26.4,0.0486,Low,0,1.28,701.92,34.09,2026-10-06 16:33:57.939598
4735-BJKOU,40,Two year,20.15,0.0163,Low,0,0.33,535.74,8.75,2026-10-06 16:33:57.939598
0274-JKUJR,7,Month-to-month,58.85,0.2328,Low,1,13.7,1564.69,364.27,2026-10-06 16:33:57.939598
5740-YHGTW,70,Month-to-month,97.55,0.1364,Low,1,13.31,2593.63,353.89,2026-10-06 16:33:57.939598
8917-SZTTJ,60,Two year,19.65,0.0195,Low,0,0.38,522.45,10.19,2026-10-06 16:33:57.939598
1696-MZVAU,39,One year,25.25,0.1364,Low,1,3.45,671.34,91.6,2026-10-06 16:33:57.939598
7359-WWYJV,72,Two year,114.45,0.0195,Low,0,2.23,3042.97,59.37,2026-10-06 16:33:57.939598
4906-ZHGPK,54,One year,70.7,0.0486,Low,0,3.43,1879.75,91.29,2026-10-06 16:33:57.939598
3795-GWTRD,63,Two year,75.55,0.0195,Low,0,1.47,2008.7,39.19,2026-10-06 16:33:57.939598
1298-PHBTI,71,Two year,84.8,0.0877,Low,1,7.44,2254.64,197.78,2026-10-06 16:33:57.939598
6223-DHJGV,42,One year,20.65,0.0195,Low,0,0.4,549.04,10.71,2026-10-06 16:33:57.939598
6961-MJKBO,47,Two year,20.45,0.0163,Low,0,0.33,543.72,8.88,2026-10-06 16:33:57.939598
8158-WPEZG,11,Month-to-month,35.65,0.314,Medium,1,11.2,947.85,297.67,2026-10-06 16:33:57.939598
4918-FYJNT,55,Month-to-month,90.45,0.2013,Low,1,18.21,2404.86,484.1,2026-10-06 16:33:57.939598
0727-BNRLG,69,Two year,97.65,0.0486,Low,0,4.74,2596.29,126.09,2026-10-06 16:33:57.939598
4854-CIDCF,3,Month-to-month,73.85,0.5566,Medium,1,41.11,1963.5,1092.89,2026-10-06 16:33:57.939598
3280-MRDOF,30,Two year,69.1,0.0486,Low,0,3.36,1837.21,89.22,2026-10-06 16:33:57.939598
6435-SRWBJ,5,Month-to-month,82.75,0.6491,High,1,53.71,2200.14,1428.16,2026-10-06 16:33:57.939598
9964-WBQDJ,71,Two year,24.4,0.0085,Low,0,0.21,648.74,5.52,2026-10-06 16:33:57.939598
6303-KFWSL,29,One year,55.25,0.1364,Low,1,7.54,1468.97,200.43,2026-10-06 16:33:57.939598
1702-CCFNJ,52,Month-to-month,61.35,0.1364,Low,1,8.37,1631.16,222.56,2026-10-06 16:33:57.939598
8932-CZHRQ,68,One year,76.75,0.1364,Low,1,10.47,2040.61,278.43,2026-10-06 16:33:57.939598
0386-CWRGM,46,Two year,19.4,0.0163,Low,0,0.32,515.8,8.43,2026-10-06 16:33:57.939598
5515-RUGKN,8,Month-to-month,54.75,0.3552,Medium,1,19.45,1455.68,517.08,2026-10-06 16:33:57.939598
0404-AHASP,72,Two year,19.7,0.0085,Low,0,0.17,523.78,4.46,2026-10-06 16:33:57.939598
7279-NMVJC,17,One year,19.9,0.0486,Low,0,0.97,529.1,25.7,2026-10-06 16:33:57.939598
2081-VEYEH,3,Month-to-month,107.95,0.6392,High,1,69.0,2870.15,1834.53,2026-10-06 16:33:57.939598
6407-UTSLV,2,Month-to-month,83.8,0.6491,High,1,54.4,2228.05,1446.28,2026-10-06 16:33:57.939598
9060-HJJRW,51,One year,56.4,0.2013,Low,1,11.35,1499.55,301.86,2026-10-06 16:33:57.939598
2587-YNLES,6,Two year,20.1,0.0195,Low,0,0.39,534.41,10.43,2026-10-06 16:33:57.939598
7398-SKNQZ,3,Month-to-month,94.9,0.6491,High,1,61.6,2523.18,1637.85,2026-10-06 16:33:57.939598
5935-FCCNB,17,Month-to-month,94.2,0.6491,High,1,61.15,2504.57,1625.77,2026-10-06 16:33:57.939598
1958-RNRKS,30,Month-to-month,49.9,0.2564,Low,1,12.79,1326.73,340.19,2026-10-06 16:33:57.939598
5136-RGMZO,31,Month-to-month,71.05,0.2328,Low,1,16.54,1889.06,439.78,2026-10-06 16:33:57.939598
8345-MVDYC,45,Two year,81.65,0.0195,Low,0,1.59,2170.89,42.36,2026-10-06 16:33:57.939598
8226-BXGES,64,One year,89.45,0.0486,Low,0,4.34,2378.27,115.5,2026-10-06 16:33:57.939598
9705-IOVQQ,61,One year,99.0,0.1364,Low,1,13.51,2632.19,359.15,2026-10-06 16:33:57.939598
1015-OWJKI,1,Month-to-month,19.05,0.2013,Low,1,3.83,506.5,101.96,2026-10-06 16:33:57.939598
2040-XBAVJ,72,Two year,114.45,0.0195,Low,0,2.23,3042.97,59.37,2026-10-06 16:33:57.939598
8887-IPQNC,7,Month-to-month,44.25,0.314,Medium,1,13.9,1176.51,369.48,2026-10-06 16:33:57.939598
8646-JCOMS,66,One year,90.55,0.0877,Low,1,7.94,2407.52,211.19,2026-10-06 16:33:57.939598
1222-KJNZD,40,Month-to-month,20.4,0.0486,Low,0,0.99,542.39,26.34,2026-10-06 16:33:57.939598
0106-GHRQR,16,Month-to-month,71.4,0.314,Medium,1,22.42,1898.36,596.18,2026-10-06 16:33:57.939598
3768-VHXQO,67,Two year,24.85,0.0195,Low,0,0.48,660.71,12.89,2026-10-06 16:33:57.939598
8952-WCVCD,41,One year,104.45,0.2564,Low,1,26.78,2777.09,712.07,2026-10-06 16:33:57.939598
2418-TPEUN,56,Two year,19.8,0.0195,Low,0,0.39,526.44,10.27,2026-10-06 16:33:57.939598
3963-RYFNS,72,Two year,116.45,0.0195,Low,0,2.27,3096.14,60.41,2026-10-06 16:33:57.939598
8540-ZQGEA,54,Two year,20.05,0.0163,Low,0,0.33,533.08,8.71,2026-10-06 16:33:57.939598
1320-REHCS,52,Month-to-month,110.75,0.3552,Medium,1,39.34,2944.59,1045.96,2026-10-06 16:33:57.939598
4137-JOPHL,50,Two year,89.7,0.0486,Low,0,4.36,2384.92,115.82,2026-10-06 16:33:57.939598
7801-CEDNV,27,One year,48.7,0.0486,Low,0,2.37,1294.82,62.88,2026-10-06 16:33:57.939598
2057-BOYKM,72,Two year,96.6,0.0085,Low,0,0.82,2568.38,21.86,2026-10-06 16:33:57.939598
3658-QQJYD,62,One year,74.3,0.0877,Low,1,6.52,1975.47,173.29,2026-10-06 16:33:57.939598
1803-BGNBD,12,Month-to-month,54.3,0.2564,Low,1,13.92,1443.71,370.18,2026-10-06 16:33:57.939598
0134-XWXCE,44,One year,74.85,0.1364,Low,1,10.21,1990.09,271.54,2026-10-06 16:33:57.939598
6950-TWMYB,54,Two year,79.95,0.0195,Low,0,1.56,2125.69,41.48,2026-10-06 16:33:57.939598
5848-FHRFC,68,Two year,20.05,0.0085,Low,0,0.17,533.08,4.54,2026-10-06 16:33:57.939598
2243-FNMMI,20,Month-to-month,19.4,0.0486,Low,0,0.94,515.8,25.05,2026-10-06 16:33:57.939598
2511-MORQY,50,One year,54.9,0.1348,Low,1,7.4,1459.67,196.81,2026-10-06 16:33:57.939598
5356-KZCKT,58,Two year,24.45,0.0163,Low,0,0.4,650.07,10.62,2026-10-06 16:33:57.939598
9470-XCCEM,35,Month-to-month,89.65,0.314,Medium,1,28.15,2383.59,748.57,2026-10-06 16:33:57.939598
6519-CFDBX,2,Month-to-month,45.4,0.6395,High,1,29.03,1207.08,771.97,2026-10-06 16:33:57.939598
3902-MIVLE,63,Two year,75.7,0.0195,Low,0,1.48,2012.69,39.27,2026-10-06 16:33:57.939598
0409-WTMPL,58,One year,110.65,0.2013,Low,1,22.27,2941.93,592.21,2026-10-06 16:33:57.939598
8763-KIAFH,27,One year,20.55,0.0195,Low,0,0.4,546.38,10.66,2026-10-06 16:33:57.939598
3669-WHAFY,71,Two year,115.15,0.0486,Low,0,5.59,3061.58,148.69,2026-10-06 16:33:57.939598
3055-VTCGS,63,One year,58.55,0.0486,Low,0,2.84,1556.71,75.6,2026-10-06 16:33:57.939598
3144-KMTWZ,71,Month-to-month,93.25,0.1913,Low,1,17.84,2479.31,474.36,2026-10-06 16:33:57.939598
2007-QVGAW,68,Two year,19.35,0.0195,Low,0,0.38,514.47,10.04,2026-10-06 16:33:57.939598
5207-PLSTK,1,Month-to-month,48.75,0.4348,Medium,1,21.2,1296.15,563.54,2026-10-06 16:33:57.939598
2307-FYNNL,65,Two year,109.05,0.2328,Low,1,25.39,2899.39,674.99,2026-10-06 16:33:57.939598
5605-XNWEN,72,Two year,25.0,0.0085,Low,0,0.21,664.69,5.66,2026-10-06 16:33:57.939598
2155-AMQRX,28,Month-to-month,54.9,0.1364,Low,1,7.49,1459.67,199.16,2026-10-06 16:33:57.939598
6181-AXXYF,72,Two year,24.75,0.0,Low,0,0.0,658.05,0.0,2026-10-06 16:33:57.939598
5091-HFAZW,2,Month-to-month,91.15,0.5923,Medium,1,53.99,2423.47,1435.36,2026-10-06 16:33:57.939598
2519-LBNQL,60,One year,104.35,0.3552,Medium,1,37.07,2774.43,985.51,2026-10-06 16:33:57.939598
8623-ULFNQ,26,Month-to-month,66.05,0.314,Medium,1,20.74,1756.12,551.51,2026-10-06 16:33:57.939598
1568-LJSZU,68,Two year,92.2,0.0195,Low,0,1.8,2451.39,47.83,2026-10-06 16:33:57.939598
7789-HKSBS,42,One year,105.2,0.3789,Medium,1,39.86,2797.03,1059.81,2026-10-06 16:33:57.939598
7416-CKTEP,57,Two year,19.6,0.0195,Low,0,0.38,521.12,10.17,2026-10-06 16:33:57.939598
2586-CWXVV,54,Month-to-month,30.4,0.2328,Low,1,7.08,808.27,188.17,2026-10-06 16:33:57.939598
2348-KCJLT,44,One year,61.5,0.0486,Low,0,2.99,1635.15,79.41,2026-10-06 16:33:57.939598
8401-EMUWF,42,Month-to-month,69.4,0.1364,Low,1,9.47,1845.19,251.77,2026-10-06 16:33:57.939598
4193-IBKSW,72,Two year,24.75,0.0,Low,0,0.0,658.05,0.0,2026-10-06 16:33:57.939598
5377-NDTOU,71,Two year,91.05,0.0085,Low,0,0.77,2420.81,20.6,2026-10-06 16:33:57.939598
2474-LCNUE,23,Month-to-month,73.65,0.1364,Low,1,10.05,1958.19,267.19,2026-10-06 16:33:57.939598
0839-QNXME,30,Two year,19.4,0.0195,Low,0,0.38,515.8,10.06,2026-10-06 16:33:57.939598
3506-OVLKD,35,One year,26.2,0.0195,Low,0,0.51,696.6,13.59,2026-10-06 16:33:57.939598
6650-VJONK,1,Month-to-month,43.85,0.5103,Medium,1,22.38,1165.87,595.0,2026-10-06 16:33:57.939598
2178-PMGCJ,22,Month-to-month,69.7,0.2564,Low,1,17.87,1853.17,475.17,2026-10-06 16:33:57.939598
7492-TAFJD,7,Two year,38.55,0.0486,Low,0,1.87,1024.96,49.78,2026-10-06 16:33:57.939598
2773-MADBQ,36,Two year,53.1,0.0163,Low,0,0.87,1411.81,23.07,2026-10-06 16:33:57.939598
6016-LVTJQ,34,Month-to-month,20.65,0.0195,Low,0,0.4,549.04,10.71,2026-10-06 16:33:57.939598
7860-KSUGX,72,Two year,64.45,0.0085,Low,0,0.55,1713.58,14.58,2026-10-06 16:33:57.939598
8966-KZXXA,36,Two year,25.1,0.0195,Low,0,0.49,667.35,13.02,2026-10-06 16:33:57.939598
5149-QYTTU,71,One year,95.15,0.0195,Low,0,1.86,2529.82,49.36,2026-10-06 16:33:57.939598
2070-XYMFH,23,Month-to-month,79.35,0.464,Medium,1,36.82,2109.74,978.92,2026-10-06 16:33:57.939598
2085-BOJKI,17,One year,96.65,0.314,Medium,1,30.35,2569.71,807.01,2026-10-06 16:33:57.939598
0817-HSUSE,1,Month-to-month,75.5,0.5103,Medium,1,38.53,2007.37,1024.45,2026-10-06 16:33:57.939598
5442-PPTJY,12,Two year,19.7,0.0195,Low,0,0.38,523.78,10.22,2026-10-06 16:33:57.939598
1927-QEWMY,72,Two year,20.5,0.0,Low,0,0.0,545.05,0.0,2026-10-06 16:33:57.939598
1663-MHLHE,1,Month-to-month,19.2,0.2013,Low,1,3.86,510.48,102.76,2026-10-06 16:33:57.939598
5663-QBGIS,72,Two year,98.35,0.0486,Low,0,4.78,2614.9,126.99,2026-10-06 16:33:57.939598
4450-MDZFX,60,Month-to-month,74.35,0.2328,Low,1,17.31,1976.8,460.21,2026-10-06 16:33:57.939598
6701-DHKWQ,61,Two year,51.35,0.0195,Low,0,1.0,1365.28,26.64,2026-10-06 16:33:57.939598
7554-AKDQF,6,Month-to-month,45.65,0.2564,Low,1,11.71,1213.73,311.21,2026-10-06 16:33:57.939598
0794-YVSGE,72,Two year,20.3,0.0,Low,0,0.0,539.73,0.0,2026-10-06 16:33:57.939598
5423-BHIXO,32,Month-to-month,54.2,0.2328,Low,1,12.62,1441.06,335.48,2026-10-06 16:33:57.939598
6908-VVYHM,65,Month-to-month,90.65,0.314,Medium,1,28.47,2410.18,756.92,2026-10-06 16:33:57.939598
2959-EEXWB,45,Month-to-month,50.9,0.1364,Low,1,6.95,1353.32,184.65,2026-10-06 16:33:57.939598
1839-UMACK,42,One year,25.05,0.0486,Low,0,1.22,666.02,32.35,2026-10-06 16:33:57.939598
3030-YDNRM,8,Month-to-month,74.85,0.6392,High,1,47.84,1990.09,1272.02,2026-10-06 16:33:57.939598
7321-KKSDU,32,Two year,20.5,0.0085,Low,0,0.17,545.05,4.64,2026-10-06 16:33:57.939598
3402-XRIUO,22,Month-to-month,63.55,0.1364,Low,1,8.67,1689.65,230.54,2026-10-06 16:33:57.939598
8286-AFUYI,1,Month-to-month,47.95,0.3789,Medium,1,18.17,1274.88,483.06,2026-10-06 16:33:57.939598
8356-WUAOJ,1,Month-to-month,45.0,0.5923,Medium,1,26.65,1196.45,708.63,2026-10-06 16:33:57.939598
8058-DMYRU,54,Month-to-month,90.05,0.3789,Medium,1,34.12,2394.23,907.19,2026-10-06 16:33:57.939598
9350-ZXYJC,4,Two year,25.3,0.0195,Low,0,0.49,672.67,13.13,2026-10-06 16:33:57.939598
8958-JPTRR,56,One year,24.3,0.0486,Low,0,1.18,646.08,31.38,2026-10-06 16:33:57.939598
6959-GQEGV,45,Month-to-month,75.95,0.1364,Low,1,10.36,2019.34,275.53,2026-10-06 16:33:57.939598
3173-WSSUE,71,Two year,19.7,0.0085,Low,0,0.17,523.78,4.46,2026-10-06 16:33:57.939598
1265-HVPZB,59,One year,66.4,0.0486,Low,0,3.22,1765.43,85.74,2026-10-06 16:33:57.939598
4115-UMJFQ,69,One year,35.75,0.0877,Low,1,3.14,950.51,83.38,2026-10-06 16:33:57.939598
7369-TRPFD,19,One year,18.8,0.0163,Low,0,0.31,499.85,8.17,2026-10-06 16:33:57.939598
1098-KFQEC,55,Two year,19.4,0.0195,Low,0,0.38,515.8,10.06,2026-10-06 16:33:57.939598
7190-XHTWJ,38,One year,19.3,0.0163,Low,0,0.32,513.14,8.38,2026-10-06 16:33:57.939598
3537-RYBHH,47,Month-to-month,67.45,0.1364,Low,1,9.2,1793.34,244.69,2026-10-06 16:33:57.939598
5296-BFCYD,46,Two year,20.1,0.0085,Low,0,0.17,534.41,4.55,2026-10-06 16:33:57.939598
9359-JANWS,65,Two year,58.9,0.0085,Low,0,0.5,1566.02,13.33,2026-10-06 16:33:57.939598
3279-DYZQM,71,Two year,19.45,0.0085,Low,0,0.17,517.13,4.4,2026-10-06 16:33:57.939598
0523-VNGTF,52,Month-to-month,50.5,0.1364,Low,1,6.89,1342.68,183.2,2026-10-06 16:33:57.939598
9575-IWCAZ,6,One year,25.1,0.0877,Low,1,2.2,667.35,58.54,2026-10-06 16:33:57.939598
7105-MXJLL,26,One year,60.7,0.1364,Low,1,8.28,1613.88,220.21,2026-10-06 16:33:57.939598
7064-FRRSW,48,One year,99.0,0.3552,Medium,1,35.17,2632.19,934.99,2026-10-06 16:33:57.939598
7940-UQQUG,64,One year,104.4,0.1364,Low,1,14.24,2775.76,378.74,2026-10-06 16:33:57.939598
3961-SXAXY,1,Month-to-month,44.05,0.5103,Medium,1,22.48,1171.19,597.71,2026-10-06 16:33:57.939598
7010-BRBUU,72,Two year,24.1,0.0,Low,0,0.0,640.76,0.0,2026-10-06 16:33:57.939598
3566-HJGPK,1,Month-to-month,45.55,0.5923,Medium,1,26.98,1211.07,717.29,2026-10-06 16:33:57.939598
3062-ICYZQ,51,Month-to-month,93.8,0.2564,Low,1,24.05,2493.93,639.47,2026-10-06 16:33:57.939598
9938-PRCVK,41,Two year,19.7,0.0163,Low,0,0.32,523.78,8.56,2026-10-06 16:33:57.939598
0973-KYVNF,72,Two year,70.65,0.0085,Low,0,0.6,1878.42,15.99,2026-10-06 16:33:57.939598
5129-HHMZC,43,Two year,86.45,0.0195,Low,0,1.69,2298.51,44.85,2026-10-06 16:33:57.939598
9637-CDTKZ,72,Two year,114.1,0.0195,Low,0,2.23,3033.66,59.19,2026-10-06 16:33:57.939598
3946-JEWRQ,47,One year,95.2,0.2564,Low,1,24.41,2531.15,649.01,2026-10-06 16:33:57.939598
7873-CVMAW,72,Two year,88.55,0.0085,Low,0,0.75,2354.34,20.04,2026-10-06 16:33:57.939598
0463-WZZKO,3,Month-to-month,20.75,0.1348,Low,1,2.8,551.7,74.39,2026-10-06 16:33:57.939598
4524-QCSSM,26,Month-to-month,44.65,0.2564,Low,1,11.45,1187.14,304.4,2026-10-06 16:33:57.939598
5832-EXGTT,29,Month-to-month,60.2,0.1364,Low,1,8.21,1600.58,218.39,2026-10-06 16:33:57.939598
2039-JONDJ,27,One year,55.45,0.0486,Low,0,2.69,1474.29,71.6,2026-10-06 16:33:57.939598
7217-JYHOQ,24,Month-to-month,70.3,0.1348,Low,1,9.48,1869.12,252.02,2026-10-06 16:33:57.939598
6695-FRVEC,67,Two year,60.4,0.0085,Low,0,0.51,1605.9,13.67,2026-10-06 16:33:57.939598
9894-QMIMJ,23,One year,55.8,0.0486,Low,0,2.71,1483.6,72.05,2026-10-06 16:33:57.939598
8069-YQQAJ,14,Month-to-month,31.1,0.314,Medium,1,9.77,826.88,259.68,2026-10-06 16:33:57.939598
1636-NTNCO,4,Month-to-month,50.95,0.6,High,1,30.57,1354.65,812.79,2026-10-06 16:33:57.939598
3466-WAESX,16,Month-to-month,69.1,0.314,Medium,1,21.7,1837.21,576.98,2026-10-06 16:33:57.939598
9281-PKKZE,46,Month-to-month,43.95,0.2564,Low,1,11.27,1168.53,299.62,2026-10-06 16:33:57.939598
3638-VBZTA,68,Two year,86.5,0.0195,Low,0,1.69,2299.84,44.87,2026-10-06 16:33:57.939598
7459-IMVYU,38,Month-to-month,69.95,0.1364,Low,1,9.54,1859.81,253.76,2026-10-06 16:33:57.939598
8563-OYMQY,17,Month-to-month,90.95,0.3552,Medium,1,32.31,2418.16,858.96,2026-10-06 16:33:57.939598
0754-EEBDC,4,Two year,19.9,0.0195,Low,0,0.39,529.1,10.32,2026-10-06 16:33:57.939598
5777-ZPQNC,12,One year,20.15,0.0486,Low,0,0.98,535.74,26.02,2026-10-06 16:33:57.939598
1951-IEYXM,72,Two year,90.6,0.0085,Low,0,0.77,2408.85,20.5,2026-10-06 16:33:57.939598
3318-NMQXL,3,Month-to-month,92.0,0.6491,High,1,59.72,2446.07,1587.8,2026-10-06 16:33:57.939598
1022-RKXDR,41,One year,24.85,0.0195,Low,0,0.48,660.71,12.89,2026-10-06 16:33:57.939598
2361-FJWNO,40,One year,36.0,0.0486,Low,0,1.75,957.16,46.48,2026-10-06 16:33:57.939598
2272-UOINI,7,Month-to-month,78.5,0.2564,Low,1,20.13,2087.14,535.16,2026-10-06 16:33:57.939598
8232-UTFOZ,69,Two year,19.95,0.0085,Low,0,0.17,530.43,4.51,2026-10-06 16:33:57.939598
3750-YHRYO,7,One year,20.65,0.0486,Low,0,1.0,549.04,26.66,2026-10-06 16:33:57.939598
6637-KYRCV,5,Month-to-month,30.5,0.3552,Medium,1,10.83,810.93,288.05,2026-10-06 16:33:57.939598
5668-MEISB,72,Two year,106.1,0.0163,Low,0,1.73,2820.96,46.09,2026-10-06 16:33:57.939598
0129-QMPDR,44,One year,20.5,0.0195,Low,0,0.4,545.05,10.64,2026-10-06 16:33:57.939598
7188-CBBBA,65,One year,95.5,0.1364,Low,1,13.03,2539.13,346.45,2026-10-06 16:33:57.939598
5356-CSVSQ,3,Month-to-month,64.6,0.3552,Medium,1,22.95,1717.57,610.1,2026-10-06 16:33:57.939598
3221-CJMSG,24,Month-to-month,51.1,0.0877,Low,1,4.48,1358.63,119.18,2026-10-06 16:33:57.939598
3219-JQRSL,72,Two year,89.1,0.0085,Low,0,0.76,2368.97,20.16,2026-10-06 16:33:57.939598
2801-NISEI,24,Month-to-month,54.95,0.1348,Low,1,7.41,1461.0,196.99,2026-10-06 16:33:57.939598
4623-ZKHLY,22,Month-to-month,20.45,0.0486,Low,0,0.99,543.72,26.41,2026-10-06 16:33:57.939598
6732-VAILE,70,Two year,85.95,0.0486,Low,0,4.17,2285.22,110.98,2026-10-06 16:33:57.939598
8201-AAXCB,25,Month-to-month,60.35,0.2328,Low,1,14.05,1604.57,373.55,2026-10-06 16:33:57.939598
7696-CFTAT,37,Two year,19.8,0.0163,Low,0,0.32,526.44,8.6,2026-10-06 16:33:57.939598
1845-CSBRZ,22,Month-to-month,85.35,0.3552,Medium,1,30.32,2269.26,806.07,2026-10-06 16:33:57.939598
2123-VSCOT,59,Two year,72.1,0.0195,Low,0,1.41,1916.98,37.4,2026-10-06 16:33:57.939598
2018-QKYGT,1,Month-to-month,81.05,0.8864,High,1,71.84,2154.94,1910.06,2026-10-06 16:33:57.939598
2792-VPPET,3,Month-to-month,20.5,0.1364,Low,1,2.8,545.05,74.37,2026-10-06 16:33:57.939598
7409-JURKQ,53,One year,111.8,0.2564,Low,1,28.67,2972.51,762.18,2026-10-06 16:33:57.939598
3247-MHJKM,1,Month-to-month,20.2,0.3552,Medium,1,7.18,537.07,190.77,2026-10-06 16:33:57.939598
1964-SVLEA,20,One year,19.7,0.0195,Low,0,0.38,523.78,10.22,2026-10-06 16:33:57.939598
7297-DVYGA,51,One year,19.85,0.0195,Low,0,0.39,527.77,10.3,2026-10-06 16:33:57.939598
2239-CGBUZ,51,One year,60.5,0.0486,Low,0,2.94,1608.56,78.12,2026-10-06 16:33:57.939598
0854-UYHZD,13,Two year,19.55,0.0163,Low,0,0.32,519.79,8.49,2026-10-06 16:33:57.939598
7243-LCGGZ,1,Month-to-month,20.9,0.3552,Medium,1,7.42,555.68,197.39,2026-10-06 16:33:57.939598
8267-KFGYD,1,Month-to-month,21.05,0.314,Medium,1,6.61,559.67,175.76,2026-10-06 16:33:57.939598
4890-VMUAV,63,One year,71.5,0.0877,Low,1,6.27,1901.02,166.76,2026-10-06 16:33:57.939598
9261-WDCAF,3,Month-to-month,54.65,0.3789,Medium,1,20.71,1453.02,550.56,2026-10-06 16:33:57.939598
3764-MNMOI,46,Two year,19.2,0.0,Low,0,0.0,510.48,0.0,2026-10-06 16:33:57.939598
7442-YGZFK,1,Month-to-month,49.8,0.5923,Medium,1,29.5,1324.07,784.21,2026-10-06 16:33:57.939598
8229-BUJHX,71,Two year,20.5,0.0085,Low,0,0.17,545.05,4.64,2026-10-06 16:33:57.939598
7449-HVPIV,55,Month-to-month,90.4,0.2564,Low,1,23.18,2403.53,616.29,2026-10-06 16:33:57.939598
5504-WSIUR,70,One year,90.25,0.0486,Low,0,4.38,2399.54,116.53,2026-10-06 16:33:57.939598
8466-PZBLH,67,Two year,104.6,0.1364,Low,1,14.27,2781.08,379.46,2026-10-06 16:33:57.939598
8735-IJJEG,14,Month-to-month,50.2,0.1364,Low,1,6.85,1334.7,182.11,2026-10-06 16:33:57.939598
0564-MUUQK,20,Month-to-month,95.5,0.3789,Medium,1,36.19,2539.13,962.09,2026-10-06 16:33:57.939598
0701-RFGFI,49,Month-to-month,95.4,0.314,Medium,1,29.96,2536.47,796.58,2026-10-06 16:33:57.939598
0019-EFAEP,72,Two year,101.3,0.0163,Low,0,1.66,2693.34,44.01,2026-10-06 16:33:57.939598
5619-PTMIK,46,Month-to-month,53.1,0.2328,Low,1,12.36,1411.81,328.68,2026-10-06 16:33:57.939598
3737-XBQDD,24,Month-to-month,84.85,0.3789,Medium,1,32.15,2255.97,854.8,2026-10-06 16:33:57.939598
5882-CMAZQ,5,Month-to-month,34.25,0.2013,Low,1,6.89,910.63,183.31,2026-10-06 16:33:57.939598
5846-QFDFI,33,Month-to-month,88.6,0.2013,Low,1,17.84,2355.67,474.19,2026-10-06 16:33:57.939598
4445-KWOKW,42,One year,60.15,0.0486,Low,0,2.92,1599.25,77.67,2026-10-06 16:33:57.939598
3511-APPBJ,23,One year,99.95,0.3789,Medium,1,37.87,2657.44,1006.92,2026-10-06 16:33:57.939598
7967-HYCDE,8,Month-to-month,70.7,0.3789,Medium,1,26.79,1879.75,712.25,2026-10-06 16:33:57.939598
2430-RRYUW,66,One year,54.8,0.0195,Low,0,1.07,1457.01,28.43,2026-10-06 16:33:57.939598
3723-BFBGR,24,Month-to-month,54.8,0.2013,Low,1,11.03,1457.01,293.29,2026-10-06 16:33:57.939598
5447-WZAFP,53,One year,100.3,0.1364,Low,1,13.69,2666.75,363.87,2026-10-06 16:33:57.939598
5110-CHOPY,60,Two year,53.6,0.0486,Low,0,2.6,1425.1,69.21,2026-10-06 16:33:57.939598
4425-OWHWB,20,One year,19.35,0.0195,Low,0,0.38,514.47,10.04,2026-10-06 16:33:57.939598
7892-QVYKW,23,Month-to-month,85.6,0.314,Medium,1,26.88,2275.91,714.75,2026-10-06 16:33:57.939598
9675-ICXCT,72,Two year,80.8,0.0195,Low,0,1.58,2148.29,41.92,2026-10-06 16:33:57.939598
4703-MQYKT,21,Two year,19.6,0.0163,Low,0,0.32,521.12,8.52,2026-10-06 16:33:57.939598
5692-ICXLW,31,Month-to-month,90.7,0.5566,Medium,1,50.48,2411.51,1342.25,2026-10-06 16:33:57.939598
0602-DDUML,57,Two year,69.75,0.0195,Low,0,1.36,1854.5,36.19,2026-10-06 16:33:57.939598
2208-MPXIO,45,Two year,20.0,0.0163,Low,0,0.33,531.75,8.69,2026-10-06 16:33:57.939598
1960-UYCNN,10,Month-to-month,95.25,0.6491,High,1,61.83,2532.48,1643.89,2026-10-06 16:33:57.939598
3190-FZATL,14,Month-to-month,19.95,0.1348,Low,1,2.69,530.43,71.52,2026-10-06 16:33:57.939598
7336-RLLRH,27,One year,80.85,0.1348,Low,1,10.9,2149.62,289.84,2026-10-06 16:33:57.939598
7710-JSYOA,69,Two year,93.3,0.0486,Low,0,4.53,2480.64,120.47,2026-10-06 16:33:57.939598
9885-MFVSU,35,Two year,46.35,0.0163,Low,0,0.76,1232.34,20.14,2026-10-06 16:33:57.939598
0607-MVMGC,45,One year,78.75,0.1364,Low,1,10.75,2093.78,285.69,2026-10-06 16:33:57.939598
3365-SAIGS,17,Month-to-month,83.55,0.5103,Medium,1,42.64,2221.41,1133.68,2026-10-06 16:33:57.939598
8022-BECSI,22,One year,19.6,0.0195,Low,0,0.38,521.12,10.17,2026-10-06 16:33:57.939598
9993-LHIEB,67,Two year,67.85,0.0195,Low,0,1.32,1803.98,35.2,2026-10-06 16:33:57.939598
0266-CLZKZ,67,Two year,105.65,0.1364,Low,1,14.42,2808.99,383.27,2026-10-06 16:33:57.939598
7020-OZKXZ,9,Month-to-month,75.5,0.3552,Medium,1,26.82,2007.37,713.04,2026-10-06 16:33:57.939598
3977-QCRSL,5,Month-to-month,20.15,0.1364,Low,1,2.75,535.74,73.1,2026-10-06 16:33:57.939598
0017-DINOC,54,Two year,45.2,0.0195,Low,0,0.88,1201.77,23.45,2026-10-06 16:33:57.939598
7639-OPLNG,70,Two year,79.25,0.0195,Low,0,1.55,2107.08,41.11,2026-10-06 16:33:57.939598
1492-QGCLU,53,Month-to-month,85.7,0.1364,Low,1,11.69,2278.57,310.9,2026-10-06 16:33:57.939598
7328-OWMOM,31,One year,20.1,0.0195,Low,0,0.39,534.41,10.43,2026-10-06 16:33:57.939598
4418-LZMSV,13,Month-to-month,61.8,0.1348,Low,1,8.33,1643.12,221.54,2026-10-06 16:33:57.939598
5155-AZQPB,28,Month-to-month,49.9,0.1364,Low,1,6.81,1326.73,181.03,2026-10-06 16:33:57.939598
1087-GRUYI,38,Two year,20.4,0.0163,Low,0,0.33,542.39,8.86,2026-10-06 16:33:57.939598
2546-KZAAT,52,One year,75.4,0.0486,Low,0,3.66,2004.72,97.36,2026-10-06 16:33:57.939598
0181-RITDD,62,Two year,108.15,0.0486,Low,0,5.25,2875.46,139.65,2026-10-06 16:33:57.939598
5989-PGKJB,16,Month-to-month,86.25,0.464,Medium,1,40.02,2293.19,1064.04,2026-10-06 16:33:57.939598
8272-ONJLV,12,One year,95.7,0.314,Medium,1,30.05,2544.45,799.08,2026-10-06 16:33:57.939598
1488-PBLJN,72,Two year,116.85,0.0163,Low,0,1.91,3106.78,50.76,2026-10-06 16:33:57.939598
0308-GIQJT,71,One year,105.75,0.1364,Low,1,14.43,2811.65,383.64,2026-10-06 16:33:57.939598
3778-FOAQW,24,One year,20.15,0.0195,Low,0,0.39,535.74,10.45,2026-10-06 16:33:57.939598
4452-ROHMO,15,Two year,19.6,0.0195,Low,0,0.38,521.12,10.17,2026-10-06 16:33:57.939598
3090-LETTY,2,Month-to-month,60.95,0.2013,Low,1,12.27,1620.52,326.21,2026-10-06 16:33:57.939598
5349-AZPEW,5,Month-to-month,25.05,0.2564,Low,1,6.42,666.02,170.78,2026-10-06 16:33:57.939598
9720-JJJOR,41,One year,60.3,0.0486,Low,0,2.93,1603.24,77.86,2026-10-06 16:33:57.939598
8100-HZZLJ,43,Month-to-month,63.95,0.1364,Low,1,8.73,1700.29,232.0,2026-10-06 16:33:57.939598
8775-ERLNB,1,Month-to-month,74.3,0.878,High,1,65.24,1975.47,1734.56,2026-10-06 16:33:57.939598
8309-IEYJD,1,Month-to-month,70.6,0.6967,High,1,49.19,1877.09,1307.81,2026-10-06 16:33:57.939598
7398-HPYZQ,71,Two year,90.55,0.0163,Low,0,1.48,2407.52,39.34,2026-10-06 16:33:57.939598
3546-GHEAE,7,Two year,19.45,0.0195,Low,0,0.38,517.13,10.09,2026-10-06 16:33:57.939598
7361-YPXFS,28,Month-to-month,64.45,0.1364,Low,1,8.79,1713.58,233.81,2026-10-06 16:33:57.939598
6557-BZXLQ,16,Month-to-month,69.65,0.464,Medium,1,32.32,1851.84,859.25,2026-10-06 16:33:57.939598
2550-QHZGP,7,One year,19.5,0.0486,Low,0,0.95,518.46,25.18,2026-10-06 16:33:57.939598
7519-JTWQH,69,Two year,110.5,0.1364,Low,1,15.08,2937.95,400.87,2026-10-06 16:33:57.939598
2538-OIMXF,1,Month-to-month,24.7,0.5566,Medium,1,13.75,656.72,365.53,2026-10-06 16:33:57.939598
8543-MSDMF,3,Month-to-month,77.4,0.3789,Medium,1,29.33,2057.89,779.75,2026-10-06 16:33:57.939598
1170-SASML,69,Month-to-month,85.4,0.2564,Low,1,21.9,2270.59,582.2,2026-10-06 16:33:57.939598
4872-JCVCA,71,Two year,47.6,0.0195,Low,0,0.93,1265.58,24.69,2026-10-06 16:33:57.939598
5346-BZCHP,69,Two year,19.4,0.0195,Low,0,0.38,515.8,10.06,2026-10-06 16:33:57.939598
2038-LLMLM,48,Month-to-month,103.85,0.5103,Medium,1,53.0,2761.14,1409.13,2026-10-06 16:33:57.939598
1216-BGTSP,45,Month-to-month,108.45,0.3552,Medium,1,38.52,2883.44,1024.23,2026-10-06 16:33:57.939598
4138-NAXED,51,Month-to-month,81.0,0.2328,Low,1,18.86,2153.61,501.37,2026-10-06 16:33:57.939598
0744-BIKKF,72,Two year,86.65,0.0085,Low,0,0.74,2303.83,19.61,2026-10-06 16:33:57.939598
7483-IQWIB,37,Month-to-month,92.95,0.3789,Medium,1,35.22,2471.33,936.4,2026-10-06 16:33:57.939598
5248-KWLAR,71,Two year,90.35,0.0163,Low,0,1.48,2402.2,39.25,2026-10-06 16:33:57.939598
7996-MHXLW,66,Two year,25.15,0.0163,Low,0,0.41,668.68,10.93,2026-10-06 16:33:57.939598
7833-PKIHD,51,One year,76.4,0.0486,Low,0,3.71,2031.3,98.65,2026-10-06 16:33:57.939598
7061-OVMIM,30,One year,19.55,0.0195,Low,0,0.38,519.79,10.14,2026-10-06 16:33:57.939598
5153-RTHKF,34,Month-to-month,85.35,0.464,Medium,1,39.6,2269.26,1052.94,2026-10-06 16:33:57.939598
1852-QSWCD,64,Two year,24.8,0.0163,Low,0,0.41,659.38,10.77,2026-10-06 16:33:57.939598
4832-VRBMR,65,One year,103.15,0.2328,Low,1,24.01,2742.53,638.47,2026-10-06 16:33:57.939598
9079-LWTFD,47,Month-to-month,100.75,0.1364,Low,1,13.75,2678.72,365.5,2026-10-06 16:33:57.939598
3392-EHMNK,67,Two year,94.1,0.0486,Low,0,4.57,2501.91,121.51,2026-10-06 16:33:57.939598
5986-WWXDV,39,One year,19.35,0.0195,Low,0,0.38,514.47,10.04,2026-10-06 16:33:57.939598
3061-BCKYI,14,Month-to-month,19.9,0.0877,Low,1,1.75,529.1,46.41,2026-10-06 16:33:57.939598
7901-TBKJX,56,Month-to-month,101.05,0.5923,Medium,1,59.85,2686.69,1591.26,2026-10-06 16:33:57.939598
7228-PAQPD,14,One year,59.1,0.0877,Low,1,5.18,1571.34,137.84,2026-10-06 16:33:57.939598
7746-QYVCO,16,One year,55.85,0.0877,Low,1,4.9,1484.93,130.26,2026-10-06 16:33:57.939598
5804-HYIEZ,70,Month-to-month,106.05,0.464,Medium,1,49.21,2819.63,1308.31,2026-10-06 16:33:57.939598
9919-FZDED,72,Two year,84.1,0.0195,Low,0,1.64,2236.03,43.63,2026-10-06 16:33:57.939598
5934-TSSAU,23,Month-to-month,75.3,0.314,Medium,1,23.65,2002.06,628.75,2026-10-06 16:33:57.939598
3486-KHMLI,21,Month-to-month,24.7,0.0877,Low,1,2.17,656.72,57.61,2026-10-06 16:33:57.939598
6784-XYJAE,36,One year,55.8,0.1348,Low,1,7.52,1483.6,200.04,2026-10-06 16:33:57.939598
3933-DQPWX,50,Two year,39.7,0.0195,Low,0,0.77,1055.53,20.6,2026-10-06 16:33:57.939598
6661-EIPZC,48,Month-to-month,29.5,0.1348,Low,1,3.98,784.34,105.75,2026-10-06 16:33:57.939598
8957-THMOA,50,Two year,20.15,0.0195,Low,0,0.39,535.74,10.45,2026-10-06 16:33:57.939598
2251-PYLPB,72,Two year,79.55,0.0163,Low,0,1.3,2115.05,34.56,2026-10-06 16:33:57.939598
5555-RNPGT,10,Month-to-month,24.8,0.1348,Low,1,3.34,659.38,88.9,2026-10-06 16:33:57.939598
1057-FOGLZ,18,Month-to-month,19.65,0.1348,Low,1,2.65,522.45,70.44,2026-10-06 16:33:57.939598
8087-LGYHQ,9,Month-to-month,94.05,0.6395,High,1,60.15,2500.58,1599.21,2026-10-06 16:33:57.939598
4137-BTIKL,2,Month-to-month,90.75,0.5566,Medium,1,50.51,2412.84,1342.99,2026-10-06 16:33:57.939598
2190-BCXEC,40,Month-to-month,78.85,0.314,Medium,1,24.76,2096.44,658.39,2026-10-06 16:33:57.939598
6227-FBDXH,69,One year,99.5,0.2013,Low,1,20.03,2645.48,532.53,2026-10-06 16:33:57.939598
2911-WDXMV,18,Month-to-month,80.55,0.3552,Medium,1,28.61,2141.64,760.74,2026-10-06 16:33:57.939598
7206-PQBBZ,11,Month-to-month,70.2,0.3789,Medium,1,26.6,1866.46,707.21,2026-10-06 16:33:57.939598
4547-FZJWE,55,One year,59.45,0.1348,Low,1,8.02,1580.64,213.12,2026-10-06 16:33:57.939598
7422-WNBTY,33,Month-to-month,93.35,0.464,Medium,1,43.31,2481.97,1151.63,2026-10-06 16:33:57.939598
0842-IWYCP,46,Month-to-month,44.95,0.1364,Low,1,6.13,1195.12,163.07,2026-10-06 16:33:57.939598
3521-HTQTV,34,Two year,26.1,0.0195,Low,0,0.51,693.94,13.54,2026-10-06 16:33:57.939598
3744-ZBHON,3,Month-to-month,20.2,0.1364,Low,1,2.76,537.07,73.28,2026-10-06 16:33:57.939598
3373-DIUUN,30,Two year,21.25,0.0195,Low,0,0.41,564.99,11.02,2026-10-06 16:33:57.939598
8383-SGHJU,33,One year,59.4,0.0877,Low,1,5.21,1579.31,138.54,2026-10-06 16:33:57.939598
7607-QKKTJ,45,One year,95.0,0.1364,Low,1,12.96,2525.84,344.64,2026-10-06 16:33:57.939598
7707-PYBBH,40,Month-to-month,61.9,0.0877,Low,1,5.43,1645.78,144.37,2026-10-06 16:33:57.939598
8984-HPEMB,71,Two year,118.65,0.0486,Low,0,5.76,3154.64,153.21,2026-10-06 16:33:57.939598
4139-DETXS,72,Two year,64.45,0.0,Low,0,0.0,1713.58,0.0,2026-10-06 16:33:57.939598
9779-DPNEJ,22,Month-to-month,80.15,0.5923,Medium,1,47.47,2131.01,1262.14,2026-10-06 16:33:57.939598
9805-FILKB,46,One year,20.2,0.0195,Low,0,0.39,537.07,10.48,2026-10-06 16:33:57.939598
5793-YOLJN,55,Two year,21.0,0.0163,Low,0,0.34,558.34,9.12,2026-10-06 16:33:57.939598
0673-IGUQO,1,Month-to-month,20.45,0.314,Medium,1,6.42,543.72,170.75,2026-10-06 16:33:57.939598
4123-FCVCB,12,One year,75.85,0.1364,Low,1,10.35,2016.68,275.17,2026-10-06 16:33:57.939598
8819-IMISP,31,Month-to-month,80.45,0.464,Medium,1,37.33,2138.98,992.49,2026-10-06 16:33:57.939598
8311-UEUAB,67,Two year,75.5,0.1348,Low,1,10.18,2007.37,270.66,2026-10-06 16:33:57.939598
5858-EAFCZ,1,Month-to-month,44.45,0.3789,Medium,1,16.84,1181.83,447.8,2026-10-06 16:33:57.939598
1163-ONYEY,41,Month-to-month,74.55,0.2013,Low,1,15.01,1982.12,399.0,2026-10-06 16:33:57.939598
5656-MJEFC,42,Two year,48.15,0.0195,Low,0,0.94,1280.2,24.98,2026-10-06 16:33:57.939598
6082-OQFBA,23,One year,19.65,0.0195,Low,0,0.38,522.45,10.19,2026-10-06 16:33:57.939598
8974-OVACP,1,Month-to-month,20.15,0.3789,Medium,1,7.63,535.74,203.0,2026-10-06 16:33:57.939598
4010-YLMVT,56,Month-to-month,106.6,0.314,Medium,1,33.48,2834.25,890.1,2026-10-06 16:33:57.939598
1379-FRVEB,15,Month-to-month,91.0,0.5923,Medium,1,53.9,2419.48,1433.0,2026-10-06 16:33:57.939598
8612-GXIDD,12,Two year,25.4,0.0195,Low,0,0.5,675.33,13.18,2026-10-06 16:33:57.939598
6288-CHQJB,54,Two year,69.95,0.0163,Low,0,1.14,1859.81,30.39,2026-10-06 16:33:57.939598
8160-HOWOX,7,Month-to-month,66.85,0.464,Medium,1,31.02,1777.39,824.71,2026-10-06 16:33:57.939598
6648-INWPS,16,Month-to-month,20.15,0.1364,Low,1,2.75,535.74,73.1,2026-10-06 16:33:57.939598
4223-BKEOR,21,One year,64.85,0.0877,Low,1,5.69,1724.22,151.25,2026-10-06 16:33:57.939598
4079-VTGLK,30,Two year,74.85,0.1348,Low,1,10.09,1990.09,268.33,2026-10-06 16:33:57.939598
1763-WQFUK,3,Month-to-month,50.5,0.3789,Medium,1,19.13,1342.68,508.75,2026-10-06 16:33:57.939598
1391-UBDAR,11,Month-to-month,72.9,0.3552,Medium,1,25.89,1938.25,688.49,2026-10-06 16:33:57.939598
8894-JVDCV,62,One year,115.05,0.1364,Low,1,15.7,3058.92,417.38,2026-10-06 16:33:57.939598
2023-VQFDL,18,Month-to-month,19.0,0.0486,Low,0,0.92,505.17,24.53,2026-10-06 16:33:57.939598
1345-GKDZZ,6,Month-to-month,19.55,0.0877,Low,1,1.71,519.79,45.6,2026-10-06 16:33:57.939598
2014-MKGMH,46,One year,101.1,0.3789,Medium,1,38.31,2688.02,1018.51,2026-10-06 16:33:57.939598
5628-FCGYG,21,Month-to-month,84.1,0.6,High,1,50.46,2236.03,1341.62,2026-10-06 16:33:57.939598
2560-WBWXF,68,Two year,24.15,0.0195,Low,0,0.47,642.09,12.53,2026-10-06 16:33:57.939598
0248-IPDFW,1,Month-to-month,50.1,0.6392,High,1,32.02,1332.05,851.41,2026-10-06 16:33:57.939598
7978-DKUQH,25,Month-to-month,74.6,0.3789,Medium,1,28.27,1983.45,751.54,2026-10-06 16:33:57.939598
4335-UPJSI,24,Two year,19.75,0.0163,Low,0,0.32,525.11,8.58,2026-10-06 16:33:57.939598
1784-EZDKJ,51,One year,106.8,0.314,Medium,1,33.54,2839.57,891.77,2026-10-06 16:33:57.939598
9297-FVVDH,57,Two year,84.5,0.0195,Low,0,1.65,2246.66,43.84,2026-10-06 16:33:57.939598
8007-YYPWD,15,Two year,25.05,0.0195,Low,0,0.49,666.02,13.0,2026-10-06 16:33:57.939598
7101-HRBLJ,72,Two year,83.7,0.0085,Low,0,0.71,2225.39,18.94,2026-10-06 16:33:57.939598
6635-CPNUN,28,Month-to-month,96.6,0.314,Medium,1,30.34,2568.38,806.6,2026-10-06 16:33:57.939598
5453-YBTWV,70,Two year,101.1,0.0195,Low,0,1.97,2688.02,52.45,2026-10-06 16:33:57.939598
5039-LZRQT,13,One year,20.2,0.0195,Low,0,0.39,537.07,10.48,2026-10-06 16:33:57.939598
2931-VUVJN,59,One year,94.05,0.0877,Low,1,8.25,2500.58,219.35,2026-10-06 16:33:57.939598
6418-PIQSP,62,Two year,81.0,0.0195,Low,0,1.58,2153.61,42.02,2026-10-06 16:33:57.939598
8220-OCUFY,21,One year,60.25,0.1348,Low,1,8.12,1601.91,215.99,2026-10-06 16:33:57.939598
3995-WFCSM,2,Month-to-month,60.85,0.314,Medium,1,19.11,1617.86,508.09,2026-10-06 16:33:57.939598
1895-QTKDO,1,Month-to-month,43.95,0.3789,Medium,1,16.65,1168.53,442.76,2026-10-06 16:33:57.939598
2038-OEQZH,4,Month-to-month,86.05,0.5566,Medium,1,47.9,2287.88,1273.44,2026-10-06 16:33:57.939598
1178-PZGAB,19,One year,20.25,0.0486,Low,0,0.98,538.4,26.15,2026-10-06 16:33:57.939598
2626-VEEWG,67,Two year,19.4,0.0163,Low,0,0.32,515.8,8.43,2026-10-06 16:33:57.939598
2878-RMWXY,72,Two year,102.65,0.0195,Low,0,2.0,2729.23,53.25,2026-10-06 16:33:57.939598
1657-DYMBM,53,Two year,19.9,0.0163,Low,0,0.33,529.1,8.65,2026-10-06 16:33:57.939598
7311-MQJCH,5,One year,19.55,0.0877,Low,1,1.71,519.79,45.6,2026-10-06 16:33:57.939598
7375-WMVMT,71,Two year,95.5,0.0195,Low,0,1.86,2539.13,49.54,2026-10-06 16:33:57.939598
1136-XGEQU,50,One year,84.15,0.1348,Low,1,11.35,2237.36,301.67,2026-10-06 16:33:57.939598
2530-FMFXO,56,Two year,103.2,0.2328,Low,1,24.03,2743.85,638.78,2026-10-06 16:33:57.939598
6844-DZKRF,2,Month-to-month,50.2,0.314,Medium,1,15.77,1334.7,419.16,2026-10-06 16:33:57.939598
5970-GHJAW,46,Two year,19.95,0.0163,Low,0,0.33,530.43,8.67,2026-10-06 16:33:57.939598
8879-XUAHX,71,Two year,116.25,0.0877,Low,1,10.2,3090.83,271.13,2026-10-06 16:33:57.939598
3689-MOZGR,29,Month-to-month,31.2,0.1364,Low,1,4.26,829.54,113.19,2026-10-06 16:33:57.939598
4195-PNGZS,69,Two year,24.45,0.0085,Low,0,0.21,650.07,5.53,2026-10-06 16:33:57.939598
5003-XZWWO,71,Two year,84.2,0.0486,Low,0,4.09,2238.69,108.72,2026-10-06 16:33:57.939598
7622-FWGEW,56,Two year,85.65,0.0195,Low,0,1.67,2277.24,44.43,2026-10-06 16:33:57.939598
6922-NCEDI,56,One year,21.2,0.0163,Low,0,0.35,563.66,9.21,2026-10-06 16:33:57.939598
9891-NQDBD,28,One year,25.55,0.0195,Low,0,0.5,679.32,13.25,2026-10-06 16:33:57.939598
6131-IUNXN,19,Month-to-month,20.2,0.0877,Low,1,1.77,537.07,47.11,2026-10-06 16:33:57.939598
8548-AWOFC,66,Month-to-month,63.85,0.1348,Low,1,8.61,1697.63,228.89,2026-10-06 16:33:57.939598
9798-DRYDS,17,One year,61.95,0.1364,Low,1,8.45,1647.11,224.74,2026-10-06 16:33:57.939598
8532-UEFWH,52,Two year,25.75,0.0085,Low,0,0.22,684.63,5.83,2026-10-06 16:33:57.939598
6296-DDOOR,19,One year,58.2,0.1348,Low,1,7.85,1547.41,208.64,2026-10-06 16:33:57.939598
7951-VRDVK,36,One year,85.85,0.0877,Low,1,7.53,2282.56,200.22,2026-10-06 16:33:57.939598
4815-YOSUK,72,One year,104.9,0.0195,Low,0,2.05,2789.05,54.42,2026-10-06 16:33:57.939598
0380-NEAVX,34,One year,99.85,0.2564,Low,1,25.6,2654.79,680.71,2026-10-06 16:33:57.939598
4365-MSDYN,8,Month-to-month,19.55,0.1364,Low,1,2.67,519.79,70.92,2026-10-06 16:33:57.939598
7036-TYDEC,69,Two year,104.0,0.1364,Low,1,14.19,2765.13,377.29,2026-10-06 16:33:57.939598
5802-ADBRC,50,One year,104.4,0.314,Medium,1,32.79,2775.76,871.73,2026-10-06 16:33:57.939598
8076-FEZKJ,10,One year,19.5,0.0486,Low,0,0.95,518.46,25.18,2026-10-06 16:33:57.939598
5197-YPYBZ,12,Two year,25.25,0.0195,Low,0,0.49,671.34,13.1,2026-10-06 16:33:57.939598
4312-GVYNH,70,Two year,49.85,0.0195,Low,0,0.97,1325.4,25.86,2026-10-06 16:33:57.939598
8495-LJDFO,64,Month-to-month,108.95,0.1364,Low,1,14.87,2896.73,395.25,2026-10-06 16:33:57.939598
0839-JTCUD,66,Two year,89.9,0.0195,Low,0,1.75,2390.24,46.64,2026-10-06 16:33:57.939598
5494-WOZRZ,71,Two year,82.0,0.0195,Low,0,1.6,2180.19,42.54,2026-10-06 16:33:57.939598
1302-UHBDD,20,Month-to-month,89.95,0.4348,Medium,1,39.11,2391.57,1039.81,2026-10-06 16:33:57.939598
2234-EOFPT,72,Two year,79.35,0.0163,Low,0,1.3,2109.74,34.47,2026-10-06 16:33:57.939598
8619-IJNDK,71,Two year,64.05,0.0085,Low,0,0.55,1702.94,14.49,2026-10-06 16:33:57.939598
8378-LKJAF,38,Month-to-month,101.15,0.464,Medium,1,46.93,2689.35,1247.86,2026-10-06 16:33:57.939598
1153-GNOLC,33,One year,39.1,0.2328,Low,1,9.1,1039.58,242.02,2026-10-06 16:33:57.939598
3298-QEICA,23,Two year,34.6,0.0195,Low,0,0.68,919.94,17.95,2026-10-06 16:33:57.939598
0788-DXBFY,58,One year,19.55,0.0877,Low,1,1.71,519.79,45.6,2026-10-06 16:33:57.939598
3597-YASZG,70,Two year,104.45,0.1348,Low,1,14.08,2777.09,374.44,2026-10-06 16:33:57.939598
3496-LFSZU,4,Month-to-month,70.5,0.464,Medium,1,32.71,1874.44,869.74,2026-10-06 16:33:57.939598
5242-UOWHD,45,Two year,20.35,0.0085,Low,0,0.17,541.06,4.6,2026-10-06 16:33:57.939598
6479-SZPLM,36,Two year,19.45,0.0085,Low,0,0.17,517.13,4.4,2026-10-06 16:33:57.939598
8097-VBQTZ,54,Month-to-month,69.9,0.0486,Low,0,3.39,1858.48,90.26,2026-10-06 16:33:57.939598
4500-HKANN,23,Two year,59.7,0.0195,Low,0,1.16,1587.29,30.97,2026-10-06 16:33:57.939598
9917-KWRBE,41,One year,78.35,0.1364,Low,1,10.69,2083.15,284.24,2026-10-06 16:33:57.939598
3420-ZDBMA,5,Month-to-month,71.45,0.5923,Medium,1,42.32,1899.69,1125.14,2026-10-06 16:33:57.939598
2212-LYASK,27,One year,45.85,0.1364,Low,1,6.26,1219.05,166.33,2026-10-06 16:33:57.939598
1393-IMKZG,1,Month-to-month,95.85,0.6967,High,1,66.78,2548.44,1775.55,2026-10-06 16:33:57.939598
8069-RHUXK,67,Two year,35.7,0.0163,Low,0,0.58,949.18,15.51,2026-10-06 16:33:57.939598
3398-GCPMU,72,Two year,89.55,0.0085,Low,0,0.76,2380.93,20.26,2026-10-06 16:33:57.939598
2908-WGAXL,56,Two year,24.95,0.0163,Low,0,0.41,663.36,10.84,2026-10-06 16:33:57.939598
3378-AJRAO,44,One year,24.85,0.0486,Low,0,1.21,660.71,32.09,2026-10-06 16:33:57.939598
1013-QCWAM,66,Month-to-month,100.8,0.5103,Medium,1,51.44,2680.04,1367.75,2026-10-06 16:33:57.939598
6050-FFXES,69,Two year,105.35,0.1364,Low,1,14.37,2801.02,382.19,2026-10-06 16:33:57.939598
0362-RAOQO,40,Two year,19.65,0.0085,Low,0,0.17,522.45,4.45,2026-10-06 16:33:57.939598
9554-DFKIC,30,Month-to-month,54.45,0.1364,Low,1,7.43,1447.7,197.53,2026-10-06 16:33:57.939598
5527-ACHSO,11,Month-to-month,70.5,0.1364,Low,1,9.62,1874.44,255.76,2026-10-06 16:33:57.939598
0829-DDVLK,15,One year,20.1,0.0486,Low,0,0.98,534.41,25.95,2026-10-06 16:33:57.939598
1399-UBQIU,11,Month-to-month,69.35,0.314,Medium,1,21.78,1843.86,579.06,2026-10-06 16:33:57.939598
1813-JLKWR,64,One year,19.8,0.0195,Low,0,0.39,526.44,10.27,2026-10-06 16:33:57.939598
0336-PIKEI,72,Two year,74.4,0.0163,Low,0,1.22,1978.13,32.32,2026-10-06 16:33:57.939598
7322-OCWHC,72,Two year,93.05,0.0085,Low,0,0.79,2473.99,21.06,2026-10-06 16:33:57.939598
9537-VHDTA,1,Month-to-month,51.2,0.3789,Medium,1,19.4,1361.29,515.8,2026-10-06 16:33:57.939598
4957-TIALW,15,One year,65.6,0.0486,Low,0,3.19,1744.16,84.71,2026-10-06 16:33:57.939598
2054-PJOCK,60,One year,80.55,0.0877,Low,1,7.07,2141.64,187.86,2026-10-06 16:33:57.939598
9150-HEPMB,56,One year,52.7,0.0195,Low,0,1.03,1401.17,27.34,2026-10-06 16:33:57.939598
9030-QGZNL,8,Two year,20.85,0.0195,Low,0,0.41,554.35,10.82,2026-10-06 16:33:57.939598
3126-WQMGH,49,Month-to-month,52.15,0.2328,Low,1,12.14,1386.55,322.79,2026-10-06 16:33:57.939598
7176-WRTNX,70,Two year,114.95,0.1364,Low,1,15.68,3056.26,417.01,2026-10-06 16:33:57.939598
5732-IKGQH,52,One year,104.45,0.314,Medium,1,32.8,2777.09,872.14,2026-10-06 16:33:57.939598
9239-GZHZE,72,Two year,113.65,0.0163,Low,0,1.86,3021.7,49.37,2026-10-06 16:33:57.939598
7205-BAIAD,40,Two year,20.6,0.0085,Low,0,0.18,547.71,4.66,2026-10-06 16:33:57.939598
0093-EXYQL,40,Month-to-month,91.55,0.464,Medium,1,42.48,2434.11,1129.43,2026-10-06 16:33:57.939598
8064-RAVOH,1,Month-to-month,49.85,0.5758,Medium,1,28.7,1325.4,763.11,2026-10-06 16:33:57.939598
0219-QAERP,30,One year,19.8,0.0195,Low,0,0.39,526.44,10.27,2026-10-06 16:33:57.939598
9168-INPSZ,44,Month-to-month,104.15,0.5566,Medium,1,57.97,2769.11,1541.3,2026-10-06 16:33:57.939598
0015-UOCOJ,7,Month-to-month,48.2,0.3789,Medium,1,18.26,1281.53,485.58,2026-10-06 16:33:57.939598
5334-AFQJB,72,Two year,25.1,0.0085,Low,0,0.21,667.35,5.68,2026-10-06 16:33:57.939598
2754-SDJRD,8,Month-to-month,100.15,0.878,High,1,87.94,2662.76,2338.04,2026-10-06 16:33:57.939598
8963-JLGJT,3,Month-to-month,55.9,0.2013,Low,1,11.25,1486.25,299.18,2026-10-06 16:33:57.939598
1465-LNTLJ,8,Month-to-month,64.4,0.2013,Low,1,12.96,1712.25,344.67,2026-10-06 16:33:57.939598
2135-DQWAQ,5,Month-to-month,85.3,0.6392,High,1,54.52,2267.93,1449.61,2026-10-06 16:33:57.939598
4056-QHXHZ,72,Two year,107.45,0.0195,Low,0,2.1,2856.85,55.74,2026-10-06 16:33:57.939598
7401-JIXNM,54,Two year,91.3,0.0195,Low,0,1.78,2427.46,47.37,2026-10-06 16:33:57.939598
9339-FIIJL,72,Two year,85.95,0.0195,Low,0,1.68,2285.22,44.59,2026-10-06 16:33:57.939598
4706-DGAHW,1,Month-to-month,45.2,0.5923,Medium,1,26.77,1201.77,711.78,2026-10-06 16:33:57.939598
6670-MFRPK,69,Two year,79.2,0.0877,Low,1,6.95,2105.75,184.71,2026-10-06 16:33:57.939598
6177-PEVRA,48,Two year,55.5,0.0486,Low,0,2.7,1475.62,71.66,2026-10-06 16:33:57.939598
4813-HQMGZ,8,Month-to-month,90.25,0.6491,High,1,58.58,2399.54,1557.6,2026-10-06 16:33:57.939598
7579-KKLOE,71,Two year,91.25,0.0085,Low,0,0.78,2426.13,20.65,2026-10-06 16:33:57.939598
8402-EIVQS,67,One year,100.9,0.1364,Low,1,13.77,2682.7,366.04,2026-10-06 16:33:57.939598
4947-DSMXK,34,Month-to-month,97.7,0.3552,Medium,1,34.7,2597.62,922.71,2026-10-06 16:33:57.939598
7245-NIIWQ,3,Month-to-month,69.85,0.5923,Medium,1,41.37,1857.15,1099.95,2026-10-06 16:33:57.939598
0002-ORFBO,9,One year,65.6,0.1348,Low,1,8.84,1744.16,235.17,2026-10-06 16:33:57.939598
3324-OIRTO,71,One year,104.65,0.0877,Low,1,9.18,2782.41,244.07,2026-10-06 16:33:57.939598
5414-OFQCB,57,Two year,90.45,0.0486,Low,0,4.39,2404.86,116.79,2026-10-06 16:33:57.939598
4967-WPNCF,72,Two year,63.7,0.0,Low,0,0.0,1693.64,0.0,2026-10-06 16:33:57.939598
8552-OBVRU,48,Month-to-month,104.5,0.3552,Medium,1,37.12,2778.42,986.93,2026-10-06 16:33:57.939598
8499-BRXTD,18,One year,20.1,0.0486,Low,0,0.98,534.41,25.95,2026-10-06 16:33:57.939598
9154-QDGTH,43,One year,104.3,0.3552,Medium,1,37.05,2773.1,985.04,2026-10-06 16:33:57.939598
8197-BFWVU,72,Two year,93.25,0.0,Low,0,0.0,2479.31,0.0,2026-10-06 16:33:57.939598
2577-GVSIL,35,One year,73.45,0.1364,Low,1,10.02,1952.87,266.46,2026-10-06 16:33:57.939598
9367-OIUXP,4,Month-to-month,20.7,0.1364,Low,1,2.82,550.37,75.09,2026-10-06 16:33:57.939598
6770-UAYGJ,49,Two year,25.25,0.0163,Low,0,0.41,671.34,10.97,2026-10-06 16:33:57.939598
6463-HHXJR,71,Two year,100.5,0.0195,Low,0,1.96,2672.07,52.14,2026-10-06 16:33:57.939598
7928-VJYAB,11,Month-to-month,90.6,0.5103,Medium,1,46.24,2408.85,1229.34,2026-10-06 16:33:57.939598
1187-WILMM,63,Two year,89.4,0.0163,Low,0,1.46,2376.94,38.84,2026-10-06 16:33:57.939598
9776-OJUZI,65,Month-to-month,95.45,0.2564,Low,1,24.47,2537.8,650.72,2026-10-06 16:33:57.939598
1306-RPWXZ,49,Two year,20.45,0.0085,Low,0,0.17,543.72,4.63,2026-10-06 16:33:57.939598
3097-PYWXL,4,Month-to-month,19.95,0.2328,Low,1,4.64,530.43,123.49,2026-10-06 16:33:57.939598
2266-SJNAT,72,One year,109.15,0.1348,Low,1,14.72,2902.05,391.29,2026-10-06 16:33:57.939598
0869-PAPRP,26,Month-to-month,85.7,0.3552,Medium,1,30.44,2278.57,809.38,2026-10-06 16:33:57.939598
4238-JSSWH,35,Month-to-month,102.05,0.3552,Medium,1,36.25,2713.28,963.79,2026-10-06 16:33:57.939598
2972-YDYUW,57,One year,94.7,0.1364,Low,1,12.92,2517.86,343.55,2026-10-06 16:33:57.939598
1104-FEJAM,28,Month-to-month,64.4,0.2328,Low,1,14.99,1712.25,398.62,2026-10-06 16:33:57.939598
2809-ILCYT,25,One year,26.8,0.0486,Low,0,1.3,712.55,34.61,2026-10-06 16:33:57.939598
5499-ECUTN,47,One year,66.05,0.0486,Low,0,3.21,1756.12,85.29,2026-10-06 16:33:57.939598
4981-FLTMF,57,Month-to-month,65.2,0.0877,Low,1,5.72,1733.52,152.06,2026-10-06 16:33:57.939598
9121-PHQSR,16,Month-to-month,85.05,0.5566,Medium,1,47.34,2261.29,1258.64,2026-10-06 16:33:57.939598
3113-IWHLC,5,Month-to-month,55.8,0.314,Medium,1,17.52,1483.6,465.92,2026-10-06 16:33:57.939598
4277-BWBML,72,Two year,19.95,0.0085,Low,0,0.17,530.43,4.51,2026-10-06 16:33:57.939598
0234-TEVTT,48,One year,45.0,0.0486,Low,0,2.19,1196.45,58.11,2026-10-06 16:33:57.939598
4304-TSPVK,68,Two year,114.9,0.0877,Low,1,10.08,3054.93,267.98,2026-10-06 16:33:57.939598
1552-AAGRX,30,Month-to-month,106.4,0.3552,Medium,1,37.79,2828.94,1004.87,2026-10-06 16:33:57.939598
2637-FKFSY,3,Month-to-month,46.1,0.5566,Medium,1,25.66,1225.69,682.23,2026-10-06 16:33:57.939598
9796-MVYXX,14,Two year,39.7,0.0486,Low,0,1.93,1055.53,51.26,2026-10-06 16:33:57.939598
7874-ECPQJ,4,Month-to-month,20.05,0.1364,Low,1,2.74,533.08,72.74,2026-10-06 16:33:57.939598
0020-INWCK,71,Two year,95.75,0.0486,Low,0,4.65,2545.78,123.64,2026-10-06 16:33:57.939598
7089-RKVSZ,8,One year,24.4,0.0486,Low,0,1.18,648.74,31.51,2026-10-06 16:33:57.939598
2683-JXWQQ,61,Month-to-month,33.6,0.0877,Low,1,2.95,893.35,78.36,2026-10-06 16:33:57.939598
9548-ZMVTX,72,Two year,90.45,0.0085,Low,0,0.77,2404.86,20.47,2026-10-06 16:33:57.939598
8739-XNIKG,5,Month-to-month,84.0,0.878,High,1,73.76,2233.37,1961.01,2026-10-06 16:33:57.939598
9755-JHNMN,49,Two year,67.4,0.0195,Low,0,1.32,1792.01,34.97,2026-10-06 16:33:57.939598
3981-QSVQI,8,Month-to-month,19.7,0.1348,Low,1,2.66,523.78,70.62,2026-10-06 16:33:57.939598
2789-HQBOU,3,Month-to-month,80.35,0.6491,High,1,52.16,2136.33,1386.74,2026-10-06 16:33:57.939598
9424-CMPOG,9,Two year,19.6,0.0195,Low,0,0.38,521.12,10.17,2026-10-06 16:33:57.939598
5067-WJEUN,67,Two year,54.2,0.0163,Low,0,0.89,1441.06,23.55,2026-10-06 16:33:57.939598
3450-WXOAT,46,Month-to-month,45.2,0.1364,Low,1,6.17,1201.77,163.98,2026-10-06 16:33:57.939598
9251-WNSOD,67,One year,75.1,0.1348,Low,1,10.13,1996.74,269.22,2026-10-06 16:33:57.939598
6974-DAFLI,55,One year,19.7,0.0486,Low,0,0.96,523.78,25.44,2026-10-06 16:33:57.939598
2616-UUTFK,33,Month-to-month,72.75,0.1364,Low,1,9.93,1934.26,263.92,2026-10-06 16:33:57.939598
7064-JHXCE,62,Two year,20.05,0.0085,Low,0,0.17,533.08,4.54,2026-10-06 16:33:57.939598
7989-AWGEH,49,Month-to-month,39.2,0.1364,Low,1,5.35,1042.24,142.21,2026-10-06 16:33:57.939598
4373-VVHQL,1,Month-to-month,44.75,0.5758,Medium,1,25.77,1189.8,685.04,2026-10-06 16:33:57.939598
4559-UWIHT,14,Month-to-month,82.65,0.6392,High,1,52.83,2197.48,1404.57,2026-10-06 16:33:57.939598
7268-IGMFD,18,Month-to-month,93.9,0.3552,Medium,1,33.35,2496.59,886.82,2026-10-06 16:33:57.939598
6650-BWFRT,72,Two year,117.15,0.0195,Low,0,2.29,3114.75,60.78,2026-10-06 16:33:57.939598
9570-KYEUA,64,Two year,99.25,0.0486,Low,0,4.82,2638.83,128.16,2026-10-06 16:33:57.939598
6993-YGFJV,69,Two year,112.55,0.1348,Low,1,15.18,2992.45,403.48,2026-10-06 16:33:57.939598
2712-SYWAY,1,Month-to-month,25.7,0.464,Medium,1,11.92,683.3,317.05,2026-10-06 16:33:57.939598
0730-BGQGF,71,Two year,90.3,0.0085,Low,0,0.77,2400.87,20.43,2026-10-06 16:33:57.939598
5498-IBWPI,66,One year,49.4,0.0877,Low,1,4.33,1313.43,115.21,2026-10-06 16:33:57.939598
9101-NTIXF,2,Month-to-month,19.4,0.1364,Low,1,2.65,515.8,70.38,2026-10-06 16:33:57.939598
0013-SMEOE,71,Two year,109.7,0.0864,Low,1,9.48,2916.68,251.96,2026-10-06 16:33:57.939598
9314-QDMDW,11,One year,61.25,0.1364,Low,1,8.36,1628.5,222.2,2026-10-06 16:33:57.939598
9308-ANMVE,47,Month-to-month,55.3,0.2013,Low,1,11.13,1470.3,295.97,2026-10-06 16:33:57.939598
3413-DHLPB,60,Month-to-month,103.75,0.2013,Low,1,20.88,2758.48,555.28,2026-10-06 16:33:57.939598
7649-PHJVR,11,One year,19.5,0.0486,Low,0,0.95,518.46,25.18,2026-10-06 16:33:57.939598
6114-TCFID,29,One year,39.5,0.0486,Low,0,1.92,1050.22,51.0,2026-10-06 16:33:57.939598
3787-TRIAL,21,Month-to-month,26.05,0.3552,Medium,1,9.25,692.61,246.02,2026-10-06 16:33:57.939598
2573-GYRUU,48,Month-to-month,91.05,0.464,Medium,1,42.25,2420.81,1123.26,2026-10-06 16:33:57.939598
5156-UMKOW,3,Month-to-month,29.65,0.314,Medium,1,9.31,788.33,247.57,2026-10-06 16:33:57.939598
1247-QBVSH,43,Month-to-month,50.2,0.1364,Low,1,6.85,1334.7,182.11,2026-10-06 16:33:57.939598
6734-GMPVK,5,Month-to-month,105.3,0.6491,High,1,68.35,2799.69,1817.34,2026-10-06 16:33:57.939598
9822-OAOVB,1,Month-to-month,55.45,0.6392,High,1,35.44,1474.29,942.33,2026-10-06 16:33:57.939598
6161-ERDGD,71,One year,85.45,0.0877,Low,1,7.5,2271.92,199.29,2026-10-06 16:33:57.939598
1226-JZNKR,8,One year,19.8,0.0877,Low,1,1.74,526.44,46.18,2026-10-06 16:33:57.939598
7318-EIVKO,8,Month-to-month,59.25,0.4348,Medium,1,25.76,1575.32,684.92,2026-10-06 16:33:57.939598
3771-PZOBW,20,Month-to-month,90.7,0.5103,Medium,1,46.29,2411.51,1230.7,2026-10-06 16:33:57.939598
8231-BSWXX,71,One year,79.05,0.1348,Low,1,10.66,2101.76,283.38,2026-10-06 16:33:57.939598
6486-LHTMA,31,One year,90.7,0.314,Medium,1,28.48,2411.51,757.33,2026-10-06 16:33:57.939598
4083-BFNYK,38,One year,95.0,0.1364,Low,1,12.96,2525.84,344.64,2026-10-06 16:33:57.939598
7389-KBFIT,2,Month-to-month,30.25,0.5566,Medium,1,16.84,804.28,447.66,2026-10-06 16:33:57.939598
7176-WIONM,12,Month-to-month,49.85,0.3789,Medium,1,18.89,1325.4,502.2,2026-10-06 16:33:57.939598
5141-ZUVBH,9,Month-to-month,93.0,0.3789,Medium,1,35.24,2472.66,936.91,2026-10-06 16:33:57.939598
1089-HDMKP,11,Month-to-month,54.55,0.2564,Low,1,13.99,1450.36,371.89,2026-10-06 16:33:57.939598
7623-HKYRK,6,Month-to-month,19.7,0.0877,Low,1,1.73,523.78,45.95,2026-10-06 16:33:57.939598
0310-SUCIN,71,One year,84.8,0.0486,Low,0,4.12,2254.64,109.5,2026-10-06 16:33:57.939598
5197-PYEPU,42,One year,94.45,0.1364,Low,1,12.89,2511.21,342.64,2026-10-06 16:33:57.939598
6619-RPLQZ,45,Two year,20.85,0.0085,Low,0,0.18,554.35,4.72,2026-10-06 16:33:57.939598
3275-RHRNE,28,One year,60.0,0.1364,Low,1,8.19,1595.26,217.67,2026-10-06 16:33:57.939598
3503-TYDAY,43,Month-to-month,80.45,0.314,Medium,1,25.27,2138.98,671.75,2026-10-06 16:33:57.939598
6901-GOGZG,60,Two year,84.95,0.0195,Low,0,1.66,2258.63,44.07,2026-10-06 16:33:57.939598
7021-XSNYE,7,Two year,49.65,0.0486,Low,0,2.41,1320.08,64.11,2026-10-06 16:33:57.939598
9621-OUPYD,25,One year,20.2,0.0195,Low,0,0.39,537.07,10.48,2026-10-06 16:33:57.939598
8982-NHAVY,27,One year,100.5,0.3552,Medium,1,35.7,2672.07,949.15,2026-10-06 16:33:57.939598
4307-KWMXE,10,Month-to-month,35.75,0.2564,Low,1,9.17,950.51,243.72,2026-10-06 16:33:57.939598
0141-YEAYS,27,Month-to-month,86.45,0.3789,Medium,1,32.76,2298.51,870.92,2026-10-06 16:33:57.939598
2450-ZKEED,11,One year,53.8,0.0877,Low,1,4.72,1430.42,125.48,2026-10-06 16:33:57.939598
3694-DELSO,4,Month-to-month,38.55,0.314,Medium,1,12.11,1024.96,321.89,2026-10-06 16:33:57.939598
3893-JRNFS,68,Month-to-month,39.9,0.2564,Low,1,10.23,1060.85,272.01,2026-10-06 16:33:57.939598
9603-OAIHC,1,Month-to-month,70.05,0.8864,High,1,62.09,1862.47,1650.83,2026-10-06 16:33:57.939598
1133-KXCGE,18,One year,20.1,0.0486,Low,0,0.98,534.41,25.95,2026-10-06 16:33:57.939598
0142-GVYSN,26,Month-to-month,20.3,0.0877,Low,1,1.78,539.73,47.34,2026-10-06 16:33:57.939598
1049-FYSYG,17,Month-to-month,35.65,0.2564,Low,1,9.14,947.85,243.04,2026-10-06 16:33:57.939598
8406-LNMHF,59,One year,82.95,0.0486,Low,0,4.03,2205.45,107.11,2026-10-06 16:33:57.939598
1821-BUCWY,30,Two year,55.65,0.0195,Low,0,1.09,1479.61,28.87,2026-10-06 16:33:57.939598
0023-UYUPN,50,One year,25.2,0.0195,Low,0,0.49,670.01,13.07,2026-10-06 16:33:57.939598
8314-DPQHL,9,One year,50.8,0.1364,Low,1,6.93,1350.66,184.29,2026-10-06 16:33:57.939598
1465-WCZVT,3,Month-to-month,19.65,0.1364,Low,1,2.68,522.45,71.29,2026-10-06 16:33:57.939598
9481-SFCQY,14,Month-to-month,59.8,0.2564,Low,1,15.33,1589.95,407.68,2026-10-06 16:33:57.939598
6360-SVNWV,31,Month-to-month,73.55,0.2564,Low,1,18.86,1955.53,501.42,2026-10-06 16:33:57.939598
0567-GGCAC,7,Month-to-month,61.4,0.1364,Low,1,8.38,1632.49,222.75,2026-10-06 16:33:57.939598
8884-MRNSU,17,One year,19.9,0.0877,Low,1,1.75,529.1,46.41,2026-10-06 16:33:57.939598
2171-UDMFD,32,Month-to-month,19.45,0.0486,Low,0,0.94,517.13,25.11,2026-10-06 16:33:57.939598
9050-IKDZA,2,Month-to-month,81.5,0.6491,High,1,52.9,2166.9,1406.58,2026-10-06 16:33:57.939598
9802-CAQUT,72,Two year,109.55,0.0195,Low,0,2.14,2912.69,56.83,2026-10-06 16:33:57.939598
0187-WZNAB,27,Month-to-month,74.4,0.1364,Low,1,10.15,1978.13,269.91,2026-10-06 16:33:57.939598
1475-VWVDO,7,Month-to-month,74.9,0.5923,Medium,1,44.36,1991.42,1179.47,2026-10-06 16:33:57.939598
1357-MVDOZ,11,Month-to-month,59.65,0.2328,Low,1,13.89,1585.96,369.22,2026-10-06 16:33:57.939598
7602-MVRMB,72,Two year,110.45,0.0195,Low,0,2.16,2936.62,57.3,2026-10-06 16:33:57.939598
1197-BVMVG,4,Month-to-month,74.45,0.6491,High,1,48.33,1979.46,1284.91,2026-10-06 16:33:57.939598
5406-KGRMX,71,Two year,24.55,0.0085,Low,0,0.21,652.73,5.56,2026-10-06 16:33:57.939598
5968-HYJRZ,47,Two year,24.55,0.0163,Low,0,0.4,652.73,10.67,2026-10-06 16:33:57.939598
5198-EFNBM,57,One year,90.65,0.1364,Low,1,12.37,2410.18,328.86,2026-10-06 16:33:57.939598
7516-GMHUV,50,Two year,105.05,0.2564,Low,1,26.94,2793.04,716.16,2026-10-06 16:33:57.939598
7140-ADSMJ,8,Month-to-month,20.45,0.1364,Low,1,2.79,543.72,74.19,2026-10-06 16:33:57.939598
2230-XTUWL,48,Two year,19.55,0.0163,Low,0,0.32,519.79,8.49,2026-10-06 16:33:57.939598
7706-YLMQA,70,One year,19.7,0.0195,Low,0,0.38,523.78,10.22,2026-10-06 16:33:57.939598
2585-KTFRE,1,Month-to-month,70.45,0.2564,Low,1,18.06,1873.11,480.28,2026-10-06 16:33:57.939598
7994-UYIVZ,8,Month-to-month,85.65,0.6491,High,1,55.6,2277.24,1478.21,2026-10-06 16:33:57.939598
7717-BICXI,60,Two year,20.55,0.0163,Low,0,0.34,546.38,8.93,2026-10-06 16:33:57.939598
6559-RAKOZ,49,One year,97.95,0.314,Medium,1,30.76,2604.27,817.87,2026-10-06 16:33:57.939598
4716-MRVEN,29,One year,20.0,0.0195,Low,0,0.39,531.75,10.38,2026-10-06 16:33:57.939598
2143-LJULT,67,Two year,25.25,0.0163,Low,0,0.41,671.34,10.97,2026-10-06 16:33:57.939598
3200-MNQTF,67,Two year,70.9,0.0195,Low,0,1.38,1885.07,36.78,2026-10-06 16:33:57.939598
6164-HXUGH,6,Month-to-month,19.85,0.1364,Low,1,2.71,527.77,72.01,2026-10-06 16:33:57.939598
5630-IXDXV,47,Month-to-month,106.35,0.464,Medium,1,49.35,2827.61,1312.01,2026-10-06 16:33:57.939598
0320-DWVTU,53,Two year,99.5,0.0195,Low,0,1.94,2645.48,51.62,2026-10-06 16:33:57.939598
9135-MGVPY,69,Two year,84.7,0.0195,Low,0,1.65,2251.98,43.94,2026-10-06 16:33:57.939598
1212-GLHMD,3,Month-to-month,86.05,0.464,Medium,1,39.93,2287.88,1061.57,2026-10-06 16:33:57.939598
7878-JGDKK,4,Month-to-month,44.55,0.3552,Medium,1,15.82,1184.48,420.74,2026-10-06 16:33:57.939598
1088-AUUZZ,56,Two year,75.85,0.0195,Low,0,1.48,2016.68,39.35,2026-10-06 16:33:57.939598
6614-YWYSC,61,Two year,25.0,0.0195,Low,0,0.49,664.69,12.97,2026-10-06 16:33:57.939598
9588-OZDMQ,2,Month-to-month,45.0,0.6,High,1,27.0,1196.45,717.87,2026-10-06 16:33:57.939598
6476-EPYZR,12,Month-to-month,20.5,0.0877,Low,1,1.8,545.05,47.81,2026-10-06 16:33:57.939598
1174-FGIFN,28,One year,90.45,0.2564,Low,1,23.19,2404.86,616.63,2026-10-06 16:33:57.939598
6620-HVDUJ,24,Month-to-month,60.45,0.0877,Low,1,5.3,1607.23,140.99,2026-10-06 16:33:57.939598
1032-MAELW,68,One year,78.45,0.1348,Low,1,10.58,2085.81,281.23,2026-10-06 16:33:57.939598
7641-TQFHN,39,Two year,100.55,0.0877,Low,1,8.82,2673.4,234.51,2026-10-06 16:33:57.939598
1552-TKMXS,42,Month-to-month,20.35,0.0195,Low,0,0.4,541.06,10.56,2026-10-06 16:33:57.939598
8622-ZLFKO,6,Month-to-month,90.75,0.6967,High,1,63.23,2412.84,1681.08,2026-10-06 16:33:57.939598
6188-UXBBR,38,One year,20.25,0.0195,Low,0,0.4,538.4,10.51,2026-10-06 16:33:57.939598
2333-KWEWW,18,Two year,20.05,0.0195,Low,0,0.39,533.08,10.4,2026-10-06 16:33:57.939598
5702-SKUOB,4,Month-to-month,19.6,0.1348,Low,1,2.64,521.12,70.26,2026-10-06 16:33:57.939598
1134-YWTYF,27,Month-to-month,53.8,0.1364,Low,1,7.34,1430.42,195.17,2026-10-06 16:33:57.939598
6061-GWWAV,41,One year,70.2,0.0486,Low,0,3.41,1866.46,90.64,2026-10-06 16:33:57.939598
0679-TDGAK,50,One year,75.5,0.0486,Low,0,3.67,2007.37,97.49,2026-10-06 16:33:57.939598
6585-WCEWR,72,Two year,20.35,0.0163,Low,0,0.33,541.06,8.84,2026-10-06 16:33:57.939598
9067-YGSCA,70,One year,26.05,0.0195,Low,0,0.51,692.61,13.51,2026-10-06 16:33:57.939598
9067-SQTNS,44,One year,20.6,0.0163,Low,0,0.34,547.71,8.95,2026-10-06 16:33:57.939598
1776-SPBWV,34,One year,20.1,0.0195,Low,0,0.39,534.41,10.43,2026-10-06 16:33:57.939598
8735-SDUFN,72,Two year,24.3,0.0085,Low,0,0.21,646.08,5.5,2026-10-06 16:33:57.939598
9668-PUGNU,71,Two year,24.5,0.0163,Low,0,0.4,651.4,10.64,2026-10-06 16:33:57.939598
9405-GPBBG,64,Two year,110.5,0.0877,Low,1,9.69,2937.95,257.71,2026-10-06 16:33:57.939598
1926-QUZNN,72,Two year,25.25,0.0,Low,0,0.0,671.34,0.0,2026-10-06 16:33:57.939598
7016-NVRIC,29,One year,90.1,0.1364,Low,1,12.29,2395.56,326.86,2026-10-06 16:33:57.939598
5829-NVSQN,23,One year,68.75,0.0486,Low,0,3.34,1827.91,88.77,2026-10-06 16:33:57.939598
9565-AXSMR,52,Two year,19.2,0.0085,Low,0,0.16,510.48,4.34,2026-10-06 16:33:57.939598
8869-LIHMK,64,Two year,115.1,0.0877,Low,1,10.1,3060.25,268.44,2026-10-06 16:33:57.939598
0447-RXSGD,24,Month-to-month,99.65,0.5923,Medium,1,59.02,2649.47,1569.21,2026-10-06 16:33:57.939598
4927-WWOOZ,2,Month-to-month,91.45,0.878,High,1,80.3,2431.45,2134.93,2026-10-06 16:33:57.939598
5788-YPOEG,34,Two year,84.75,0.0195,Low,0,1.65,2253.31,43.97,2026-10-06 16:33:57.939598
0661-KBKPA,53,One year,78.75,0.0486,Low,0,3.82,2093.78,101.68,2026-10-06 16:33:57.939598
9081-WWXKP,47,Two year,20.25,0.0163,Low,0,0.33,538.4,8.8,2026-10-06 16:33:57.939598
0784-ZQJZX,72,Two year,19.9,0.0,Low,0,0.0,529.1,0.0,2026-10-06 16:33:57.939598
3133-PZNSR,72,Two year,97.75,0.0085,Low,0,0.83,2598.95,22.12,2026-10-06 16:33:57.939598
0722-SVSFK,7,Month-to-month,100.4,0.6491,High,1,65.17,2669.41,1732.77,2026-10-06 16:33:57.939598
3612-YVGSJ,71,Two year,24.45,0.0085,Low,0,0.21,650.07,5.53,2026-10-06 16:33:57.939598
9825-YCXWZ,41,One year,101.1,0.2328,Low,1,23.54,2688.02,625.78,2026-10-06 16:33:57.939598
5397-NSKQG,67,Two year,50.9,0.0486,Low,0,2.47,1353.32,65.72,2026-10-06 16:33:57.939598
8565-HBFNN,69,One year,107.2,0.2013,Low,1,21.58,2850.21,573.74,2026-10-06 16:33:57.939598
2000-DHJUY,70,Two year,92.2,0.0195,Low,0,1.8,2451.39,47.83,2026-10-06 16:33:57.939598
8670-ERCJH,72,Two year,113.4,0.0195,Low,0,2.21,3015.05,58.83,2026-10-06 16:33:57.939598
7758-UJWYS,34,Two year,40.55,0.0486,Low,0,1.97,1078.13,52.36,2026-10-06 16:33:57.939598
2050-ONYDQ,65,Two year,26.0,0.0085,Low,0,0.22,691.28,5.88,2026-10-06 16:33:57.939598
7055-JCGNI,70,Two year,111.95,0.0877,Low,1,9.82,2976.5,261.1,2026-10-06 16:33:57.939598
0739-UUAJR,72,Two year,53.8,0.0195,Low,0,1.05,1430.42,27.91,2026-10-06 16:33:57.939598
4826-DXMUP,35,One year,72.1,0.1364,Low,1,9.84,1916.98,261.56,2026-10-06 16:33:57.939598
7285-KLOTR,12,One year,78.85,0.1364,Low,1,10.76,2096.44,286.05,2026-10-06 16:33:57.939598
0654-PQKDW,62,One year,70.75,0.0195,Low,0,1.38,1881.08,36.7,2026-10-06 16:33:57.939598
7175-NTIXE,25,Month-to-month,76.15,0.1348,Low,1,10.27,2024.66,272.99,2026-10-06 16:33:57.939598
7963-SHNDT,52,Two year,39.1,0.0163,Low,0,0.64,1039.58,16.99,2026-10-06 16:33:57.939598
9796-BPKIW,8,Month-to-month,69.95,0.5923,Medium,1,41.43,1859.81,1101.52,2026-10-06 16:33:57.939598
0188-GWFLE,2,Month-to-month,20.05,0.1348,Low,1,2.7,533.08,71.88,2026-10-06 16:33:57.939598
8129-GMVGI,56,Two year,20.05,0.0195,Low,0,0.39,533.08,10.4,2026-10-06 16:33:57.939598
2882-DDZPG,12,Month-to-month,19.45,0.1364,Low,1,2.65,517.13,70.56,2026-10-06 16:33:57.939598
3547-LQRIK,47,One year,26.9,0.0195,Low,0,0.52,715.21,13.96,2026-10-06 16:33:57.939598
9137-NOQKA,2,Month-to-month,19.2,0.2013,Low,1,3.86,510.48,102.76,2026-10-06 16:33:57.939598
5843-TTHGI,18,Month-to-month,50.0,0.2328,Low,1,11.64,1329.39,309.49,2026-10-06 16:33:57.939598
1849-RJYIG,8,Month-to-month,60.0,0.2564,Low,1,15.38,1595.26,409.04,2026-10-06 16:33:57.939598
8868-GAGIO,45,Month-to-month,84.55,0.2328,Low,1,19.68,2247.99,523.34,2026-10-06 16:33:57.939598
4061-UKJWL,3,Month-to-month,45.45,0.3552,Medium,1,16.14,1208.41,429.24,2026-10-06 16:33:57.939598
5380-XPJNZ,38,One year,20.05,0.0195,Low,0,0.39,533.08,10.4,2026-10-06 16:33:57.939598
8263-QMNTJ,72,Two year,115.55,0.0486,Low,0,5.61,3072.21,149.2,2026-10-06 16:33:57.939598
3230-JCNZS,71,Two year,99.0,0.0195,Low,0,1.93,2632.19,51.36,2026-10-06 16:33:57.939598
0277-ORXQS,66,Two year,50.55,0.0486,Low,0,2.45,1344.01,65.27,2026-10-06 16:33:57.939598
7996-BPXHY,13,Two year,25.0,0.0195,Low,0,0.49,664.69,12.97,2026-10-06 16:33:57.939598
3227-WLKLI,65,Two year,91.55,0.0195,Low,0,1.79,2434.11,47.49,2026-10-06 16:33:57.939598
2266-FUBDZ,15,Two year,19.35,0.0195,Low,0,0.38,514.47,10.04,2026-10-06 16:33:57.939598
8237-ULIXL,72,Two year,24.85,0.0,Low,0,0.0,660.71,0.0,2026-10-06 16:33:57.939598
8216-AZUUZ,42,Two year,100.4,0.1364,Low,1,13.7,2669.41,364.23,2026-10-06 16:33:57.939598
9153-BTBVV,71,Two year,25.0,0.0085,Low,0,0.21,664.69,5.66,2026-10-06 16:33:57.939598
5186-PEIZU,35,Month-to-month,19.25,0.0195,Low,0,0.38,511.81,9.99,2026-10-06 16:33:57.939598
1074-AMIOH,53,Month-to-month,108.25,0.2564,Low,1,27.76,2878.12,737.98,2026-10-06 16:33:57.939598
4361-FEBGN,48,Two year,20.15,0.0085,Low,0,0.17,535.74,4.56,2026-10-06 16:33:57.939598
7748-UMTRK,30,Month-to-month,101.3,0.5566,Medium,1,56.38,2693.34,1499.12,2026-10-06 16:33:57.939598
0380-ZCSBI,10,Month-to-month,20.0,0.1364,Low,1,2.73,531.75,72.56,2026-10-06 16:33:57.939598
7145-FEJWU,12,Month-to-month,105.3,0.6491,High,1,68.35,2799.69,1817.34,2026-10-06 16:33:57.939598
6463-MVYRY,57,Two year,69.85,0.0195,Low,0,1.36,1857.15,36.24,2026-10-06 16:33:57.939598
3969-JQABI,58,Month-to-month,65.25,0.1364,Low,1,8.9,1734.85,236.71,2026-10-06 16:33:57.939598
9624-EGDEQ,37,Two year,19.8,0.0163,Low,0,0.32,526.44,8.6,2026-10-06 16:33:57.939598
1051-EQPZR,44,Month-to-month,19.6,0.0486,Low,0,0.95,521.12,25.31,2026-10-06 16:33:57.939598
5849-ASHZJ,27,One year,20.05,0.0195,Low,0,0.39,533.08,10.4,2026-10-06 16:33:57.939598
5780-INQIK,8,Month-to-month,49.4,0.2013,Low,1,9.94,1313.43,264.39,2026-10-06 16:33:57.939598
4526-ZJJTM,25,Month-to-month,88.4,0.314,Medium,1,27.76,2350.36,738.13,2026-10-06 16:33:57.939598
8384-FZBJK,57,Month-to-month,100.6,0.3789,Medium,1,38.12,2674.73,1013.47,2026-10-06 16:33:57.939598
3750-RNQKR,12,Month-to-month,19.45,0.0877,Low,1,1.71,517.13,45.36,2026-10-06 16:33:57.939598
0962-CQPWQ,62,Two year,20.3,0.0085,Low,0,0.17,539.73,4.59,2026-10-06 16:33:57.939598
3096-YXENJ,65,Two year,107.65,0.1348,Low,1,14.51,2862.17,385.91,2026-10-06 16:33:57.939598
1265-BCFEO,71,Two year,80.45,0.0486,Low,0,3.91,2138.98,103.88,2026-10-06 16:33:57.939598
5837-LXSDN,21,One year,58.85,0.1364,Low,1,8.03,1564.69,213.49,2026-10-06 16:33:57.939598
5945-AZYHT,71,One year,109.6,0.2013,Low,1,22.06,2914.02,586.59,2026-10-06 16:33:57.939598
8325-QRPZR,7,Month-to-month,75.15,0.6392,High,1,48.03,1998.07,1277.12,2026-10-06 16:33:57.939598
6384-VMJHP,72,Two year,73.0,0.0085,Low,0,0.62,1940.91,16.52,2026-10-06 16:33:57.939598
2262-SLNVK,1,Month-to-month,70.1,0.6967,High,1,48.84,1863.8,1298.55,2026-10-06 16:33:57.939598
7730-CLDSV,72,Two year,98.65,0.0163,Low,0,1.61,2622.88,42.86,2026-10-06 16:33:57.939598
1135-HIORI,64,One year,111.45,0.1364,Low,1,15.21,2963.2,404.32,2026-10-06 16:33:57.939598
0164-APGRB,72,Two year,114.9,0.0195,Low,0,2.24,3054.93,59.61,2026-10-06 16:33:57.939598
6481-ESCNL,29,Month-to-month,100.55,0.314,Medium,1,31.58,2673.4,839.58,2026-10-06 16:33:57.939598
1790-NESIO,13,Two year,20.4,0.0163,Low,0,0.33,542.39,8.86,2026-10-06 16:33:57.939598
1550-EENBN,31,Month-to-month,104.35,0.3552,Medium,1,37.07,2774.43,985.51,2026-10-06 16:33:57.939598
8198-RKSZG,14,Month-to-month,80.45,0.2328,Low,1,18.73,2138.98,497.96,2026-10-06 16:33:57.939598
9297-EONCV,72,Two year,91.35,0.0,Low,0,0.0,2428.79,0.0,2026-10-06 16:33:57.939598
1069-QJOEE,25,One year,19.9,0.0195,Low,0,0.39,529.1,10.32,2026-10-06 16:33:57.939598
7799-DSEWS,18,Month-to-month,68.35,0.1364,Low,1,9.33,1817.27,247.96,2026-10-06 16:33:57.939598
8766-PAFNE,71,Two year,79.1,0.0486,Low,0,3.84,2103.09,102.14,2026-10-06 16:33:57.939598
5315-CKEQK,28,One year,51.0,0.1364,Low,1,6.96,1355.97,185.02,2026-10-06 16:33:57.939598
3130-ICDUP,2,Month-to-month,80.55,0.5103,Medium,1,41.11,2141.64,1092.98,2026-10-06 16:33:57.939598
0820-FNRNX,17,Month-to-month,66.7,0.1364,Low,1,9.1,1773.4,241.97,2026-10-06 16:33:57.939598
0880-FVFWF,56,Month-to-month,86.4,0.2013,Low,1,17.39,2297.18,462.42,2026-10-06 16:33:57.939598
4611-ANLQC,60,One year,50.05,0.0486,Low,0,2.43,1330.72,64.63,2026-10-06 16:33:57.939598
4213-HKBJO,33,Two year,25.7,0.0195,Low,0,0.5,683.3,13.33,2026-10-06 16:33:57.939598
2792-LSHWX,1,Month-to-month,83.4,0.5758,Medium,1,48.02,2217.42,1276.7,2026-10-06 16:33:57.939598
0014-BMAQU,63,Two year,84.65,0.0195,Low,0,1.65,2250.65,43.92,2026-10-06 16:33:57.939598
9018-PCIOK,55,Two year,64.75,0.0486,Low,0,3.14,1721.56,83.61,2026-10-06 16:33:57.939598
4837-QUSFT,65,One year,100.15,0.0877,Low,1,8.79,2662.76,233.58,2026-10-06 16:33:57.939598
9953-ZMKSM,63,Two year,25.25,0.0085,Low,0,0.21,671.34,5.71,2026-10-06 16:33:57.939598
0907-HQNTS,70,Two year,113.0,0.0877,Low,1,9.91,3004.41,263.55,2026-10-06 16:33:57.939598
7665-NKLAV,36,Two year,40.65,0.0195,Low,0,0.79,1080.79,21.09,2026-10-06 16:33:57.939598
4391-LNRXK,22,Month-to-month,94.95,0.2564,Low,1,24.35,2524.51,647.31,2026-10-06 16:33:57.939598
8250-ZNGGW,5,Month-to-month,59.9,0.2328,Low,1,13.94,1592.61,370.77,2026-10-06 16:33:57.939598
8562-GHPPI,1,Month-to-month,19.8,0.314,Medium,1,6.22,526.44,165.33,2026-10-06 16:33:57.939598
5893-PYOLZ,56,Two year,81.8,0.0195,Low,0,1.6,2174.88,42.44,2026-10-06 16:33:57.939598
4986-MXSFP,2,Month-to-month,20.0,0.1364,Low,1,2.73,531.75,72.56,2026-10-06 16:33:57.939598
6131-FOYAS,35,Month-to-month,59.6,0.2013,Low,1,12.0,1584.63,318.98,2026-10-06 16:33:57.939598
3027-YNWZU,64,Two year,25.0,0.0163,Low,0,0.41,664.69,10.86,2026-10-06 16:33:57.939598
5609-IMCGG,15,Month-to-month,84.35,0.3552,Medium,1,29.96,2242.68,796.63,2026-10-06 16:33:57.939598
4727-MCYZG,1,Month-to-month,55.55,0.5103,Medium,1,28.35,1476.95,753.75,2026-10-06 16:33:57.939598
9481-WHGWY,70,Two year,75.35,0.0195,Low,0,1.47,2003.39,39.09,2026-10-06 16:33:57.939598
4328-VUFWD,39,One year,59.3,0.0877,Low,1,5.2,1576.65,138.3,2026-10-06 16:33:57.939598
3301-LSLWQ,29,Month-to-month,66.1,0.2328,Low,1,15.39,1757.45,409.14,2026-10-06 16:33:57.939598
7473-ZBDSN,14,Two year,18.8,0.0163,Low,0,0.31,499.85,8.17,2026-10-06 16:33:57.939598
3166-PNEOF,61,Two year,86.45,0.0195,Low,0,1.69,2298.51,44.85,2026-10-06 16:33:57.939598
5639-NTUPK,13,Month-to-month,52.1,0.2328,Low,1,12.13,1385.22,322.49,2026-10-06 16:33:57.939598
8780-YRMTT,66,Two year,47.4,0.0195,Low,0,0.92,1260.26,24.59,2026-10-06 16:33:57.939598
5140-FOMCQ,59,One year,109.15,0.2013,Low,1,21.97,2902.05,584.18,2026-10-06 16:33:57.939598
6242-SGYTS,62,One year,94.95,0.0486,Low,0,4.61,2524.51,122.6,2026-10-06 16:33:57.939598
8166-ORCHU,33,One year,93.55,0.2328,Low,1,21.78,2487.28,579.05,2026-10-06 16:33:57.939598
8414-OOEEL,66,Two year,79.5,0.0877,Low,1,6.97,2113.73,185.41,2026-10-06 16:33:57.939598
8454-AATJP,72,Two year,115.05,0.0195,Low,0,2.24,3058.92,59.69,2026-10-06 16:33:57.939598
4531-AUZNK,51,One year,95.15,0.1348,Low,1,12.83,2529.82,341.1,2026-10-06 16:33:57.939598
4191-XOVOM,63,Month-to-month,105.4,0.2564,Low,1,27.03,2802.35,718.55,2026-10-06 16:33:57.939598
2150-OEGBV,27,One year,20.1,0.0195,Low,0,0.39,534.41,10.43,2026-10-06 16:33:57.939598
1855-CFULU,4,Month-to-month,20.05,0.1364,Low,1,2.74,533.08,72.74,2026-10-06 16:33:57.939598
4878-BUNFV,42,Two year,20.7,0.0085,Low,0,0.18,550.37,4.68,2026-10-06 16:33:57.939598
1872-EBWSC,29,One year,20.35,0.0195,Low,0,0.4,541.06,10.56,2026-10-06 16:33:57.939598
7026-YMSBE,30,One year,19.7,0.0195,Low,0,0.38,523.78,10.22,2026-10-06 16:33:57.939598
6997-UVGOX,71,Two year,85.45,0.0195,Low,0,1.67,2271.92,44.33,2026-10-06 16:33:57.939598
9674-EHPPG,46,Two year,40.4,0.0163,Low,0,0.66,1074.14,17.55,2026-10-06 16:33:57.939598
5440-VHLUL,69,One year,105.2,0.3552,Medium,1,37.37,2797.03,993.54,2026-10-06 16:33:57.939598
5781-BKHOP,72,Two year,100.65,0.0163,Low,0,1.64,2676.06,43.73,2026-10-06 16:33:57.939598
5213-TWWJU,28,Month-to-month,91.0,0.2564,Low,1,23.33,2419.48,620.38,2026-10-06 16:33:57.939598
8628-MFKAX,72,Two year,116.75,0.0195,Low,0,2.28,3104.12,60.57,2026-10-06 16:33:57.939598
7629-WIXZF,7,One year,59.1,0.1364,Low,1,8.06,1571.34,214.4,2026-10-06 16:33:57.939598
5445-GLVOT,22,Month-to-month,49.8,0.314,Medium,1,15.64,1324.07,415.82,2026-10-06 16:33:57.939598
3976-HXHCE,72,Two year,19.3,0.0,Low,0,0.0,513.14,0.0,2026-10-06 16:33:57.939598
2466-NEJOJ,8,Month-to-month,19.65,0.0877,Low,1,1.72,522.45,45.83,2026-10-06 16:33:57.939598
0254-KCJGT,52,One year,81.4,0.0877,Low,1,7.14,2164.24,189.85,2026-10-06 16:33:57.939598
5472-CVMDX,68,Two year,38.9,0.0163,Low,0,0.64,1034.26,16.9,2026-10-06 16:33:57.939598
6461-SZMCV,71,Two year,87.95,0.0163,Low,0,1.44,2338.39,38.21,2026-10-06 16:33:57.939598
8150-QUDFX,2,Month-to-month,19.85,0.1348,Low,1,2.68,527.77,71.16,2026-10-06 16:33:57.939598
9508-ILZDG,34,Month-to-month,96.35,0.3789,Medium,1,36.51,2561.73,970.66,2026-10-06 16:33:57.939598
2346-DJQTB,35,Month-to-month,24.15,0.3552,Medium,1,8.58,642.09,228.08,2026-10-06 16:33:57.939598
1697-LYYYX,61,One year,19.1,0.0195,Low,0,0.37,507.83,9.91,2026-10-06 16:33:57.939598
1942-OQFRW,1,Month-to-month,44.0,0.3789,Medium,1,16.67,1169.86,443.27,2026-10-06 16:33:57.939598
9640-ZSLDC,53,One year,60.6,0.0877,Low,1,5.32,1611.22,141.33,2026-10-06 16:33:57.939598
4231-LZUYM,72,Two year,25.65,0.0,Low,0,0.0,681.98,0.0,2026-10-06 16:33:57.939598
6128-AQBMT,41,Month-to-month,53.95,0.5923,Medium,1,31.95,1434.41,849.56,2026-10-06 16:33:57.939598
3594-BDSOA,24,One year,20.4,0.0195,Low,0,0.4,542.39,10.58,2026-10-06 16:33:57.939598
5133-VRSAB,8,Month-to-month,29.35,0.1364,Low,1,4.0,780.35,106.48,2026-10-06 16:33:57.939598
5996-DAOQL,1,Month-to-month,20.45,0.3552,Medium,1,7.26,543.72,193.14,2026-10-06 16:33:57.939598
6838-YAUVY,54,Two year,95.1,0.1348,Low,1,12.82,2528.49,340.92,2026-10-06 16:33:57.939598
0484-JPBRU,41,Month-to-month,25.25,0.0877,Low,1,2.21,671.34,58.89,2026-10-06 16:33:57.939598
7883-ROJOC,19,Month-to-month,44.9,0.2013,Low,1,9.04,1193.79,240.31,2026-10-06 16:33:57.939598
0244-LGNFY,72,Two year,92.65,0.0,Low,0,0.0,2463.35,0.0,2026-10-06 16:33:57.939598
7274-CGTOD,62,Two year,43.7,0.0195,Low,0,0.85,1161.88,22.67,2026-10-06 16:33:57.939598
4295-YURET,56,Two year,72.6,0.0195,Low,0,1.42,1930.27,37.66,2026-10-06 16:33:57.939598
4635-EJYPD,32,Two year,18.95,0.0,Low,0,0.0,503.84,0.0,2026-10-06 16:33:57.939598
1866-ZSLJM,21,Month-to-month,20.5,0.0486,Low,0,1.0,545.05,26.47,2026-10-06 16:33:57.939598
4636-TVXVG,62,One year,19.95,0.0195,Low,0,0.39,530.43,10.35,2026-10-06 16:33:57.939598
4236-UJPWO,2,Month-to-month,24.5,0.5923,Medium,1,14.51,651.4,385.81,2026-10-06 16:33:57.939598
9392-XBGTD,27,Two year,20.6,0.0085,Low,0,0.18,547.71,4.66,2026-10-06 16:33:57.939598
6402-SSEJG,25,One year,61.05,0.1364,Low,1,8.33,1623.18,221.48,2026-10-06 16:33:57.939598
1169-SAOCL,49,One year,106.65,0.2564,Low,1,27.35,2835.58,727.07,2026-10-06 16:33:57.939598
1110-KYLGQ,63,Month-to-month,108.25,0.1364,Low,1,14.77,2878.12,392.71,2026-10-06 16:33:57.939598
9929-PLVPA,4,Month-to-month,20.4,0.0877,Low,1,1.79,542.39,47.58,2026-10-06 16:33:57.939598
3518-PZXZQ,1,Month-to-month,55.3,0.6395,High,1,35.37,1470.3,940.31,2026-10-06 16:33:57.939598
2371-JUNGC,11,Month-to-month,20.25,0.0877,Low,1,1.78,538.4,47.23,2026-10-06 16:33:57.939598
7693-QPEFS,52,Month-to-month,72.95,0.2564,Low,1,18.71,1939.58,497.33,2026-10-06 16:33:57.939598
0924-BJCRC,60,Month-to-month,89.45,0.2328,Low,1,20.82,2378.27,553.67,2026-10-06 16:33:57.939598
5074-FBGHB,64,One year,104.65,0.314,Medium,1,32.87,2782.41,873.81,2026-10-06 16:33:57.939598
2351-BKRZW,43,Two year,75.2,0.0486,Low,0,3.65,1999.4,97.1,2026-10-06 16:33:57.939598
4455-BFSPD,61,One year,101.15,0.1364,Low,1,13.8,2689.35,366.95,2026-10-06 16:33:57.939598
3948-KXDUF,66,Two year,68.75,0.0195,Low,0,1.34,1827.91,35.67,2026-10-06 16:33:57.939598
2323-ARSVR,67,Two year,111.05,0.1364,Low,1,15.15,2952.57,402.86,2026-10-06 16:33:57.939598
0815-MFZGM,42,Two year,99.0,0.1364,Low,1,13.51,2632.19,359.15,2026-10-06 16:33:57.939598
5480-XTFFL,31,Two year,21.0,0.0195,Low,0,0.41,558.34,10.89,2026-10-06 16:33:57.939598
8295-FHIVV,7,Month-to-month,19.4,0.1364,Low,1,2.65,515.8,70.38,2026-10-06 16:33:57.939598
9086-YJYXS,34,One year,77.2,0.1364,Low,1,10.53,2052.57,280.06,2026-10-06 16:33:57.939598
1179-INLAT,3,One year,19.45,0.0486,Low,0,0.94,517.13,25.11,2026-10-06 16:33:57.939598
7909-FIOIY,19,Month-to-month,24.85,0.2013,Low,1,5.0,660.71,133.0,2026-10-06 16:33:57.939598
6351-SCJKT,3,Month-to-month,41.35,0.2564,Low,1,10.6,1099.4,281.9,2026-10-06 16:33:57.939598
5468-BPMMO,46,Month-to-month,19.6,0.0877,Low,1,1.72,521.12,45.71,2026-10-06 16:33:57.939598
0197-PNKNK,69,One year,84.45,0.0877,Low,1,7.41,2245.33,196.96,2026-10-06 16:33:57.939598
2439-QKJUL,5,Month-to-month,20.25,0.1348,Low,1,2.73,538.4,72.59,2026-10-06 16:33:57.939598
1194-SPVSP,1,Month-to-month,19.65,0.314,Medium,1,6.17,522.45,164.07,2026-10-06 16:33:57.939598
9534-NSXEM,26,One year,20.65,0.0195,Low,0,0.4,549.04,10.71,2026-10-06 16:33:57.939598
8929-KSWIH,25,Two year,99.3,0.1348,Low,1,13.39,2640.16,355.98,2026-10-06 16:33:57.939598
2250-IVBWA,64,Month-to-month,81.05,0.1364,Low,1,11.06,2154.94,294.03,2026-10-06 16:33:57.939598
1810-MVMAI,30,Month-to-month,67.6,0.1348,Low,1,9.11,1797.33,242.34,2026-10-06 16:33:57.939598
9506-UXUSK,13,Month-to-month,70.15,0.3789,Medium,1,26.58,1865.13,706.71,2026-10-06 16:33:57.939598
1229-RCALF,64,One year,115.0,0.1364,Low,1,15.69,3057.59,417.19,2026-10-06 16:33:57.939598
3572-UOLYZ,46,Month-to-month,84.8,0.2564,Low,1,21.74,2254.64,578.11,2026-10-06 16:33:57.939598
1429-UYJSV,12,One year,19.7,0.0486,Low,0,0.96,523.78,25.44,2026-10-06 16:33:57.939598
6366-XIVKZ,13,Month-to-month,63.15,0.2328,Low,1,14.7,1679.02,390.88,2026-10-06 16:33:57.939598
3470-OBUET,67,Two year,74.0,0.0486,Low,0,3.59,1967.49,95.55,2026-10-06 16:33:57.939598
2770-NSVDG,24,Month-to-month,29.1,0.5103,Medium,1,14.85,773.7,394.86,2026-10-06 16:33:57.939598
9375-MHRRS,6,Month-to-month,50.05,0.2013,Low,1,10.08,1330.72,267.87,2026-10-06 16:33:57.939598
4860-YZGZM,10,Month-to-month,20.0,0.1364,Low,1,2.73,531.75,72.56,2026-10-06 16:33:57.939598
6599-GZWCM,13,One year,74.65,0.1364,Low,1,10.19,1984.77,270.81,2026-10-06 16:33:57.939598
5533-NHFRF,7,Month-to-month,44.4,0.3789,Medium,1,16.82,1180.5,447.3,2026-10-06 16:33:57.939598
7037-MTYVW,38,Two year,85.4,0.0486,Low,0,4.15,2270.59,110.27,2026-10-06 16:33:57.939598
4760-THGOT,43,Month-to-month,94.1,0.3789,Medium,1,35.66,2501.91,947.99,2026-10-06 16:33:57.939598
4016-BJKTZ,25,Two year,108.9,0.2328,Low,1,25.35,2895.41,674.06,2026-10-06 16:33:57.939598
6584-VQMYT,27,One year,56.2,0.0486,Low,0,2.73,1494.23,72.57,2026-10-06 16:33:57.939598
9838-BFCQT,72,Two year,26.1,0.0,Low,0,0.0,693.94,0.0,2026-10-06 16:33:57.939598
2790-XUYMV,71,One year,85.45,0.0486,Low,0,4.15,2271.92,110.34,2026-10-06 16:33:57.939598
0581-MDMPW,24,Month-to-month,88.95,0.3789,Medium,1,33.7,2364.98,896.11,2026-10-06 16:33:57.939598
1023-BQXZE,57,Two year,74.35,0.0195,Low,0,1.45,1976.8,38.57,2026-10-06 16:33:57.939598
9163-GHAYE,15,Month-to-month,48.85,0.2564,Low,1,12.53,1298.81,333.03,2026-10-06 16:33:57.939598
3904-UKFRE,4,Month-to-month,80.1,0.6392,High,1,51.2,2129.68,1361.24,2026-10-06 16:33:57.939598
5353-WILCI,28,Month-to-month,56.05,0.1348,Low,1,7.56,1490.24,200.93,2026-10-06 16:33:57.939598
0058-EVZWM,55,Month-to-month,89.8,0.2328,Low,1,20.91,2387.58,555.84,2026-10-06 16:33:57.939598
7009-PCARS,55,One year,19.1,0.0195,Low,0,0.37,507.83,9.91,2026-10-06 16:33:57.939598
0519-DRGTI,20,Month-to-month,20.35,0.0486,Low,0,0.99,541.06,26.28,2026-10-06 16:33:57.939598
1017-FBQMM,62,One year,106.05,0.1364,Low,1,14.47,2819.63,384.73,2026-10-06 16:33:57.939598
1985-MBRYP,43,Two year,19.65,0.0195,Low,0,0.38,522.45,10.19,2026-10-06 16:33:57.939598
9372-TXXPS,60,Two year,59.85,0.0085,Low,0,0.51,1591.28,13.54,2026-10-06 16:33:57.939598
3259-QMXUN,58,Two year,86.1,0.0486,Low,0,4.18,2289.2,111.18,2026-10-06 16:33:57.939598
1015-JPFYW,7,One year,19.45,0.0486,Low,0,0.94,517.13,25.11,2026-10-06 16:33:57.939598
6645-MXQJT,2,Month-to-month,97.1,0.5103,Medium,1,49.55,2581.67,1317.54,2026-10-06 16:33:57.939598
4360-QRAVE,37,Month-to-month,36.65,0.314,Medium,1,11.51,974.44,306.02,2026-10-06 16:33:57.939598
8433-WPJTV,65,One year,103.9,0.2328,Low,1,24.19,2762.47,643.11,2026-10-06 16:33:57.939598
5804-JMYIO,39,Two year,19.75,0.0163,Low,0,0.32,525.11,8.58,2026-10-06 16:33:57.939598
6484-LATFU,68,Two year,24.55,0.0085,Low,0,0.21,652.73,5.56,2026-10-06 16:33:57.939598
7599-NTMDP,62,Two year,48.7,0.0195,Low,0,0.95,1294.82,25.26,2026-10-06 16:33:57.939598
0536-ACXIP,72,Two year,109.55,0.0486,Low,0,5.32,2912.69,141.46,2026-10-06 16:33:57.939598
0936-NQLJU,41,Two year,20.65,0.0085,Low,0,0.18,549.04,4.67,2026-10-06 16:33:57.939598
1575-KRZZE,4,Month-to-month,55.2,0.3552,Medium,1,19.61,1467.64,521.33,2026-10-06 16:33:57.939598
3251-YMVWZ,53,One year,24.05,0.0195,Low,0,0.47,639.44,12.48,2026-10-06 16:33:57.939598
4884-LEVMQ,39,Two year,20.45,0.0085,Low,0,0.17,543.72,4.63,2026-10-06 16:33:57.939598
8857-CUPFQ,63,Two year,19.25,0.0085,Low,0,0.16,511.81,4.36,2026-10-06 16:33:57.939598
7610-TVOPG,15,Month-to-month,26.35,0.1364,Low,1,3.6,700.59,95.59,2026-10-06 16:33:57.939598
3638-DIMPH,13,One year,43.8,0.1364,Low,1,5.98,1164.54,158.9,2026-10-06 16:33:57.939598
1845-ZLLIG,1,Month-to-month,50.15,0.5103,Medium,1,25.59,1333.38,680.48,2026-10-06 16:33:57.939598
8559-WNQZS,1,Two year,20.45,0.0486,Low,0,0.99,543.72,26.41,2026-10-06 16:33:57.939598
1699-UOTXU,60,Two year,61.4,0.0195,Low,0,1.2,1632.49,31.85,2026-10-06 16:33:57.939598
0635-WKOLD,40,One year,70.75,0.1348,Low,1,9.54,1881.08,253.63,2026-10-06 16:33:57.939598
5993-JSUWV,66,Two year,61.15,0.0163,Low,0,1.0,1625.84,26.57,2026-10-06 16:33:57.939598
4518-FZBSX,42,One year,20.25,0.0195,Low,0,0.4,538.4,10.51,2026-10-06 16:33:57.939598
5387-ASZNZ,66,One year,63.85,0.0195,Low,0,1.25,1697.63,33.12,2026-10-06 16:33:57.939598
6988-CJEYV,49,Month-to-month,98.7,0.3789,Medium,1,37.4,2624.21,994.33,2026-10-06 16:33:57.939598
3097-FQTVJ,41,Two year,20.0,0.0163,Low,0,0.33,531.75,8.69,2026-10-06 16:33:57.939598
5465-BUBFA,41,Two year,19.3,0.0085,Low,0,0.16,513.14,4.37,2026-10-06 16:33:57.939598
7299-GNVPL,23,Month-to-month,84.4,0.2013,Low,1,16.99,2244.01,451.72,2026-10-06 16:33:57.939598
9743-DQKQW,3,Month-to-month,25.1,0.314,Medium,1,7.88,667.35,209.58,2026-10-06 16:33:57.939598
1215-VFYVK,4,Month-to-month,48.25,0.314,Medium,1,15.15,1282.86,402.88,2026-10-06 16:33:57.939598
9371-BITHB,52,Two year,19.85,0.0163,Low,0,0.32,527.77,8.62,2026-10-06 16:33:57.939598
9093-FPDLG,11,Month-to-month,94.2,0.5923,Medium,1,55.79,2504.57,1483.39,2026-10-06 16:33:57.939598
0541-FITGH,2,Month-to-month,62.15,0.314,Medium,1,19.52,1652.43,518.94,2026-10-06 16:33:57.939598
6985-HAYWX,26,Month-to-month,79.3,0.2328,Low,1,18.46,2108.41,490.85,2026-10-06 16:33:57.939598
7508-KBIMB,24,One year,56.25,0.0486,Low,0,2.73,1495.56,72.63,2026-10-06 16:33:57.939598
6838-HVLXG,12,Month-to-month,20.3,0.1348,Low,1,2.74,539.73,72.77,2026-10-06 16:33:57.939598
2277-DJJDL,60,Month-to-month,99.0,0.3552,Medium,1,35.17,2632.19,934.99,2026-10-06 16:33:57.939598
1897-OKVMW,64,Two year,90.6,0.0163,Low,0,1.48,2408.85,39.36,2026-10-06 16:33:57.939598
5485-ITNPC,66,Two year,85.9,0.0195,Low,0,1.68,2283.89,44.56,2026-10-06 16:33:57.939598
0233-FTHAV,60,One year,79.2,0.1348,Low,1,10.68,2105.75,283.92,2026-10-06 16:33:57.939598
4644-PIZRT,17,One year,70.35,0.1364,Low,1,9.6,1870.45,255.21,2026-10-06 16:33:57.939598
8922-NPKBJ,42,Two year,19.35,0.0163,Low,0,0.32,514.47,8.41,2026-10-06 16:33:57.939598
2740-TVLFN,1,Month-to-month,50.15,0.6392,High,1,32.05,1333.38,852.26,2026-10-06 16:33:57.939598
7771-CFQRQ,47,Two year,63.8,0.0195,Low,0,1.24,1696.3,33.1,2026-10-06 16:33:57.939598
9512-PHSMG,10,Month-to-month,20.55,0.1348,Low,1,2.77,546.38,73.67,2026-10-06 16:33:57.939598
6963-EZQEE,70,Two year,88.55,0.0195,Low,0,1.73,2354.34,45.94,2026-10-06 16:33:57.939598
2452-KDRRH,67,Month-to-month,101.4,0.5103,Medium,1,51.75,2696.0,1375.89,2026-10-06 16:33:57.939598
4146-SVFUD,1,Month-to-month,44.6,0.3789,Medium,1,16.9,1185.81,449.31,2026-10-06 16:33:57.939598
1564-HJUVY,4,Month-to-month,63.75,0.2564,Low,1,16.35,1694.97,434.61,2026-10-06 16:33:57.939598
3617-XLSGQ,66,Two year,109.25,0.0877,Low,1,9.58,2904.71,254.8,2026-10-06 16:33:57.939598
7517-LDMPS,12,Month-to-month,84.6,0.5758,Medium,1,48.71,2249.32,1295.06,2026-10-06 16:33:57.939598
7244-KXYZN,24,One year,20.45,0.0195,Low,0,0.4,543.72,10.61,2026-10-06 16:33:57.939598
5226-NOZFC,26,Month-to-month,85.75,0.464,Medium,1,39.79,2279.9,1057.87,2026-10-06 16:33:57.939598
1400-WIVLL,57,Two year,107.95,0.2564,Low,1,27.68,2870.15,735.94,2026-10-06 16:33:57.939598
8148-NLEGT,42,Two year,22.95,0.0163,Low,0,0.38,610.19,9.97,2026-10-06 16:33:57.939598
8347-GDTMP,64,Two year,19.45,0.0195,Low,0,0.38,517.13,10.09,2026-10-06 16:33:57.939598
6746-WAUWT,19,One year,19.7,0.0195,Low,0,0.38,523.78,10.22,2026-10-06 16:33:57.939598
0428-IKYCP,22,Month-to-month,87.0,0.3552,Medium,1,30.9,2313.13,821.65,2026-10-06 16:33:57.939598
2187-PKZAY,12,Month-to-month,79.95,0.464,Medium,1,37.1,2125.69,986.32,2026-10-06 16:33:57.939598
4003-OCTMP,31,One year,64.0,0.1348,Low,1,8.63,1701.62,229.43,2026-10-06 16:33:57.939598
6652-YFFJO,11,Month-to-month,64.9,0.3552,Medium,1,23.05,1725.54,612.93,2026-10-06 16:33:57.939598
7225-IILWY,68,Two year,25.75,0.0163,Low,0,0.42,684.63,11.19,2026-10-06 16:33:57.939598
5248-RPYWW,72,Two year,90.15,0.0085,Low,0,0.77,2396.88,20.4,2026-10-06 16:33:57.939598
7923-IYJWY,67,Two year,116.1,0.1364,Low,1,15.84,3086.84,421.18,2026-10-06 16:33:57.939598
3170-GWYKC,60,Month-to-month,104.95,0.314,Medium,1,32.96,2790.38,876.32,2026-10-06 16:33:57.939598
9830-ECLEN,58,One year,50.0,0.0486,Low,0,2.43,1329.39,64.56,2026-10-06 16:33:57.939598
2668-TZSPS,1,Month-to-month,20.45,0.314,Medium,1,6.42,543.72,170.75,2026-10-06 16:33:57.939598
7446-SFAOA,37,One year,19.85,0.0195,Low,0,0.39,527.77,10.3,2026-10-06 16:33:57.939598
9522-ZSINC,13,One year,19.95,0.0486,Low,0,0.97,530.43,25.76,2026-10-06 16:33:57.939598
8234-GSZYK,43,Two year,26.45,0.0195,Low,0,0.52,703.25,13.72,2026-10-06 16:33:57.939598
6505-OZNPG,6,Two year,63.4,0.0486,Low,0,3.08,1685.66,81.86,2026-10-06 16:33:57.939598
6164-HAQTX,71,Two year,53.95,0.0163,Low,0,0.88,1434.41,23.44,2026-10-06 16:33:57.939598
7765-LWVVH,72,Two year,95.1,0.0195,Low,0,1.86,2528.49,49.34,2026-10-06 16:33:57.939598
1658-TJVOA,6,Month-to-month,74.1,0.6392,High,1,47.36,1970.15,1259.27,2026-10-06 16:33:57.939598
0953-LGOVU,12,Month-to-month,35.5,0.1364,Low,1,4.84,943.86,128.79,2026-10-06 16:33:57.939598
4692-NNQRU,21,One year,79.2,0.1348,Low,1,10.68,2105.75,283.92,2026-10-06 16:33:57.939598
7742-MYPGI,6,Month-to-month,48.8,0.2328,Low,1,11.36,1297.48,302.06,2026-10-06 16:33:57.939598
9619-GSATL,43,One year,55.45,0.0486,Low,0,2.69,1474.29,71.6,2026-10-06 16:33:57.939598
5622-UEJFI,35,Two year,25.4,0.0195,Low,0,0.5,675.33,13.18,2026-10-06 16:33:57.939598
0674-DGMAQ,32,Month-to-month,93.5,0.464,Medium,1,43.38,2485.95,1153.48,2026-10-06 16:33:57.939598
6203-HBZPA,52,Two year,63.9,0.0195,Low,0,1.25,1698.96,33.15,2026-10-06 16:33:57.939598
0484-FFVBJ,32,One year,64.85,0.1348,Low,1,8.74,1724.22,232.48,2026-10-06 16:33:57.939598
0301-FIDRB,72,Two year,63.8,0.0085,Low,0,0.54,1696.3,14.44,2026-10-06 16:33:57.939598
4139-JPIAM,51,Month-to-month,44.45,0.0877,Low,1,3.9,1181.83,103.67,2026-10-06 16:33:57.939598
2181-TIDSV,68,Two year,19.95,0.0163,Low,0,0.33,530.43,8.67,2026-10-06 16:33:57.939598
2761-XECQW,8,Month-to-month,43.35,0.3789,Medium,1,16.43,1152.58,436.72,2026-10-06 16:33:57.939598
1936-CZAKF,49,Two year,49.65,0.0877,Low,1,4.36,1320.08,115.8,2026-10-06 16:33:57.939598
9453-PATOS,72,Two year,85.1,0.0085,Low,0,0.72,2262.62,19.26,2026-10-06 16:33:57.939598
4402-FTBXC,54,Month-to-month,89.8,0.1364,Low,1,12.25,2387.58,325.77,2026-10-06 16:33:57.939598
2931-XIQBR,50,One year,103.05,0.1364,Low,1,14.06,2739.87,373.84,2026-10-06 16:33:57.939598
0106-UGRDO,69,Two year,116.0,0.1348,Low,1,15.64,3084.18,415.84,2026-10-06 16:33:57.939598
5542-TBBWB,1,Month-to-month,69.9,0.8804,High,1,61.54,1858.48,1636.12,2026-10-06 16:33:57.939598
1930-QPBVZ,68,Two year,95.1,0.0195,Low,0,1.86,2528.49,49.34,2026-10-06 16:33:57.939598
2606-PKWJB,40,One year,40.25,0.0195,Low,0,0.79,1070.16,20.88,2026-10-06 16:33:57.939598
5322-ZSMZY,31,Two year,25.75,0.0085,Low,0,0.22,684.63,5.83,2026-10-06 16:33:57.939598
8059-UDZFY,33,Month-to-month,105.35,0.3789,Medium,1,39.92,2801.02,1061.32,2026-10-06 16:33:57.939598
7740-BTPUX,55,Two year,113.6,0.1364,Low,1,15.5,3020.37,412.11,2026-10-06 16:33:57.939598
5220-AGAAX,68,Two year,24.0,0.0085,Low,0,0.2,638.11,5.43,2026-10-06 16:33:57.939598
0208-BPQEJ,12,Month-to-month,19.4,0.0877,Low,1,1.7,515.8,45.25,2026-10-06 16:33:57.939598
9435-JMLSX,71,Two year,86.1,0.0195,Low,0,1.68,2289.2,44.67,2026-10-06 16:33:57.939598
3352-ALMCK,40,Month-to-month,102.65,0.5566,Medium,1,57.14,2729.23,1519.1,2026-10-06 16:33:57.939598
5312-IRCFR,64,One year,92.85,0.1364,Low,1,12.67,2468.67,336.84,2026-10-06 16:33:57.939598
5294-IMHHT,53,One year,97.75,0.1364,Low,1,13.34,2598.95,354.61,2026-10-06 16:33:57.939598
6176-YJWAS,72,Two year,97.95,0.0195,Low,0,1.91,2604.27,50.82,2026-10-06 16:33:57.939598
5310-NOOVA,46,Two year,19.95,0.0195,Low,0,0.39,530.43,10.35,2026-10-06 16:33:57.939598
4526-EXKKN,40,Two year,24.6,0.0163,Low,0,0.4,654.06,10.69,2026-10-06 16:33:57.939598
5311-IHLEI,12,Month-to-month,50.95,0.2013,Low,1,10.26,1354.65,272.69,2026-10-06 16:33:57.939598
3987-KQDDU,9,Month-to-month,75.6,0.3552,Medium,1,26.85,2010.03,713.99,2026-10-06 16:33:57.939598
3404-JNXAX,51,Month-to-month,80.75,0.2564,Low,1,20.71,2146.96,550.5,2026-10-06 16:33:57.939598
5131-PONJI,49,Month-to-month,90.4,0.2564,Low,1,23.18,2403.53,616.29,2026-10-06 16:33:57.939598
3489-VSFRD,56,One year,60.25,0.0195,Low,0,1.18,1601.91,31.26,2026-10-06 16:33:57.939598
3345-JHUEO,4,Month-to-month,20.2,0.2328,Low,1,4.7,537.07,125.03,2026-10-06 16:33:57.939598
5815-HGGHV,20,One year,64.15,0.1348,Low,1,8.65,1705.6,229.97,2026-10-06 16:33:57.939598
5260-UMPWX,26,Month-to-month,20.25,0.0877,Low,1,1.78,538.4,47.23,2026-10-06 16:33:57.939598
5649-RXQTV,51,Month-to-month,99.0,0.5,Medium,1,49.5,2632.19,1316.09,2026-10-06 16:33:57.939598
2674-MIAHT,4,Month-to-month,80.3,0.6491,High,1,52.12,2135.0,1385.87,2026-10-06 16:33:57.939598
2576-HXMPA,1,Month-to-month,19.55,0.2564,Low,1,5.01,519.79,133.28,2026-10-06 16:33:57.939598
7587-AOVVU,27,Month-to-month,100.75,0.314,Medium,1,31.64,2678.72,841.25,2026-10-06 16:33:57.939598
6898-MDLZW,12,Month-to-month,53.75,0.2013,Low,1,10.82,1429.09,287.67,2026-10-06 16:33:57.939598
4707-YNOQA,34,One year,25.6,0.0486,Low,0,1.24,680.65,33.06,2026-10-06 16:33:57.939598
9357-UJRUN,24,One year,58.35,0.1348,Low,1,7.87,1551.39,209.18,2026-10-06 16:33:57.939598
8648-PFRMP,14,Month-to-month,46.35,0.6,High,1,27.81,1232.34,739.41,2026-10-06 16:33:57.939598
7663-CUXZB,59,Two year,113.75,0.0877,Low,1,9.98,3024.36,265.29,2026-10-06 16:33:57.939598
0258-NOKBL,3,Month-to-month,90.4,0.5923,Medium,1,53.54,2403.53,1423.55,2026-10-06 16:33:57.939598
1163-VIPRI,65,Two year,109.3,0.1364,Low,1,14.91,2906.04,396.52,2026-10-06 16:33:57.939598
9348-ROUAI,59,Two year,90.3,0.0163,Low,0,1.48,2400.87,39.23,2026-10-06 16:33:57.939598
9443-JUBUO,72,Two year,65.25,0.0,Low,0,0.0,1734.85,0.0,2026-10-06 16:33:57.939598
3043-TYBNO,3,Month-to-month,60.65,0.2564,Low,1,15.55,1612.55,413.47,2026-10-06 16:33:57.939598
4830-FAXFM,19,Month-to-month,24.1,0.1364,Low,1,3.29,640.76,87.43,2026-10-06 16:33:57.939598
5906-BFOZT,1,Month-to-month,19.5,0.3789,Medium,1,7.39,518.46,196.45,2026-10-06 16:33:57.939598
2960-NKRSO,24,Month-to-month,85.95,0.314,Medium,1,26.99,2285.22,717.67,2026-10-06 16:33:57.939598
8996-ZROXE,57,One year,53.5,0.0877,Low,1,4.69,1422.44,124.78,2026-10-06 16:33:57.939598
5598-IKHQQ,72,Two year,25.45,0.0,Low,0,0.0,676.66,0.0,2026-10-06 16:33:57.939598
0397-ZXWQF,67,Two year,20.5,0.0085,Low,0,0.17,545.05,4.64,2026-10-06 16:33:57.939598
5266-PFRQK,52,One year,20.85,0.0195,Low,0,0.41,554.35,10.82,2026-10-06 16:33:57.939598
4674-HGNUA,71,Two year,89.9,0.0163,Low,0,1.47,2390.24,39.06,2026-10-06 16:33:57.939598
6765-MBQNU,26,One year,26.0,0.0195,Low,0,0.51,691.28,13.49,2026-10-06 16:33:57.939598
9786-IJYDL,35,Two year,113.2,0.0877,Low,1,9.93,3009.73,264.01,2026-10-06 16:33:57.939598
1303-SRDOK,55,Two year,69.05,0.0486,Low,0,3.35,1835.88,89.16,2026-10-06 16:33:57.939598
3769-MHZNV,33,Two year,20.1,0.0163,Low,0,0.33,534.41,8.73,2026-10-06 16:33:57.939598
6295-OSINB,72,Two year,109.65,0.0486,Low,0,5.33,2915.35,141.58,2026-10-06 16:33:57.939598
3308-MHOOC,1,Month-to-month,19.2,0.2564,Low,1,4.92,510.48,130.89,2026-10-06 16:33:57.939598
2207-QPJED,37,Month-to-month,90.0,0.314,Medium,1,28.26,2392.9,751.49,2026-10-06 16:33:57.939598
4177-JPDFU,12,Month-to-month,34.0,0.1364,Low,1,4.64,903.98,123.34,2026-10-06 16:33:57.939598
2239-CFOUJ,1,One year,20.4,0.1348,Low,1,2.75,542.39,73.13,2026-10-06 16:33:57.939598
8046-DNVTL,62,Two year,38.6,0.0195,Low,0,0.75,1026.29,20.03,2026-10-06 16:33:57.939598
2209-XADXF,1,Month-to-month,25.25,0.5923,Medium,1,14.95,671.34,397.62,2026-10-06 16:33:57.939598
6620-JDYNW,18,Month-to-month,60.6,0.2013,Low,1,12.2,1611.22,324.34,2026-10-06 16:33:57.939598
4770-UEZOX,2,Month-to-month,74.75,0.5923,Medium,1,44.27,1987.43,1177.11,2026-10-06 16:33:57.939598
1038-RQOST,19,Month-to-month,20.6,0.0877,Low,1,1.81,547.71,48.04,2026-10-06 16:33:57.939598
4568-TTZRT,9,Month-to-month,20.4,0.1348,Low,1,2.75,542.39,73.13,2026-10-06 16:33:57.939598
9513-DXHDA,27,One year,81.7,0.1348,Low,1,11.02,2172.22,292.88,2026-10-06 16:33:57.939598
0516-QREYC,24,Month-to-month,20.3,0.0877,Low,1,1.78,539.73,47.34,2026-10-06 16:33:57.939598
8084-OIVBS,11,One year,20.0,0.0486,Low,0,0.97,531.75,25.82,2026-10-06 16:33:57.939598
8896-BQTTI,1,Month-to-month,25.0,0.3789,Medium,1,9.47,664.69,251.86,2026-10-06 16:33:57.939598
3865-QBWSJ,38,Month-to-month,80.45,0.2564,Low,1,20.63,2138.98,548.46,2026-10-06 16:33:57.939598
3352-RICWQ,9,Two year,19.75,0.0195,Low,0,0.39,525.11,10.25,2026-10-06 16:33:57.939598
2160-GPFXD,54,Two year,65.65,0.0195,Low,0,1.28,1745.49,34.06,2026-10-06 16:33:57.939598
2065-MMKGR,29,One year,71.0,0.1364,Low,1,9.69,1887.73,257.57,2026-10-06 16:33:57.939598
5857-TYBCJ,44,Month-to-month,89.2,0.5103,Medium,1,45.52,2371.63,1210.35,2026-10-06 16:33:57.939598
1498-NHTLT,59,Two year,86.75,0.0195,Low,0,1.69,2306.49,45.0,2026-10-06 16:33:57.939598
1402-PTHGN,18,One year,61.5,0.0877,Low,1,5.39,1635.15,143.43,2026-10-06 16:33:57.939598
4176-RELJR,67,Two year,25.1,0.0163,Low,0,0.41,667.35,10.9,2026-10-06 16:33:57.939598
5199-FPUSP,33,One year,34.05,0.0486,Low,0,1.65,905.31,43.97,2026-10-06 16:33:57.939598
6377-KSLXC,5,Month-to-month,19.95,0.1348,Low,1,2.69,530.43,71.52,2026-10-06 16:33:57.939598
1796-JANOW,2,Month-to-month,19.95,0.1364,Low,1,2.72,530.43,72.37,2026-10-06 16:33:57.939598
0238-WHBIQ,72,Two year,89.7,0.0085,Low,0,0.76,2384.92,20.3,2026-10-06 16:33:57.939598
8735-NBLWT,9,Month-to-month,20.4,0.0877,Low,1,1.79,542.39,47.58,2026-10-06 16:33:57.939598
6651-RLGGM,67,Two year,26.3,0.0085,Low,0,0.22,699.26,5.95,2026-10-06 16:33:57.939598
1614-JBEBI,8,Month-to-month,20.7,0.1348,Low,1,2.79,550.37,74.21,2026-10-06 16:33:57.939598
5696-EXCYS,17,Two year,19.45,0.0195,Low,0,0.38,517.13,10.09,2026-10-06 16:33:57.939598
5795-KTGUD,68,Two year,110.8,0.1348,Low,1,14.94,2945.92,397.2,2026-10-06 16:33:57.939598
7924-GJZFI,25,Month-to-month,69.3,0.3552,Medium,1,24.62,1842.53,654.49,2026-10-06 16:33:57.939598
4702-HDRKD,67,One year,49.35,0.0486,Low,0,2.4,1312.11,63.72,2026-10-06 16:33:57.939598
8512-WIWYV,32,One year,20.35,0.0195,Low,0,0.4,541.06,10.56,2026-10-06 16:33:57.939598
5897-ZYEKH,67,One year,105.6,0.2328,Low,1,24.58,2807.67,653.64,2026-10-06 16:33:57.939598
5456-ITGIC,72,Two year,64.45,0.0163,Low,0,1.05,1713.58,28.0,2026-10-06 16:33:57.939598
1406-PUQVY,1,Month-to-month,49.9,0.5103,Medium,1,25.47,1326.73,677.09,2026-10-06 16:33:57.939598
9114-AAFQH,48,One year,65.65,0.1364,Low,1,8.96,1745.49,238.16,2026-10-06 16:33:57.939598
8715-KKTFG,61,One year,103.3,0.2328,Low,1,24.05,2746.51,639.4,2026-10-06 16:33:57.939598
1728-BQDMA,2,Month-to-month,44.45,0.464,Medium,1,20.62,1181.83,548.37,2026-10-06 16:33:57.939598
5117-ZSMHQ,71,Two year,89.9,0.0085,Low,0,0.77,2390.24,20.34,2026-10-06 16:33:57.939598
5151-HQRDG,37,Month-to-month,55.05,0.1364,Low,1,7.51,1463.66,199.71,2026-10-06 16:33:57.939598
0960-HUWBM,65,Two year,104.1,0.1364,Low,1,14.2,2767.78,377.65,2026-10-06 16:33:57.939598
6465-GSRCL,67,One year,106.6,0.1364,Low,1,14.55,2834.25,386.72,2026-10-06 16:33:57.939598
0263-FJTQO,50,Two year,70.5,0.0163,Low,0,1.15,1874.44,30.63,2026-10-06 16:33:57.939598
7319-ZNRTR,25,One year,19.6,0.0486,Low,0,0.95,521.12,25.31,2026-10-06 16:33:57.939598
7503-EPSZW,64,Two year,24.05,0.0085,Low,0,0.2,639.44,5.44,2026-10-06 16:33:57.939598
7089-XXAYG,25,One year,38.1,0.1364,Low,1,5.2,1012.99,138.22,2026-10-06 16:33:57.939598
8070-AAWZP,24,Month-to-month,34.25,0.1364,Low,1,4.67,910.63,124.25,2026-10-06 16:33:57.939598
1666-JXLKU,37,Month-to-month,100.05,0.6,High,1,60.03,2660.1,1596.06,2026-10-06 16:33:57.939598
7855-DIWPO,21,Month-to-month,68.65,0.3789,Medium,1,26.01,1825.25,691.6,2026-10-06 16:33:57.939598
5133-POWUA,1,Month-to-month,45.8,0.5923,Medium,1,27.13,1217.72,721.22,2026-10-06 16:33:57.939598
5652-MSDEY,10,Month-to-month,75.75,0.464,Medium,1,35.15,2014.02,934.51,2026-10-06 16:33:57.939598
1810-BOHSY,51,One year,96.4,0.2013,Low,1,19.41,2563.06,515.94,2026-10-06 16:33:57.939598
1784-BXEFA,10,Month-to-month,20.55,0.1348,Low,1,2.77,546.38,73.67,2026-10-06 16:33:57.939598
7351-MHQVU,6,Month-to-month,50.95,0.2328,Low,1,11.86,1354.65,315.37,2026-10-06 16:33:57.939598
9224-VTYID,47,Two year,90.5,0.0195,Low,0,1.77,2406.19,46.95,2026-10-06 16:33:57.939598
9500-IWPXQ,61,One year,79.4,0.0486,Low,0,3.86,2111.07,102.52,2026-10-06 16:33:57.939598
5762-TJXGK,52,Two year,58.75,0.0877,Low,1,5.15,1562.03,137.02,2026-10-06 16:33:57.939598
4504-YOULA,35,Month-to-month,59.45,0.1348,Low,1,8.02,1580.64,213.12,2026-10-06 16:33:57.939598
5569-IDSEY,71,One year,105.7,0.2328,Low,1,24.61,2810.32,654.26,2026-10-06 16:33:57.939598
7284-ZZLOH,45,Two year,53.3,0.0486,Low,0,2.59,1417.13,68.82,2026-10-06 16:33:57.939598
1777-JYQPJ,2,Month-to-month,24.3,0.5103,Medium,1,12.4,646.08,329.72,2026-10-06 16:33:57.939598
3401-URHDA,51,One year,59.9,0.0877,Low,1,5.25,1592.61,139.7,2026-10-06 16:33:57.939598
1599-EAHXY,60,One year,23.95,0.0163,Low,0,0.39,636.78,10.4,2026-10-06 16:33:57.939598
8631-XVRZL,9,One year,20.15,0.0486,Low,0,0.98,535.74,26.02,2026-10-06 16:33:57.939598
3853-LYGAM,17,Month-to-month,95.65,0.3789,Medium,1,36.24,2543.12,963.6,2026-10-06 16:33:57.939598
5751-USDBL,46,Two year,81.0,0.0195,Low,0,1.58,2153.61,42.02,2026-10-06 16:33:57.939598
5680-LQOGP,68,Two year,82.45,0.0195,Low,0,1.61,2192.16,42.77,2026-10-06 16:33:57.939598
8189-DUKMV,4,One year,20.5,0.0877,Low,1,1.8,545.05,47.81,2026-10-06 16:33:57.939598
9931-DCEZH,28,One year,54.4,0.0877,Low,1,4.77,1446.37,126.87,2026-10-06 16:33:57.939598
1898-JSNDC,39,One year,58.6,0.0877,Low,1,5.14,1558.04,136.67,2026-10-06 16:33:57.939598
0315-LVCRK,11,Month-to-month,84.8,0.3552,Medium,1,30.12,2254.64,800.88,2026-10-06 16:33:57.939598
3911-RSNHI,71,Two year,61.4,0.0195,Low,0,1.2,1632.49,31.85,2026-10-06 16:33:57.939598
2410-CIYFZ,2,Month-to-month,20.4,0.0877,Low,1,1.79,542.39,47.58,2026-10-06 16:33:57.939598
5505-OVWQW,17,One year,20.15,0.0486,Low,0,0.98,535.74,26.02,2026-10-06 16:33:57.939598
7271-AJDTL,55,Month-to-month,94.45,0.2564,Low,1,24.22,2511.21,643.9,2026-10-06 16:33:57.939598
1867-TJHTS,58,Month-to-month,79.8,0.1364,Low,1,10.89,2121.7,289.5,2026-10-06 16:33:57.939598
6860-YRJZP,9,Month-to-month,74.05,0.6395,High,1,47.36,1968.82,1259.13,2026-10-06 16:33:57.939598
4429-WYGFR,26,Month-to-month,49.15,0.1348,Low,1,6.63,1306.79,176.2,2026-10-06 16:33:57.939598
2817-LVCPP,50,Two year,19.4,0.0163,Low,0,0.32,515.8,8.43,2026-10-06 16:33:57.939598
5038-ETMLM,72,Two year,113.65,0.0163,Low,0,1.86,3021.7,49.37,2026-10-06 16:33:57.939598
5056-FIMPT,43,One year,106.0,0.2328,Low,1,24.68,2818.3,656.11,2026-10-06 16:33:57.939598
4521-WFJAI,56,Two year,25.95,0.0195,Low,0,0.51,689.95,13.46,2026-10-06 16:33:57.939598
6569-KTMDU,1,Month-to-month,19.1,0.2328,Low,1,4.45,507.83,118.22,2026-10-06 16:33:57.939598
8809-XKHMD,72,Two year,100.55,0.0163,Low,0,1.64,2673.4,43.68,2026-10-06 16:33:57.939598
0396-YCHWO,36,Month-to-month,95.4,0.5758,Medium,1,54.93,2536.47,1460.39,2026-10-06 16:33:57.939598
0867-LDTTC,5,Month-to-month,75.15,0.2564,Low,1,19.27,1998.07,512.33,2026-10-06 16:33:57.939598
9391-DXGGG,44,One year,89.15,0.1348,Low,1,12.02,2370.3,319.59,2026-10-06 16:33:57.939598
9844-FELAJ,70,One year,107.9,0.2328,Low,1,25.12,2868.82,667.87,2026-10-06 16:33:57.939598
2122-SZZZD,44,One year,19.5,0.0195,Low,0,0.38,518.46,10.12,2026-10-06 16:33:57.939598
3148-AOIQT,69,Two year,24.95,0.0163,Low,0,0.41,663.36,10.84,2026-10-06 16:33:57.939598
8395-ETZKQ,68,One year,19.5,0.0877,Low,1,1.71,518.46,45.48,2026-10-06 16:33:57.939598
6692-YQHXC,16,Month-to-month,69.95,0.2564,Low,1,17.94,1859.81,476.88,2026-10-06 16:33:57.939598
3889-VWBID,68,Two year,82.85,0.0195,Low,0,1.62,2202.79,42.98,2026-10-06 16:33:57.939598
5222-JCXZT,4,Month-to-month,19.0,0.0877,Low,1,1.67,505.17,44.31,2026-10-06 16:33:57.939598
9754-CLVZW,26,Month-to-month,38.85,0.1348,Low,1,5.24,1032.93,139.27,2026-10-06 16:33:57.939598
2739-CCZMB,5,Month-to-month,20.35,0.0877,Low,1,1.79,541.06,47.46,2026-10-06 16:33:57.939598
7080-TNUWP,70,One year,95.0,0.1364,Low,1,12.96,2525.84,344.64,2026-10-06 16:33:57.939598
0496-AHOOK,24,One year,74.4,0.0486,Low,0,3.61,1978.13,96.07,2026-10-06 16:33:57.939598
8336-TAVKX,72,Two year,78.45,0.0085,Low,0,0.67,2085.81,17.75,2026-10-06 16:33:57.939598
2468-SJFLM,1,Month-to-month,74.3,0.6,High,1,44.58,1975.47,1185.28,2026-10-06 16:33:57.939598
3181-VTHOE,70,One year,51.05,0.1348,Low,1,6.88,1357.3,183.01,2026-10-06 16:33:57.939598
7168-HDQHG,36,Month-to-month,19.2,0.0195,Low,0,0.37,510.48,9.96,2026-10-06 16:33:57.939598
4567-AKPIA,41,One year,109.1,0.2328,Low,1,25.4,2900.72,675.3,2026-10-06 16:33:57.939598
7901-HXJVA,14,Month-to-month,76.45,0.3552,Medium,1,27.16,2032.63,722.02,2026-10-06 16:33:57.939598
5924-IFQTT,13,Month-to-month,72.8,0.2564,Low,1,18.67,1935.59,496.3,2026-10-06 16:33:57.939598
7968-QUXNS,6,Month-to-month,18.95,0.0877,Low,1,1.66,503.84,44.2,2026-10-06 16:33:57.939598
8903-WMRNW,15,Month-to-month,101.75,0.3789,Medium,1,38.55,2705.3,1025.06,2026-10-06 16:33:57.939598
2452-SNHFZ,47,Month-to-month,75.45,0.2013,Low,1,15.19,2006.05,403.81,2026-10-06 16:33:57.939598
3629-WEAAM,8,Month-to-month,64.1,0.1364,Low,1,8.75,1704.27,232.54,2026-10-06 16:33:57.939598
6029-CSMJE,17,Month-to-month,25.65,0.2328,Low,1,5.97,681.98,158.77,2026-10-06 16:33:57.939598
7993-NQLJE,15,Month-to-month,75.1,0.2564,Low,1,19.26,1996.74,511.98,2026-10-06 16:33:57.939598
9909-DFRJA,26,One year,95.85,0.1364,Low,1,13.08,2548.44,347.72,2026-10-06 16:33:57.939598
9099-FTUHS,23,Month-to-month,54.4,0.2013,Low,1,10.95,1446.37,291.15,2026-10-06 16:33:57.939598
0581-BXBUB,4,Month-to-month,72.75,0.464,Medium,1,33.76,1934.26,897.5,2026-10-06 16:33:57.939598
4962-CHQPW,29,One year,19.85,0.0195,Low,0,0.39,527.77,10.3,2026-10-06 16:33:57.939598
9467-ROOLM,25,Month-to-month,19.05,0.0486,Low,0,0.93,506.5,24.6,2026-10-06 16:33:57.939598
5150-ITWWB,3,Month-to-month,94.85,0.878,High,1,83.28,2521.85,2214.3,2026-10-06 16:33:57.939598
2253-KPMNB,69,Two year,46.25,0.0195,Low,0,0.9,1229.68,23.99,2026-10-06 16:33:57.939598
1345-ZUKID,14,One year,19.35,0.0486,Low,0,0.94,514.47,24.99,2026-10-06 16:33:57.939598
6429-SHBCB,19,Month-to-month,69.6,0.2328,Low,1,16.2,1850.51,430.81,2026-10-06 16:33:57.939598
9281-OFDMF,39,Month-to-month,90.7,0.3552,Medium,1,32.22,2411.51,856.6,2026-10-06 16:33:57.939598
2603-HVKCG,31,Month-to-month,101.4,0.5103,Medium,1,51.75,2696.0,1375.89,2026-10-06 16:33:57.939598
1834-WULEG,24,One year,20.25,0.0195,Low,0,0.4,538.4,10.51,2026-10-06 16:33:57.939598
9097-ZUBYC,14,Month-to-month,48.8,0.2013,Low,1,9.82,1297.48,261.18,2026-10-06 16:33:57.939598
5148-ORICT,64,Two year,74.35,0.0195,Low,0,1.45,1976.8,38.57,2026-10-06 16:33:57.939598
4893-GYUJU,50,One year,19.35,0.0195,Low,0,0.38,514.47,10.04,2026-10-06 16:33:57.939598
4578-PHJYZ,52,One year,68.75,0.0486,Low,0,3.34,1827.91,88.77,2026-10-06 16:33:57.939598
7272-QDCKA,28,One year,100.2,0.2328,Low,1,23.33,2664.09,620.21,2026-10-06 16:33:57.939598
8908-SLFCJ,21,Two year,20.85,0.0195,Low,0,0.41,554.35,10.82,2026-10-06 16:33:57.939598
9766-HGEDE,17,One year,19.35,0.0486,Low,0,0.94,514.47,24.99,2026-10-06 16:33:57.939598
6968-MHOMU,58,One year,45.0,0.2328,Low,1,10.48,1196.45,278.54,2026-10-06 16:33:57.939598
5044-XDPYX,51,Two year,25.5,0.0085,Low,0,0.22,677.99,5.77,2026-10-06 16:33:57.939598
1814-WFGVS,72,Two year,48.9,0.0163,Low,0,0.8,1300.14,21.24,2026-10-06 16:33:57.939598
3721-WKIIL,27,Two year,19.6,0.0195,Low,0,0.38,521.12,10.17,2026-10-06 16:33:57.939598
6734-CKRSM,3,Month-to-month,20.0,0.1364,Low,1,2.73,531.75,72.56,2026-10-06 16:33:57.939598
1265-ZFOSD,64,Two year,81.3,0.0195,Low,0,1.59,2161.58,42.18,2026-10-06 16:33:57.939598
6568-POCUI,45,Two year,95.2,0.1348,Low,1,12.84,2531.15,341.28,2026-10-06 16:33:57.939598
5197-LQXXH,71,Two year,83.3,0.0486,Low,0,4.05,2214.76,107.56,2026-10-06 16:33:57.939598
3457-PQBYH,58,Two year,20.3,0.0163,Low,0,0.33,539.73,8.82,2026-10-06 16:33:57.939598
7682-AZNDK,34,Month-to-month,89.85,0.3552,Medium,1,31.92,2388.91,848.57,2026-10-06 16:33:57.939598
5384-ZTTWP,15,Month-to-month,19.8,0.0877,Low,1,1.74,526.44,46.18,2026-10-06 16:33:57.939598
3745-HRPHI,66,Two year,54.65,0.0195,Low,0,1.07,1453.02,28.35,2026-10-06 16:33:57.939598
7636-OWBPG,12,Month-to-month,29.35,0.2564,Low,1,7.53,780.35,200.09,2026-10-06 16:33:57.939598
1231-YNDEK,58,Two year,19.15,0.0195,Low,0,0.37,509.16,9.93,2026-10-06 16:33:57.939598
1407-DIGZV,3,Two year,19.1,0.0163,Low,0,0.31,507.83,8.3,2026-10-06 16:33:57.939598
0570-BFQHT,9,Month-to-month,80.55,0.3552,Medium,1,28.61,2141.64,760.74,2026-10-06 16:33:57.939598
4393-OBCRR,3,One year,20.25,0.0486,Low,0,0.98,538.4,26.15,2026-10-06 16:33:57.939598
8564-LDKFL,40,One year,106.0,0.3789,Medium,1,40.16,2818.3,1067.87,2026-10-06 16:33:57.939598
3696-DFHHB,68,Two year,25.5,0.0163,Low,0,0.42,677.99,11.08,2026-10-06 16:33:57.939598
4717-GHADL,50,Two year,79.6,0.0195,Low,0,1.55,2116.38,41.3,2026-10-06 16:33:57.939598
5501-TVMGM,1,Month-to-month,55.25,0.6395,High,1,35.33,1468.97,939.46,2026-10-06 16:33:57.939598
5879-HMFFH,72,Two year,88.05,0.0085,Low,0,0.75,2341.05,19.92,2026-10-06 16:33:57.939598
6772-WFQRD,40,One year,20.4,0.0163,Low,0,0.33,542.39,8.86,2026-10-06 16:33:57.939598
3810-DVDQQ,72,Two year,117.6,0.0163,Low,0,1.92,3126.72,51.09,2026-10-06 16:33:57.939598
6972-SNKKW,6,Month-to-month,20.0,0.0877,Low,1,1.75,531.75,46.65,2026-10-06 16:33:57.939598
3694-GLTJM,5,Month-to-month,19.65,0.1364,Low,1,2.68,522.45,71.29,2026-10-06 16:33:57.939598
8550-XSXUQ,48,One year,70.55,0.1348,Low,1,9.51,1875.77,252.91,2026-10-06 16:33:57.939598
9055-MOJJJ,64,One year,65.8,0.0195,Low,0,1.28,1749.47,34.14,2026-10-06 16:33:57.939598
4359-INNWN,17,One year,20.05,0.0877,Low,1,1.76,533.08,46.76,2026-10-06 16:33:57.939598
0585-EGDDA,40,Month-to-month,80.0,0.3789,Medium,1,30.31,2127.02,805.94,2026-10-06 16:33:57.939598
4032-RMHCI,41,One year,35.4,0.0195,Low,0,0.69,941.21,18.36,2026-10-06 16:33:57.939598
0549-CYCQN,51,One year,79.6,0.1348,Low,1,10.73,2116.38,285.36,2026-10-06 16:33:57.939598
3481-JHUZH,41,Month-to-month,80.25,0.3789,Medium,1,30.41,2133.67,808.46,2026-10-06 16:33:57.939598
3594-IVHJZ,2,Month-to-month,20.45,0.1364,Low,1,2.79,543.72,74.19,2026-10-06 16:33:57.939598
6869-FGJJC,68,One year,79.6,0.1364,Low,1,10.86,2116.38,288.77,2026-10-06 16:33:57.939598
3896-ZVNET,24,Two year,24.7,0.0163,Low,0,0.4,656.72,10.73,2026-10-06 16:33:57.939598
8205-VSLRB,70,Two year,77.3,0.0486,Low,0,3.75,2055.23,99.81,2026-10-06 16:33:57.939598
5960-MVTUK,3,Month-to-month,29.75,0.3552,Medium,1,10.57,790.99,280.97,2026-10-06 16:33:57.939598
6817-WTYHE,2,Month-to-month,44.9,0.3789,Medium,1,17.01,1193.79,452.33,2026-10-06 16:33:57.939598
3082-VQXNH,3,Month-to-month,29.8,0.2564,Low,1,7.64,792.31,203.16,2026-10-06 16:33:57.939598
4931-TRZWN,13,Month-to-month,71.95,0.314,Medium,1,22.6,1912.99,600.77,2026-10-06 16:33:57.939598
0750-EKNGL,7,Month-to-month,20.75,0.1364,Low,1,2.83,551.7,75.28,2026-10-06 16:33:57.939598
7669-LCRSD,12,Month-to-month,56.3,0.2564,Low,1,14.44,1496.89,383.82,2026-10-06 16:33:57.939598
3567-PQTSO,53,One year,105.25,0.3552,Medium,1,37.39,2798.36,994.01,2026-10-06 16:33:57.939598
8043-PNYSD,63,Two year,19.55,0.0163,Low,0,0.32,519.79,8.49,2026-10-06 16:33:57.939598
9938-EKRGF,15,Month-to-month,84.45,0.1364,Low,1,11.52,2245.33,306.37,2026-10-06 16:33:57.939598
2703-AMTUL,36,One year,53.65,0.0195,Low,0,1.05,1426.43,27.83,2026-10-06 16:33:57.939598
0928-JMXNP,4,Month-to-month,29.9,0.6154,High,1,18.4,794.97,489.21,2026-10-06 16:33:57.939598
8173-RXAYP,24,Two year,19.7,0.0163,Low,0,0.32,523.78,8.56,2026-10-06 16:33:57.939598
4825-XJGDM,61,One year,43.7,0.0486,Low,0,2.12,1161.88,56.43,2026-10-06 16:33:57.939598
5402-HTOTQ,16,Month-to-month,55.3,0.3552,Medium,1,19.64,1470.3,522.27,2026-10-06 16:33:57.939598
6734-JDTTV,65,Two year,19.85,0.0163,Low,0,0.32,527.77,8.62,2026-10-06 16:33:57.939598
7850-THJMU,26,Two year,19.65,0.0195,Low,0,0.38,522.45,10.19,2026-10-06 16:33:57.939598
3890-RTCMS,16,Month-to-month,49.45,0.1364,Low,1,6.75,1314.76,179.39,2026-10-06 16:33:57.939598
3717-FDJFU,5,Two year,20.45,0.0195,Low,0,0.4,543.72,10.61,2026-10-06 16:33:57.939598
3665-JATSN,19,Month-to-month,39.7,0.464,Medium,1,18.42,1055.53,489.77,2026-10-06 16:33:57.939598
7966-YOTQW,10,Month-to-month,54.5,0.2328,Low,1,12.69,1449.03,337.34,2026-10-06 16:33:57.939598
8853-TZDGH,72,Two year,111.6,0.0195,Low,0,2.18,2967.19,57.9,2026-10-06 16:33:57.939598
4324-BZCKL,10,Month-to-month,55.55,0.2328,Low,1,12.93,1476.95,343.84,2026-10-06 16:33:57.939598
6924-TDGMT,11,One year,20.55,0.0486,Low,0,1.0,546.38,26.53,2026-10-06 16:33:57.939598
1536-YHDOE,17,One year,62.1,0.0877,Low,1,5.45,1651.1,144.83,2026-10-06 16:33:57.939598
8123-QBNAZ,36,Month-to-month,104.5,0.3552,Medium,1,37.12,2778.42,986.93,2026-10-06 16:33:57.939598
3629-ZNKXA,17,Month-to-month,101.8,0.5923,Medium,1,60.29,2706.63,1603.07,2026-10-06 16:33:57.939598
4827-LTQRJ,66,One year,110.6,0.1364,Low,1,15.09,2940.6,401.23,2026-10-06 16:33:57.939598
7711-YIJWC,61,One year,84.9,0.0486,Low,0,4.12,2257.3,109.63,2026-10-06 16:33:57.939598
5482-VXSXJ,22,Month-to-month,93.2,0.464,Medium,1,43.24,2477.98,1149.78,2026-10-06 16:33:57.939598
7365-BVCJH,1,Month-to-month,24.4,0.6491,High,1,15.84,648.74,421.11,2026-10-06 16:33:57.939598
9620-ENEJV,6,Month-to-month,70.55,0.3789,Medium,1,26.73,1875.77,710.74,2026-10-06 16:33:57.939598
2378-YIZKA,68,Two year,85.0,0.0195,Low,0,1.66,2259.96,44.1,2026-10-06 16:33:57.939598
0689-DSXGL,52,Month-to-month,85.8,0.1364,Low,1,11.71,2281.23,311.26,2026-10-06 16:33:57.939598
6818-DJXAA,10,Month-to-month,91.1,0.5923,Medium,1,53.96,2422.14,1434.57,2026-10-06 16:33:57.939598
0464-WJTKO,72,Two year,20.1,0.0085,Low,0,0.17,534.41,4.55,2026-10-06 16:33:57.939598
8902-ZEOVF,47,One year,20.05,0.0195,Low,0,0.39,533.08,10.4,2026-10-06 16:33:57.939598
6778-EICRF,24,One year,74.8,0.1364,Low,1,10.21,1988.76,271.36,2026-10-06 16:33:57.939598
2662-NNTDK,65,One year,24.8,0.0195,Low,0,0.48,659.38,12.87,2026-10-06 16:33:57.939598
4132-KALRO,4,Month-to-month,100.85,0.6967,High,1,70.26,2681.37,1868.17,2026-10-06 16:33:57.939598
2874-YXVVA,34,Month-to-month,105.1,0.314,Medium,1,33.01,2794.37,877.57,2026-10-06 16:33:57.939598
1245-HARPS,14,Two year,20.4,0.0163,Low,0,0.33,542.39,8.86,2026-10-06 16:33:57.939598
4323-ELYYB,13,One year,20.0,0.0195,Low,0,0.39,531.75,10.38,2026-10-06 16:33:57.939598
4293-ETKAP,65,Two year,79.4,0.0486,Low,0,3.86,2111.07,102.52,2026-10-06 16:33:57.939598
6064-PUPMC,23,One year,57.2,0.0486,Low,0,2.78,1520.82,73.86,2026-10-06 16:33:57.939598
6504-VBLFL,55,Two year,58.6,0.0486,Low,0,2.85,1558.04,75.67,2026-10-06 16:33:57.939598
6322-PJJDJ,49,Two year,94.8,0.1364,Low,1,12.94,2520.52,343.91,2026-10-06 16:33:57.939598
0330-BGYZE,60,One year,102.5,0.2564,Low,1,26.28,2725.24,698.78,2026-10-06 16:33:57.939598
1085-LDWAM,69,One year,20.35,0.0163,Low,0,0.33,541.06,8.84,2026-10-06 16:33:57.939598
7586-ZATGZ,40,Month-to-month,84.9,0.5103,Medium,1,43.33,2257.3,1152.0,2026-10-06 16:33:57.939598
7197-VOJMM,67,Two year,69.2,0.0195,Low,0,1.35,1839.87,35.9,2026-10-06 16:33:57.939598
1843-TLSGD,13,Two year,20.85,0.0195,Low,0,0.41,554.35,10.82,2026-10-06 16:33:57.939598
9626-VFRGG,41,Month-to-month,88.5,0.314,Medium,1,27.79,2353.02,738.96,2026-10-06 16:33:57.939598
7075-BNDVQ,4,Month-to-month,35.0,0.2328,Low,1,8.15,930.57,216.64,2026-10-06 16:33:57.939598
9143-CANJF,24,Month-to-month,55.15,0.1364,Low,1,7.52,1466.31,200.07,2026-10-06 16:33:57.939598
7284-BUYEC,5,Month-to-month,50.95,0.5923,Medium,1,30.18,1354.65,802.32,2026-10-06 16:33:57.939598
2041-JIJCI,5,Month-to-month,64.0,0.5923,Medium,1,37.91,1701.62,1007.82,2026-10-06 16:33:57.939598
4900-MSOMT,72,Two year,80.2,0.0085,Low,0,0.68,2132.34,18.15,2026-10-06 16:33:57.939598
2229-VWQJH,24,Month-to-month,49.3,0.1364,Low,1,6.73,1310.78,178.85,2026-10-06 16:33:57.939598
9194-GFVOI,42,Two year,84.35,0.0195,Low,0,1.65,2242.68,43.76,2026-10-06 16:33:57.939598
1336-EZFZY,4,Month-to-month,20.05,0.1364,Low,1,2.74,533.08,72.74,2026-10-06 16:33:57.939598
4282-MSACW,68,One year,117.2,0.2328,Low,1,27.28,3116.08,725.44,2026-10-06 16:33:57.939598
1403-LKLIK,33,One year,20.1,0.0195,Low,0,0.39,534.41,10.43,2026-10-06 16:33:57.939598
0136-IFMYD,69,Two year,109.95,0.2328,Low,1,25.6,2923.32,680.56,2026-10-06 16:33:57.939598
5144-TVGLP,38,Month-to-month,94.75,0.5733,Medium,1,54.32,2519.19,1444.33,2026-10-06 16:33:57.939598
9643-AVVWI,3,Month-to-month,80.0,0.6,High,1,48.0,2127.02,1276.21,2026-10-06 16:33:57.939598
0253-ZTEOB,48,Two year,79.65,0.0486,Low,0,3.87,2117.71,102.85,2026-10-06 16:33:57.939598
2706-QZIHY,15,Two year,25.2,0.0195,Low,0,0.49,670.01,13.07,2026-10-06 16:33:57.939598
6061-PQHMK,25,One year,19.9,0.0195,Low,0,0.39,529.1,10.32,2026-10-06 16:33:57.939598
6137-MFAJN,48,Month-to-month,44.8,0.1364,Low,1,6.11,1191.13,162.52,2026-10-06 16:33:57.939598
9122-UMROB,1,Month-to-month,20.3,0.314,Medium,1,6.38,539.73,169.5,2026-10-06 16:33:57.939598
4232-JGKIY,1,Month-to-month,19.2,0.2013,Low,1,3.86,510.48,102.76,2026-10-06 16:33:57.939598
2402-TAIRZ,37,One year,80.05,0.1364,Low,1,10.92,2128.35,290.4,2026-10-06 16:33:57.939598
9659-ZTWSM,66,One year,107.35,0.2564,Low,1,27.53,2854.19,731.84,2026-10-06 16:33:57.939598
9139-TWBAS,26,One year,47.85,0.0877,Low,1,4.2,1272.22,111.6,2026-10-06 16:33:57.939598
6685-GBWJZ,63,One year,70.8,0.0486,Low,0,3.44,1882.41,91.42,2026-10-06 16:33:57.939598
2195-VVRJF,18,Month-to-month,59.1,0.2013,Low,1,11.9,1571.34,316.31,2026-10-06 16:33:57.939598
3913-RDSJZ,64,Two year,25.55,0.0085,Low,0,0.22,679.32,5.78,2026-10-06 16:33:57.939598
4203-QGNZA,28,Month-to-month,20.25,0.0486,Low,0,0.98,538.4,26.15,2026-10-06 16:33:57.939598
5043-TRZWM,1,Month-to-month,75.55,0.6967,High,1,52.64,2008.7,1399.51,2026-10-06 16:33:57.939598
9494-BDNNC,66,One year,95.3,0.1364,Low,1,13.0,2533.81,345.73,2026-10-06 16:33:57.939598
1640-PLFMP,1,Month-to-month,70.25,0.878,High,1,61.68,1867.79,1640.01,2026-10-06 16:33:57.939598
5366-OBVMR,18,Month-to-month,50.3,0.1364,Low,1,6.86,1337.36,182.48,2026-10-06 16:33:57.939598
7644-OMVMY,0,Two year,19.85,0.0486,Low,0,0.96,527.77,25.63,2026-10-06 16:33:57.939598
4573-JKNAE,12,Two year,19.35,0.0195,Low,0,0.38,514.47,10.04,2026-10-06 16:33:57.939598
9817-APLHW,12,Month-to-month,25.0,0.1364,Low,1,3.41,664.69,90.69,2026-10-06 16:33:57.939598
8380-MQINP,55,Two year,20.3,0.0195,Low,0,0.4,539.73,10.53,2026-10-06 16:33:57.939598
0840-DFEZH,7,Month-to-month,75.35,0.6491,High,1,48.91,2003.39,1300.44,2026-10-06 16:33:57.939598
8690-ZVLCL,68,Two year,88.0,0.0195,Low,0,1.72,2339.72,45.65,2026-10-06 16:33:57.939598
1125-SNVCK,49,Month-to-month,43.8,0.1364,Low,1,5.98,1164.54,158.9,2026-10-06 16:33:57.939598
0384-LPITE,40,One year,62.05,0.1364,Low,1,8.47,1649.77,225.1,2026-10-06 16:33:57.939598
4616-EWBNJ,16,One year,20.1,0.0877,Low,1,1.76,534.41,46.88,2026-10-06 16:33:57.939598
1335-HQMKX,72,One year,101.35,0.1348,Low,1,13.67,2694.67,363.33,2026-10-06 16:33:57.939598
2545-EBUPK,2,Month-to-month,84.05,0.8864,High,1,74.5,2234.7,1980.76,2026-10-06 16:33:57.939598
6923-AQONU,23,Two year,20.9,0.0085,Low,0,0.18,555.68,4.73,2026-10-06 16:33:57.939598
2172-EJXVF,71,One year,105.9,0.2564,Low,1,27.15,2815.64,721.96,2026-10-06 16:33:57.939598
4536-PLEQY,12,Month-to-month,85.05,0.3789,Medium,1,32.23,2261.29,856.82,2026-10-06 16:33:57.939598
7029-IJEJK,54,One year,44.1,0.0486,Low,0,2.14,1172.52,56.94,2026-10-06 16:33:57.939598
8871-JLMHM,68,Two year,90.2,0.0486,Low,0,4.38,2398.21,116.47,2026-10-06 16:33:57.939598
5447-VYTKW,27,Month-to-month,53.45,0.0877,Low,1,4.69,1421.11,124.66,2026-10-06 16:33:57.939598
3623-FQBOX,21,Month-to-month,19.95,0.0877,Low,1,1.75,530.43,46.53,2026-10-06 16:33:57.939598
8659-HDIYE,64,Month-to-month,74.65,0.1348,Low,1,10.07,1984.77,267.61,2026-10-06 16:33:57.939598
3474-BAFSJ,57,Two year,57.5,0.0486,Low,0,2.79,1528.8,74.25,2026-10-06 16:33:57.939598
3865-ZFZIB,19,Two year,19.65,0.0163,Low,0,0.32,522.45,8.54,2026-10-06 16:33:57.939598
1855-AGAWH,31,One year,93.8,0.314,Medium,1,29.46,2493.93,783.22,2026-10-06 16:33:57.939598
7109-CQYUZ,52,Two year,89.25,0.0195,Low,0,1.74,2372.96,46.3,2026-10-06 16:33:57.939598
1370-GGAWX,46,One year,94.15,0.2564,Low,1,24.14,2503.24,641.86,2026-10-06 16:33:57.939598
4680-KUTAJ,11,Month-to-month,55.6,0.3552,Medium,1,19.75,1478.28,525.1,2026-10-06 16:33:57.939598
5307-UVGNB,53,Month-to-month,48.7,0.1364,Low,1,6.64,1294.82,176.67,2026-10-06 16:33:57.939598
2883-ILGWO,57,Month-to-month,104.9,0.3552,Medium,1,37.26,2789.05,990.71,2026-10-06 16:33:57.939598
3642-BYHDO,71,Two year,19.9,0.0085,Low,0,0.17,529.1,4.5,2026-10-06 16:33:57.939598
9629-NHXFW,1,Month-to-month,19.4,0.3789,Medium,1,7.35,515.8,195.44,2026-10-06 16:33:57.939598
2696-RZVZW,68,Two year,25.05,0.0163,Low,0,0.41,666.02,10.88,2026-10-06 16:33:57.939598
5766-FTRTS,72,Two year,84.45,0.0085,Low,0,0.72,2245.33,19.11,2026-10-06 16:33:57.939598
0396-HUJBP,2,Month-to-month,19.3,0.0877,Low,1,1.69,513.14,45.01,2026-10-06 16:33:57.939598
8879-ZKJOF,41,One year,79.85,0.1364,Low,1,10.9,2123.03,289.68,2026-10-06 16:33:57.939598
6285-FTQBF,72,Two year,25.55,0.0,Low,0,0.0,679.32,0.0,2026-10-06 16:33:57.939598
1474-JUWSM,58,One year,68.4,0.1348,Low,1,9.22,1818.6,245.2,2026-10-06 16:33:57.939598
3530-CRZSB,7,Month-to-month,20.65,0.0877,Low,1,1.81,549.04,48.16,2026-10-06 16:33:57.939598
8498-XXGWA,65,Month-to-month,55.15,0.0486,Low,0,2.68,1466.31,71.21,2026-10-06 16:33:57.939598
9617-INGJY,1,Month-to-month,70.6,0.6967,High,1,49.19,1877.09,1307.81,2026-10-06 16:33:57.939598
0621-TSSMU,56,One year,19.95,0.0195,Low,0,0.39,530.43,10.35,2026-10-06 16:33:57.939598
7234-KMNRQ,4,Month-to-month,19.0,0.0877,Low,1,1.67,505.17,44.31,2026-10-06 16:33:57.939598
7636-PEPNS,58,One year,44.1,0.1364,Low,1,6.02,1172.52,159.98,2026-10-06 16:33:57.939598
4683-WYDOU,62,Two year,107.6,0.2564,Low,1,27.59,2860.84,733.55,2026-10-06 16:33:57.939598
9052-DHNKM,26,One year,61.55,0.0877,Low,1,5.4,1636.48,143.55,2026-10-06 16:33:57.939598
6794-HKIAJ,62,Month-to-month,90.7,0.1348,Low,1,12.23,2411.51,325.15,2026-10-06 16:33:57.939598
5578-NKCXI,58,One year,99.25,0.1364,Low,1,13.54,2638.83,360.06,2026-10-06 16:33:57.939598
1642-HMARX,68,Two year,91.7,0.0195,Low,0,1.79,2438.1,47.57,2026-10-06 16:33:57.939598
3096-WPXBT,61,One year,100.7,0.0877,Low,1,8.83,2677.39,234.86,2026-10-06 16:33:57.939598
8434-PNQZX,42,Two year,78.45,0.0486,Low,0,3.81,2085.81,101.3,2026-10-06 16:33:57.939598
5950-AAAGJ,18,Month-to-month,84.3,0.3789,Medium,1,31.94,2241.35,849.26,2026-10-06 16:33:57.939598
4299-OPXEJ,56,Two year,19.55,0.0195,Low,0,0.38,519.79,10.14,2026-10-06 16:33:57.939598
9618-LFJRU,4,Month-to-month,20.45,0.1348,Low,1,2.76,543.72,73.31,2026-10-06 16:33:57.939598
6693-DJWTY,35,One year,55.6,0.0195,Low,0,1.08,1478.28,28.84,2026-10-06 16:33:57.939598
0744-GKNGE,64,Month-to-month,86.8,0.0877,Low,1,7.61,2307.82,202.44,2026-10-06 16:33:57.939598
6447-EGDIV,31,One year,20.95,0.0195,Low,0,0.41,557.01,10.87,2026-10-06 16:33:57.939598
1167-OYZJF,67,Two year,20.05,0.0195,Low,0,0.39,533.08,10.4,2026-10-06 16:33:57.939598
4806-DXQCE,70,Two year,113.65,0.1348,Low,1,15.32,3021.7,407.42,2026-10-06 16:33:57.939598
4854-SSLTN,2,Two year,59.5,0.0195,Low,0,1.16,1581.97,30.87,2026-10-06 16:33:57.939598
5294-DMSFH,29,Month-to-month,87.8,0.3552,Medium,1,31.19,2334.4,829.21,2026-10-06 16:33:57.939598
4837-PZTIC,47,Two year,41.9,0.0163,Low,0,0.68,1114.03,18.2,2026-10-06 16:33:57.939598
0603-OLQDC,12,Month-to-month,69.85,0.2564,Low,1,17.91,1857.15,476.19,2026-10-06 16:33:57.939598
3272-VUHPV,8,Month-to-month,56.3,0.1364,Low,1,7.68,1496.89,204.24,2026-10-06 16:33:57.939598
4176-FXYBO,54,Month-to-month,109.55,0.3789,Medium,1,41.51,2912.69,1103.64,2026-10-06 16:33:57.939598
1063-DHQJF,69,Two year,92.15,0.0195,Low,0,1.8,2450.06,47.81,2026-10-06 16:33:57.939598
8663-UPDGF,26,Month-to-month,69.5,0.1364,Low,1,9.48,1847.85,252.13,2026-10-06 16:33:57.939598
6719-FGEDO,72,Two year,97.0,0.0085,Low,0,0.83,2579.01,21.95,2026-10-06 16:33:57.939598
1837-YQUCE,70,Two year,58.35,0.0195,Low,0,1.14,1551.39,30.27,2026-10-06 16:33:57.939598
0369-ZGOVK,28,One year,70.4,0.1364,Low,1,9.61,1871.78,255.4,2026-10-06 16:33:57.939598
9919-KNPOO,21,Month-to-month,94.3,0.6395,High,1,60.31,2507.22,1603.46,2026-10-06 16:33:57.939598
7872-BAAZR,53,One year,19.55,0.0195,Low,0,0.38,519.79,10.14,2026-10-06 16:33:57.939598
9391-LMANN,53,One year,95.95,0.1364,Low,1,13.09,2551.09,348.08,2026-10-06 16:33:57.939598
8174-TBVCF,70,Two year,94.8,0.0195,Low,0,1.85,2520.52,49.18,2026-10-06 16:33:57.939598
1698-XFZCI,61,One year,107.75,0.2564,Low,1,27.63,2864.83,734.57,2026-10-06 16:33:57.939598
1877-HKBQX,11,One year,54.6,0.0877,Low,1,4.79,1451.69,127.34,2026-10-06 16:33:57.939598
4450-DLLMH,2,Month-to-month,71.3,0.464,Medium,1,33.08,1895.71,879.61,2026-10-06 16:33:57.939598
0428-AXXLJ,25,One year,19.5,0.0195,Low,0,0.38,518.46,10.12,2026-10-06 16:33:57.939598
2746-DIJLO,41,One year,56.3,0.1348,Low,1,7.59,1496.89,201.83,2026-10-06 16:33:57.939598
3508-VLHCZ,71,Two year,90.55,0.0085,Low,0,0.77,2407.52,20.49,2026-10-06 16:33:57.939598
4086-ATNFV,34,One year,60.8,0.0486,Low,0,2.95,1616.53,78.51,2026-10-06 16:33:57.939598
0468-YRPXN,29,Month-to-month,98.8,0.3789,Medium,1,37.44,2626.87,995.34,2026-10-06 16:33:57.939598
5996-NRVXR,40,One year,98.15,0.1364,Low,1,13.39,2609.59,356.07,2026-10-06 16:33:57.939598
3739-YBWAB,36,One year,35.35,0.0486,Low,0,1.72,939.88,45.65,2026-10-06 16:33:57.939598
7047-FWEYA,46,One year,103.15,0.2564,Low,1,26.45,2742.53,703.21,2026-10-06 16:33:57.939598
2000-MPKCA,58,One year,107.75,0.2564,Low,1,27.63,2864.83,734.57,2026-10-06 16:33:57.939598
9762-YAQAA,39,One year,81.4,0.1364,Low,1,11.11,2164.24,295.3,2026-10-06 16:33:57.939598
5473-KHBPS,52,One year,95.7,0.1364,Low,1,13.06,2544.45,347.18,2026-10-06 16:33:57.939598
0100-DUVFC,70,One year,104.8,0.3552,Medium,1,37.23,2786.4,989.76,2026-10-06 16:33:57.939598
5397-TUPSH,65,One year,70.95,0.0877,Low,1,6.22,1886.4,165.47,2026-10-06 16:33:57.939598
8950-MTZNV,1,Month-to-month,44.95,0.5103,Medium,1,22.94,1195.12,609.92,2026-10-06 16:33:57.939598
0326-VDYXE,70,One year,97.65,0.2564,Low,1,25.04,2596.29,665.72,2026-10-06 16:33:57.939598
6773-LQTVT,29,Month-to-month,35.65,0.3552,Medium,1,12.66,947.85,336.69,2026-10-06 16:33:57.939598
0436-TWFFZ,67,Two year,85.25,0.0486,Low,0,4.14,2266.61,110.08,2026-10-06 16:33:57.939598
8566-YPRGL,1,Month-to-month,19.5,0.3789,Medium,1,7.39,518.46,196.45,2026-10-06 16:33:57.939598
6609-MXJHJ,30,Two year,25.1,0.0163,Low,0,0.41,667.35,10.9,2026-10-06 16:33:57.939598
2669-OIDSD,48,Month-to-month,100.05,0.314,Medium,1,31.42,2660.1,835.4,2026-10-06 16:33:57.939598
8400-WZICQ,55,Month-to-month,55.7,0.0877,Low,1,4.89,1480.94,129.91,2026-10-06 16:33:57.939598
9576-SYUHJ,37,Month-to-month,91.15,0.3789,Medium,1,34.54,2423.47,918.27,2026-10-06 16:33:57.939598
0410-IPFTY,31,Month-to-month,83.85,0.3552,Medium,1,29.78,2229.38,791.9,2026-10-06 16:33:57.939598
2831-EBWRN,4,Month-to-month,45.9,0.464,Medium,1,21.3,1220.38,566.26,2026-10-06 16:33:57.939598
9430-NKQLY,72,Two year,25.1,0.0,Low,0,0.0,667.35,0.0,2026-10-06 16:33:57.939598
0247-SLUJI,1,Month-to-month,19.7,0.3552,Medium,1,7.0,523.78,186.05,2026-10-06 16:33:57.939598
9402-ORRAH,15,Month-to-month,91.5,0.5923,Medium,1,54.19,2432.78,1440.87,2026-10-06 16:33:57.939598
6483-OATDN,8,Month-to-month,51.3,0.2328,Low,1,11.94,1363.95,317.53,2026-10-06 16:33:57.939598
1293-HHSHJ,35,One year,21.1,0.0195,Low,0,0.41,561.0,10.95,2026-10-06 16:33:57.939598
4840-ORQXB,56,Month-to-month,104.75,0.4348,Medium,1,45.54,2785.07,1210.9,2026-10-06 16:33:57.939598
3982-DQLUS,65,Month-to-month,85.75,0.2013,Low,1,17.26,2279.9,458.94,2026-10-06 16:33:57.939598
8610-ZIKJJ,2,One year,20.3,0.0486,Low,0,0.99,539.73,26.21,2026-10-06 16:33:57.939598
3756-VNWDH,65,One year,100.75,0.2013,Low,1,20.28,2678.72,539.22,2026-10-06 16:33:57.939598
7801-KICAO,18,Month-to-month,74.15,0.5923,Medium,1,43.92,1971.48,1167.66,2026-10-06 16:33:57.939598
7673-LPRNY,23,One year,78.55,0.1364,Low,1,10.72,2088.47,284.96,2026-10-06 16:33:57.939598
6060-QBMGV,70,Two year,19.85,0.0163,Low,0,0.32,527.77,8.62,2026-10-06 16:33:57.939598
7339-POGZN,4,Month-to-month,50.7,0.5566,Medium,1,28.22,1348.0,750.3,2026-10-06 16:33:57.939598
2828-SLQPF,19,Month-to-month,45.0,0.2564,Low,1,11.54,1196.45,306.78,2026-10-06 16:33:57.939598
4465-VDKIQ,18,Month-to-month,77.8,0.314,Medium,1,24.43,2068.53,649.62,2026-10-06 16:33:57.939598
2921-XWDJH,38,Month-to-month,83.45,0.3552,Medium,1,29.64,2218.75,788.13,2026-10-06 16:33:57.939598
2558-BUOZZ,47,One year,94.8,0.1348,Low,1,12.78,2520.52,339.85,2026-10-06 16:33:57.939598
9257-AZMTZ,52,Two year,20.1,0.0085,Low,0,0.17,534.41,4.55,2026-10-06 16:33:57.939598
0003-MKNFE,9,Month-to-month,59.9,0.2564,Low,1,15.36,1592.61,408.36,2026-10-06 16:33:57.939598
0975-UYDTX,26,One year,90.1,0.1364,Low,1,12.29,2395.56,326.86,2026-10-06 16:33:57.939598
4682-BLBUC,44,One year,70.95,0.0877,Low,1,6.22,1886.4,165.47,2026-10-06 16:33:57.939598
0975-VOOVL,3,Month-to-month,29.2,0.314,Medium,1,9.17,776.36,243.82,2026-10-06 16:33:57.939598
5968-VXZLG,2,Month-to-month,46.6,0.5923,Medium,1,27.6,1238.99,733.82,2026-10-06 16:33:57.939598
5201-FRKKS,25,Month-to-month,74.3,0.1364,Low,1,10.14,1975.47,269.54,2026-10-06 16:33:57.939598
9799-CAYJJ,2,Month-to-month,69.3,0.5923,Medium,1,41.04,1842.53,1091.28,2026-10-06 16:33:57.939598
5443-SCMKX,58,One year,94.3,0.2328,Low,1,21.95,2507.22,583.69,2026-10-06 16:33:57.939598
8295-KMENE,59,Two year,76.45,0.0195,Low,0,1.49,2032.63,39.66,2026-10-06 16:33:57.939598
6738-ISCBM,44,One year,54.0,0.2013,Low,1,10.87,1435.74,289.01,2026-10-06 16:33:57.939598
9821-BESNZ,66,One year,104.25,0.2564,Low,1,26.73,2771.77,710.71,2026-10-06 16:33:57.939598
3678-MNGZX,68,Two year,19.95,0.0163,Low,0,0.33,530.43,8.67,2026-10-06 16:33:57.939598
1335-NTIUC,9,Month-to-month,24.95,0.5566,Medium,1,13.89,663.36,369.23,2026-10-06 16:33:57.939598
2916-BQZLN,19,Month-to-month,84.75,0.5103,Medium,1,43.25,2253.31,1149.97,2026-10-06 16:33:57.939598
4558-CGYCZ,4,Month-to-month,19.75,0.1364,Low,1,2.69,525.11,71.65,2026-10-06 16:33:57.939598
2368-GAKKQ,70,Two year,113.65,0.0877,Low,1,9.97,3021.7,265.06,2026-10-06 16:33:57.939598
8710-YGLWG,1,Month-to-month,44.9,0.5103,Medium,1,22.91,1193.79,609.24,2026-10-06 16:33:57.939598
3199-XGZCY,8,Month-to-month,75.25,0.6392,High,1,48.1,2000.73,1278.82,2026-10-06 16:33:57.939598
3785-KTYSH,53,Two year,24.6,0.0163,Low,0,0.4,654.06,10.69,2026-10-06 16:33:57.939598
6814-ZPWFQ,51,One year,25.0,0.0195,Low,0,0.49,664.69,12.97,2026-10-06 16:33:57.939598
4063-EIKNQ,11,Month-to-month,20.95,0.1348,Low,1,2.82,557.01,75.1,2026-10-06 16:33:57.939598
6993-YCOBK,60,Two year,110.6,0.1348,Low,1,14.91,2940.6,396.49,2026-10-06 16:33:57.939598
5206-HPJKM,17,Month-to-month,55.5,0.2013,Low,1,11.17,1475.62,297.04,2026-10-06 16:33:57.939598
8393-JMVMB,1,Month-to-month,19.45,0.3552,Medium,1,6.91,517.13,183.69,2026-10-06 16:33:57.939598
5019-GQVCR,43,Month-to-month,84.85,0.5923,Medium,1,50.25,2255.97,1336.15,2026-10-06 16:33:57.939598
6036-TTFYU,16,Month-to-month,19.6,0.1364,Low,1,2.67,521.12,71.1,2026-10-06 16:33:57.939598
2550-AEVRU,57,One year,53.45,0.0877,Low,1,4.69,1421.11,124.66,2026-10-06 16:33:57.939598
0969-RGKCU,37,One year,19.8,0.0195,Low,0,0.39,526.44,10.27,2026-10-06 16:33:57.939598
0378-CJKPV,72,Two year,112.1,0.0195,Low,0,2.19,2980.49,58.16,2026-10-06 16:33:57.939598
2880-FPNAE,2,Month-to-month,74.2,0.6,High,1,44.52,1972.81,1183.69,2026-10-06 16:33:57.939598
1703-MGIAB,17,Month-to-month,69.0,0.2013,Low,1,13.89,1834.55,369.29,2026-10-06 16:33:57.939598
4311-QTTAI,16,One year,19.35,0.0486,Low,0,0.94,514.47,24.99,2026-10-06 16:33:57.939598
4318-RAJVY,10,One year,19.8,0.0877,Low,1,1.74,526.44,46.18,2026-10-06 16:33:57.939598
3612-YUNGG,64,Two year,109.2,0.1364,Low,1,14.9,2903.38,396.15,2026-10-06 16:33:57.939598
2254-DLXRI,1,Month-to-month,79.15,0.8864,High,1,70.16,2104.42,1865.28,2026-10-06 16:33:57.939598
5062-CJJKH,25,One year,53.65,0.0877,Low,1,4.71,1426.43,125.13,2026-10-06 16:33:57.939598
9028-LIHRP,71,Two year,100.2,0.0195,Low,0,1.96,2664.09,51.98,2026-10-06 16:33:57.939598
1053-MXTTK,72,Two year,108.65,0.0195,Low,0,2.12,2888.76,56.37,2026-10-06 16:33:57.939598
1530-ZTDOZ,49,Month-to-month,40.65,0.1348,Low,1,5.48,1080.79,145.72,2026-10-06 16:33:57.939598
1301-LOPVR,29,One year,55.35,0.0877,Low,1,4.86,1471.63,129.09,2026-10-06 16:33:57.939598
0853-TWRVK,72,Two year,105.6,0.0195,Low,0,2.06,2807.67,54.78,2026-10-06 16:33:57.939598
6212-ATMLK,50,Month-to-month,95.7,0.5103,Medium,1,48.84,2544.45,1298.55,2026-10-06 16:33:57.939598
8200-LGKSR,71,Two year,83.2,0.0486,Low,0,4.04,2212.1,107.43,2026-10-06 16:33:57.939598
1568-BEKZM,70,Two year,90.05,0.0195,Low,0,1.76,2394.23,46.72,2026-10-06 16:33:57.939598
0670-ANMUU,71,One year,97.65,0.0877,Low,1,8.57,2596.29,227.75,2026-10-06 16:33:57.939598
6897-RWMUB,61,Two year,68.05,0.0195,Low,0,1.33,1809.3,35.3,2026-10-06 16:33:57.939598
6999-CHVCF,68,Two year,102.1,0.1348,Low,1,13.77,2714.61,366.01,2026-10-06 16:33:57.939598
6134-KWTBV,62,Two year,23.4,0.0163,Low,0,0.38,622.15,10.17,2026-10-06 16:33:57.939598
1077-HUUJM,7,Month-to-month,71.05,0.5566,Medium,1,39.55,1889.06,1051.46,2026-10-06 16:33:57.939598
0895-LNKRC,6,One year,19.45,0.0877,Low,1,1.71,517.13,45.36,2026-10-06 16:33:57.939598
2045-BMBTJ,33,Month-to-month,59.45,0.2013,Low,1,11.97,1580.64,318.18,2026-10-06 16:33:57.939598
8417-GSODA,28,One year,92.2,0.2013,Low,1,18.56,2451.39,493.46,2026-10-06 16:33:57.939598
5171-EPLKN,27,Two year,19.85,0.0163,Low,0,0.32,527.77,8.62,2026-10-06 16:33:57.939598
4452-QIIEB,7,Month-to-month,43.9,0.2013,Low,1,8.84,1167.2,234.96,2026-10-06 16:33:57.939598
6741-EGCBI,30,Month-to-month,90.5,0.314,Medium,1,28.42,2406.19,755.66,2026-10-06 16:33:57.939598
7820-ZYGNY,63,One year,90.45,0.0877,Low,1,7.93,2404.86,210.95,2026-10-06 16:33:57.939598
9677-AVKED,53,One year,84.6,0.1348,Low,1,11.41,2249.32,303.28,2026-10-06 16:33:57.939598
2227-JRSJX,21,Month-to-month,99.15,0.5103,Medium,1,50.6,2636.17,1345.36,2026-10-06 16:33:57.939598
9847-HNVGP,17,One year,19.95,0.0486,Low,0,0.97,530.43,25.76,2026-10-06 16:33:57.939598
6696-YDAYZ,16,Two year,20.5,0.0195,Low,0,0.4,545.05,10.64,2026-10-06 16:33:57.939598
8980-WQFWL,35,Month-to-month,62.1,0.2564,Low,1,15.92,1651.1,423.36,2026-10-06 16:33:57.939598
1730-ZMAME,32,Month-to-month,79.5,0.5,Medium,1,39.75,2113.73,1056.86,2026-10-06 16:33:57.939598
6506-EYCNH,28,Month-to-month,19.55,0.1348,Low,1,2.64,519.79,70.08,2026-10-06 16:33:57.939598
4634-JLRJT,1,Month-to-month,20.35,0.3789,Medium,1,7.71,541.06,205.01,2026-10-06 16:33:57.939598
9501-UKKNL,59,Month-to-month,51.7,0.1364,Low,1,7.05,1374.59,187.56,2026-10-06 16:33:57.939598
2560-QTSBS,72,One year,23.3,0.0085,Low,0,0.2,619.49,5.27,2026-10-06 16:33:57.939598
4795-WRNVT,40,Month-to-month,65.1,0.1364,Low,1,8.88,1730.86,236.17,2026-10-06 16:33:57.939598
6080-TCMYC,40,Month-to-month,81.2,0.5103,Medium,1,41.44,2158.92,1101.8,2026-10-06 16:33:57.939598
7860-UXCRM,63,Two year,74.5,0.0195,Low,0,1.45,1980.79,38.65,2026-10-06 16:33:57.939598
6357-JJPQT,3,Month-to-month,80.5,0.6395,High,1,51.48,2140.31,1368.8,2026-10-06 16:33:57.939598
2292-XQWSV,40,One year,60.3,0.0877,Low,1,5.29,1603.24,140.64,2026-10-06 16:33:57.939598
9552-TGUZV,8,Month-to-month,75.0,0.3789,Medium,1,28.42,1994.08,755.57,2026-10-06 16:33:57.939598
5913-INRQV,34,One year,90.15,0.0877,Low,1,7.91,2396.88,210.25,2026-10-06 16:33:57.939598
9643-YBLUR,9,Month-to-month,69.05,0.3552,Medium,1,24.53,1835.88,652.13,2026-10-06 16:33:57.939598
8734-FNWVH,31,Month-to-month,59.7,0.1364,Low,1,8.15,1587.29,216.58,2026-10-06 16:33:57.939598
9447-YPTBX,50,One year,19.85,0.0486,Low,0,0.96,527.77,25.63,2026-10-06 16:33:57.939598
9026-LHEVG,9,Month-to-month,40.75,0.3789,Medium,1,15.44,1083.45,410.53,2026-10-06 16:33:57.939598
7011-CVEUC,25,Month-to-month,95.7,0.3552,Medium,1,33.99,2544.45,903.82,2026-10-06 16:33:57.939598
6185-TASNN,1,Month-to-month,46.3,0.5923,Medium,1,27.42,1231.01,729.1,2026-10-06 16:33:57.939598
7925-PNRGI,45,Month-to-month,81.3,0.0877,Low,1,7.13,2161.58,189.61,2026-10-06 16:33:57.939598
1552-CZCLL,55,Month-to-month,20.0,0.0877,Low,1,1.75,531.75,46.65,2026-10-06 16:33:57.939598
3038-PQIUY,38,Month-to-month,66.15,0.1364,Low,1,9.03,1758.78,239.98,2026-10-06 16:33:57.939598
9313-CDOGY,38,Month-to-month,19.6,0.1364,Low,1,2.67,521.12,71.1,2026-10-06 16:33:57.939598
8148-BPLZQ,34,Month-to-month,49.8,0.1364,Low,1,6.79,1324.07,180.66,2026-10-06 16:33:57.939598
2623-DRYAM,70,One year,101.75,0.2328,Low,1,23.69,2705.3,629.81,2026-10-06 16:33:57.939598
9987-LUTYD,13,One year,55.15,0.0486,Low,0,2.68,1466.31,71.21,2026-10-06 16:33:57.939598
4488-KQFDT,61,One year,103.95,0.314,Medium,1,32.65,2763.8,867.97,2026-10-06 16:33:57.939598
5693-PIPCS,41,Two year,99.65,0.0877,Low,1,8.74,2649.47,232.41,2026-10-06 16:33:57.939598
0491-KAPQG,21,Month-to-month,73.7,0.5923,Medium,1,43.65,1959.52,1160.57,2026-10-06 16:33:57.939598
1925-LFCZZ,55,One year,50.05,0.1364,Low,1,6.83,1330.72,181.57,2026-10-06 16:33:57.939598
8039-EQPIM,69,Two year,60.25,0.0163,Low,0,0.98,1601.91,26.18,2026-10-06 16:33:57.939598
8707-RMEZH,69,One year,87.3,0.0877,Low,1,7.66,2321.11,203.61,2026-10-06 16:33:57.939598
3209-ZPKFI,47,Month-to-month,54.25,0.3552,Medium,1,19.27,1442.39,512.35,2026-10-06 16:33:57.939598
6479-VDGRK,72,Two year,85.3,0.0085,Low,0,0.73,2267.93,19.3,2026-10-06 16:33:57.939598
9373-WSLOY,33,Month-to-month,50.0,0.2013,Low,1,10.06,1329.39,267.6,2026-10-06 16:33:57.939598
3569-JFODW,72,Two year,90.95,0.0085,Low,0,0.77,2418.16,20.58,2026-10-06 16:33:57.939598
9819-FBNSV,37,Month-to-month,72.25,0.3789,Medium,1,27.38,1920.96,727.87,2026-10-06 16:33:57.939598
9544-PYPSJ,62,Month-to-month,96.1,0.2328,Low,1,22.37,2555.08,594.83,2026-10-06 16:33:57.939598
1591-XWLGB,71,Two year,19.85,0.0085,Low,0,0.17,527.77,4.49,2026-10-06 16:33:57.939598
0396-UKGAI,23,Month-to-month,55.3,0.1364,Low,1,7.55,1470.3,200.62,2026-10-06 16:33:57.939598
3243-ZHOHY,16,One year,20.1,0.0486,Low,0,0.98,534.41,25.95,2026-10-06 16:33:57.939598
5186-EJEGL,9,Month-to-month,69.5,0.1364,Low,1,9.48,1847.85,252.13,2026-10-06 16:33:57.939598
7527-QNRUS,17,Two year,25.15,0.0163,Low,0,0.41,668.68,10.93,2026-10-06 16:33:57.939598
2203-GHNWN,24,Month-to-month,79.65,0.3789,Medium,1,30.18,2117.71,802.41,2026-10-06 16:33:57.939598
3878-AVSOQ,1,Month-to-month,71.25,0.878,High,1,62.56,1894.38,1663.36,2026-10-06 16:33:57.939598
3258-SYSWS,72,Two year,113.8,0.0195,Low,0,2.22,3025.69,59.04,2026-10-06 16:33:57.939598
5296-PSYVW,72,Two year,24.55,0.0085,Low,0,0.21,652.73,5.56,2026-10-06 16:33:57.939598
6319-QSUSR,11,Month-to-month,19.7,0.1364,Low,1,2.69,523.78,71.47,2026-10-06 16:33:57.939598
0512-FLFDW,60,One year,100.5,0.2328,Low,1,23.4,2672.07,622.07,2026-10-06 16:33:57.939598
0487-CRLZF,49,Two year,74.45,0.0195,Low,0,1.45,1979.46,38.62,2026-10-06 16:33:57.939598
2107-FBPTK,30,Month-to-month,104.1,0.6,High,1,62.46,2767.78,1660.67,2026-10-06 16:33:57.939598
9451-WLYRI,53,One year,19.05,0.0195,Low,0,0.37,506.5,9.88,2026-10-06 16:33:57.939598
8219-VYBVI,39,Two year,25.0,0.0163,Low,0,0.41,664.69,10.86,2026-10-06 16:33:57.939598
1991-VOPLL,9,Month-to-month,19.05,0.0486,Low,0,0.93,506.5,24.6,2026-10-06 16:33:57.939598
9738-QLWTP,39,One year,81.9,0.1364,Low,1,11.17,2177.54,297.11,2026-10-06 16:33:57.939598
1016-DJTSV,8,Month-to-month,69.7,0.5103,Medium,1,35.57,1853.17,945.75,2026-10-06 16:33:57.939598
9419-IPPBE,51,One year,90.15,0.2564,Low,1,23.12,2396.88,614.59,2026-10-06 16:33:57.939598
0174-QRVVY,71,Two year,25.35,0.0085,Low,0,0.22,674.0,5.74,2026-10-06 16:33:57.939598
5699-BNCAS,71,Two year,24.65,0.0085,Low,0,0.21,655.39,5.58,2026-10-06 16:33:57.939598
2900-PHPLN,70,Two year,19.55,0.0195,Low,0,0.38,519.79,10.14,2026-10-06 16:33:57.939598
8106-GWQOK,38,Two year,60.0,0.0195,Low,0,1.17,1595.26,31.13,2026-10-06 16:33:57.939598
8751-EDEKA,28,Month-to-month,89.9,0.2564,Low,1,23.05,2390.24,612.88,2026-10-06 16:33:57.939598
6878-GGDWG,32,Month-to-month,19.4,0.0486,Low,0,0.94,515.8,25.05,2026-10-06 16:33:57.939598
4039-PIMHX,49,Two year,49.8,0.0486,Low,0,2.42,1324.07,64.3,2026-10-06 16:33:57.939598
8450-LUGUK,37,Two year,24.1,0.0195,Low,0,0.47,640.76,12.5,2026-10-06 16:33:57.939598
3604-WLABM,10,Month-to-month,54.25,0.2013,Low,1,10.92,1442.39,290.35,2026-10-06 16:33:57.939598
0795-GMVQO,67,One year,109.9,0.2328,Low,1,25.59,2921.99,680.25,2026-10-06 16:33:57.939598
2259-OUUSZ,7,One year,35.5,0.1364,Low,1,4.84,943.86,128.79,2026-10-06 16:33:57.939598
1142-IHLOO,51,One year,87.55,0.1364,Low,1,11.95,2327.76,317.61,2026-10-06 16:33:57.939598
4633-MKHYU,9,Month-to-month,88.4,0.6154,High,1,54.4,2350.36,1446.37,2026-10-06 16:33:57.939598
6257-RJOHI,4,Month-to-month,50.8,0.3789,Medium,1,19.25,1350.66,511.77,2026-10-06 16:33:57.939598
1545-JFUML,71,Two year,99.0,0.0486,Low,0,4.81,2632.19,127.83,2026-10-06 16:33:57.939598
7826-VVKWT,24,Two year,96.55,0.1364,Low,1,13.17,2567.05,350.26,2026-10-06 16:33:57.939598
1353-GHZOS,22,One year,59.75,0.0486,Low,0,2.9,1588.62,77.15,2026-10-06 16:33:57.939598
2587-EKXTS,44,Month-to-month,111.5,0.464,Medium,1,51.74,2964.53,1375.54,2026-10-06 16:33:57.939598
5442-BXVND,33,Month-to-month,24.25,0.0877,Low,1,2.13,644.75,56.56,2026-10-06 16:33:57.939598
9753-OYLBX,1,Month-to-month,20.5,0.3552,Medium,1,7.28,545.05,193.61,2026-10-06 16:33:57.939598
2364-UFROM,30,One year,70.4,0.0486,Low,0,3.42,1871.78,90.9,2026-10-06 16:33:57.939598
6656-JWRQX,1,Month-to-month,30.55,0.4348,Medium,1,13.28,812.26,353.15,2026-10-06 16:33:57.939598
6473-ULUHT,16,Month-to-month,84.9,0.1364,Low,1,11.58,2257.3,308.0,2026-10-06 16:33:57.939598
7688-AWMDX,71,Two year,54.5,0.0085,Low,0,0.46,1449.03,12.33,2026-10-06 16:33:57.939598
2842-BCQGE,43,Month-to-month,75.35,0.314,Medium,1,23.66,2003.39,629.16,2026-10-06 16:33:57.939598
7244-QWYHG,50,One year,44.45,0.0195,Low,0,0.87,1181.83,23.06,2026-10-06 16:33:57.939598
5312-UXESG,41,Month-to-month,98.05,0.3552,Medium,1,34.83,2606.93,926.01,2026-10-06 16:33:57.939598
2150-WLKUW,40,One year,63.9,0.1348,Low,1,8.62,1698.96,229.07,2026-10-06 16:33:57.939598
7159-FVYPK,3,Month-to-month,69.15,0.5103,Medium,1,35.29,1838.54,938.29,2026-10-06 16:33:57.939598
7032-LMBHI,37,One year,64.65,0.0877,Low,1,5.67,1718.9,150.78,2026-10-06 16:33:57.939598
6088-BXMRG,32,Month-to-month,98.85,0.5103,Medium,1,50.45,2628.2,1341.29,2026-10-06 16:33:57.939598
4821-SJHJV,32,Month-to-month,89.6,0.314,Medium,1,28.14,2382.26,748.15,2026-10-06 16:33:57.939598
7346-MEDWM,59,Month-to-month,83.25,0.314,Medium,1,26.14,2213.43,695.13,2026-10-06 16:33:57.939598
1137-DGOWI,30,One year,70.25,0.0877,Low,1,6.16,1867.79,163.84,2026-10-06 16:33:57.939598
3812-LRZIR,27,Two year,24.5,0.0195,Low,0,0.48,651.4,12.71,2026-10-06 16:33:57.939598
9483-GCPWE,9,One year,20.1,0.0486,Low,0,0.98,534.41,25.95,2026-10-06 16:33:57.939598
4227-OJHAL,68,One year,73.0,0.0877,Low,1,6.4,1940.91,170.25,2026-10-06 16:33:57.939598
9220-CXRSC,69,Two year,61.4,0.0085,Low,0,0.52,1632.49,13.89,2026-10-06 16:33:57.939598
4993-JCRGJ,26,Month-to-month,84.3,0.3552,Medium,1,29.94,2241.35,796.15,2026-10-06 16:33:57.939598
9537-JALFH,69,Two year,19.9,0.0163,Low,0,0.33,529.1,8.65,2026-10-06 16:33:57.939598
6698-OXETB,11,Two year,20.4,0.0163,Low,0,0.33,542.39,8.86,2026-10-06 16:33:57.939598
2103-ZRXFN,1,Month-to-month,50.75,0.5923,Medium,1,30.06,1349.33,799.17,2026-10-06 16:33:57.939598
3724-BSCVH,10,One year,20.45,0.0486,Low,0,0.99,543.72,26.41,2026-10-06 16:33:57.939598
4877-TSOFF,55,One year,75.75,0.0486,Low,0,3.68,2014.02,97.81,2026-10-06 16:33:57.939598
9209-NWPGU,44,One year,65.4,0.0486,Low,0,3.18,1738.84,84.45,2026-10-06 16:33:57.939598
7306-YDSOI,69,Two year,59.75,0.0163,Low,0,0.98,1588.62,25.96,2026-10-06 16:33:57.939598
5288-AHOUP,11,Month-to-month,78.5,0.5923,Medium,1,46.49,2087.14,1236.16,2026-10-06 16:33:57.939598
0655-YDGFJ,29,Month-to-month,48.95,0.1364,Low,1,6.68,1301.47,177.58,2026-10-06 16:33:57.939598
8468-EHYJA,57,Month-to-month,99.65,0.3552,Medium,1,35.4,2649.47,941.12,2026-10-06 16:33:57.939598
6823-SIDFQ,28,One year,18.25,0.0163,Low,0,0.3,485.23,7.93,2026-10-06 16:33:57.939598
1097-FSPVW,42,Month-to-month,54.55,0.1348,Low,1,7.36,1450.36,195.55,2026-10-06 16:33:57.939598
8328-SKJNO,23,One year,40.65,0.0486,Low,0,1.97,1080.79,52.49,2026-10-06 16:33:57.939598
7010-ZMVBF,18,Month-to-month,20.45,0.0877,Low,1,1.79,543.72,47.69,2026-10-06 16:33:57.939598
5201-CBWYG,62,One year,24.8,0.0195,Low,0,0.48,659.38,12.87,2026-10-06 16:33:57.939598
6352-GIGGQ,67,One year,88.8,0.0486,Low,0,4.31,2360.99,114.66,2026-10-06 16:33:57.939598
3635-QQRQD,62,Two year,20.05,0.0195,Low,0,0.39,533.08,10.4,2026-10-06 16:33:57.939598
2897-DOVND,2,Month-to-month,69.8,0.6,High,1,41.88,1855.82,1113.49,2026-10-06 16:33:57.939598
3082-YVEKW,23,Two year,77.15,0.0486,Low,0,3.75,2051.24,99.62,2026-10-06 16:33:57.939598
0191-EQUUH,25,Two year,35.05,0.0195,Low,0,0.68,931.9,18.18,2026-10-06 16:33:57.939598
7134-HBPBS,72,Two year,108.1,0.0486,Low,0,5.25,2874.13,139.58,2026-10-06 16:33:57.939598
3489-HHPFY,2,Month-to-month,84.05,0.6967,High,1,58.56,2234.7,1556.96,2026-10-06 16:33:57.939598
2926-JEJJC,8,One year,20.2,0.0877,Low,1,1.77,537.07,47.11,2026-10-06 16:33:57.939598
4950-BDEUX,35,Month-to-month,49.2,0.2564,Low,1,12.62,1308.12,335.41,2026-10-06 16:33:57.939598
5789-LDFXO,24,One year,24.6,0.0486,Low,0,1.19,654.06,31.76,2026-10-06 16:33:57.939598
0508-OOLTO,2,Month-to-month,71.65,0.5923,Medium,1,42.44,1905.01,1128.29,2026-10-06 16:33:57.939598
2984-TBYKU,72,Two year,104.9,0.0195,Low,0,2.05,2789.05,54.42,2026-10-06 16:33:57.939598
9822-WMWVG,41,Month-to-month,106.5,0.3789,Medium,1,40.35,2831.59,1072.91,2026-10-06 16:33:57.939598
9040-KZVWO,26,One year,75.5,0.0486,Low,0,3.67,2007.37,97.49,2026-10-06 16:33:57.939598
1548-ARAGG,4,Month-to-month,58.5,0.3552,Medium,1,20.78,1555.38,552.49,2026-10-06 16:33:57.939598
6339-RZCBJ,48,Two year,78.9,0.0195,Low,0,1.54,2097.77,40.93,2026-10-06 16:33:57.939598
4415-WNGVR,12,One year,79.2,0.1364,Low,1,10.81,2105.75,287.32,2026-10-06 16:33:57.939598
2522-AHJXR,60,Month-to-month,109.45,0.314,Medium,1,34.37,2910.03,913.89,2026-10-06 16:33:57.939598
0412-UCCNP,55,Two year,59.2,0.0195,Low,0,1.16,1573.99,30.71,2026-10-06 16:33:57.939598
1816-FLZDK,1,Month-to-month,29.15,0.3789,Medium,1,11.05,775.03,293.66,2026-10-06 16:33:57.939598
7096-UCLNH,1,Month-to-month,20.05,0.3789,Medium,1,7.6,533.08,201.99,2026-10-06 16:33:57.939598
4615-PIVVU,42,Two year,66.5,0.0486,Low,0,3.23,1768.08,85.87,2026-10-06 16:33:57.939598
8885-QSQBX,1,Month-to-month,49.55,0.3552,Medium,1,17.6,1317.42,467.96,2026-10-06 16:33:57.939598
8617-ENBDS,3,Month-to-month,73.6,0.5923,Medium,1,43.59,1956.86,1159.0,2026-10-06 16:33:57.939598
9385-NXKDA,72,Two year,82.65,0.0195,Low,0,1.61,2197.48,42.88,2026-10-06 16:33:57.939598
0430-IHCDJ,15,Month-to-month,49.0,0.464,Medium,1,22.74,1302.8,604.5,2026-10-06 16:33:57.939598
6674-KVJHG,11,One year,25.2,0.0877,Low,1,2.21,670.01,58.77,2026-10-06 16:33:57.939598
1814-DKOLC,5,Month-to-month,25.45,0.1364,Low,1,3.47,676.66,92.33,2026-10-06 16:33:57.939598
9351-HXDMR,72,Two year,110.9,0.0877,Low,1,9.73,2948.58,258.65,2026-10-06 16:33:57.939598
3537-HPKQT,55,Month-to-month,77.75,0.2564,Low,1,19.94,2067.2,530.05,2026-10-06 16:33:57.939598
2129-ALKBS,40,Month-to-month,26.2,0.1364,Low,1,3.57,696.6,95.05,2026-10-06 16:33:57.939598
5821-MMEIL,57,Two year,19.9,0.0195,Low,0,0.39,529.1,10.32,2026-10-06 16:33:57.939598
1309-XGFSN,52,One year,80.85,0.1364,Low,1,11.03,2149.62,293.31,2026-10-06 16:33:57.939598
6968-URWQU,43,One year,56.35,0.1348,Low,1,7.6,1498.22,202.01,2026-10-06 16:33:57.939598
4742-TXUEX,47,Two year,19.3,0.0163,Low,0,0.32,513.14,8.38,2026-10-06 16:33:57.939598
9631-XEYKE,3,Month-to-month,50.4,0.5,Medium,1,25.2,1340.02,670.01,2026-10-06 16:33:57.939598
1335-MXCSE,55,Two year,55.25,0.0195,Low,0,1.08,1468.97,28.66,2026-10-06 16:33:57.939598
8873-TMKGR,29,One year,19.1,0.0163,Low,0,0.31,507.83,8.3,2026-10-06 16:33:57.939598
8800-JOOCF,12,Month-to-month,84.05,0.5923,Medium,1,49.78,2234.7,1323.56,2026-10-06 16:33:57.939598
1469-LBJQJ,66,Month-to-month,105.2,0.464,Medium,1,48.81,2797.03,1297.82,2026-10-06 16:33:57.939598
0064-YIJGF,27,Month-to-month,75.75,0.314,Medium,1,23.79,2014.02,632.5,2026-10-06 16:33:57.939598
2386-OWURY,58,Month-to-month,95.3,0.2328,Low,1,22.19,2533.81,589.88,2026-10-06 16:33:57.939598
0310-VQXAM,9,Month-to-month,19.85,0.1364,Low,1,2.71,527.77,72.01,2026-10-06 16:33:57.939598
3453-RTHJQ,6,Month-to-month,69.1,0.5923,Medium,1,40.93,1837.21,1088.13,2026-10-06 16:33:57.939598
6278-FEPBZ,9,Month-to-month,20.25,0.0877,Low,1,1.78,538.4,47.23,2026-10-06 16:33:57.939598
4280-DLSHD,8,Month-to-month,54.75,0.2564,Low,1,14.04,1455.68,373.25,2026-10-06 16:33:57.939598
1508-DFXCU,12,Month-to-month,81.45,0.5923,Medium,1,48.24,2165.57,1282.61,2026-10-06 16:33:57.939598
7868-BGSZA,43,One year,80.2,0.1364,Low,1,10.94,2132.34,290.95,2026-10-06 16:33:57.939598
2800-QQUSO,42,Month-to-month,100.3,0.6392,High,1,64.11,2666.75,1704.52,2026-10-06 16:33:57.939598
7973-DZRKH,66,Two year,90.95,0.0195,Low,0,1.77,2418.16,47.18,2026-10-06 16:33:57.939598
7698-YFGEZ,1,Month-to-month,20.0,0.3789,Medium,1,7.58,531.75,201.49,2026-10-06 16:33:57.939598
9773-PEQBZ,10,Month-to-month,79.85,0.5758,Medium,1,45.97,2123.03,1222.35,2026-10-06 16:33:57.939598
0650-BWOZN,18,Month-to-month,73.55,0.3552,Medium,1,26.13,1955.53,694.63,2026-10-06 16:33:57.939598
7785-RDVIG,3,Month-to-month,19.3,0.1348,Low,1,2.6,513.14,69.19,2026-10-06 16:33:57.939598
9602-WCXPI,50,One year,20.15,0.0195,Low,0,0.39,535.74,10.45,2026-10-06 16:33:57.939598
2903-YYTBW,1,Month-to-month,44.55,0.4348,Medium,1,19.37,1184.48,514.99,2026-10-06 16:33:57.939598
3620-MWJNE,2,Month-to-month,54.45,0.2564,Low,1,13.96,1447.7,371.21,2026-10-06 16:33:57.939598
8573-JGCZW,17,One year,19.65,0.0486,Low,0,0.95,522.45,25.37,2026-10-06 16:33:57.939598
6837-HAEVO,69,Two year,105.0,0.2328,Low,1,24.44,2791.71,649.92,2026-10-06 16:33:57.939598
6701-YVNQG,72,Two year,88.7,0.0085,Low,0,0.75,2358.33,20.07,2026-10-06 16:33:57.939598
4304-XUMGI,50,Two year,75.15,0.0195,Low,0,1.47,1998.07,38.99,2026-10-06 16:33:57.939598
9504-YAZWB,53,Two year,20.25,0.0163,Low,0,0.33,538.4,8.8,2026-10-06 16:33:57.939598
8819-ZBYNA,58,Two year,109.1,0.1364,Low,1,14.89,2900.72,395.79,2026-10-06 16:33:57.939598
6174-NRBTZ,46,One year,30.75,0.0486,Low,0,1.49,817.57,39.71,2026-10-06 16:33:57.939598
9481-IEBZY,72,Month-to-month,112.9,0.1348,Low,1,15.22,3001.76,404.73,2026-10-06 16:33:57.939598
6137-NICCO,6,Month-to-month,94.05,0.6491,High,1,61.05,2500.58,1623.18,2026-10-06 16:33:57.939598
9065-ZCPQX,72,Two year,78.85,0.0163,Low,0,1.29,2096.44,34.26,2026-10-06 16:33:57.939598
6402-EJMWF,4,Month-to-month,55.3,0.464,Medium,1,25.66,1470.3,682.22,2026-10-06 16:33:57.939598
3620-EHIMZ,52,Two year,19.35,0.0163,Low,0,0.32,514.47,8.41,2026-10-06 16:33:57.939598
3213-VVOLG,0,Two year,25.35,0.0486,Low,0,1.23,674.0,32.73,2026-10-06 16:33:57.939598
6870-ECSHE,2,One year,20.45,0.0486,Low,0,0.99,543.72,26.41,2026-10-06 16:33:57.939598
8747-UDCOI,65,Two year,19.35,0.0163,Low,0,0.32,514.47,8.41,2026-10-06 16:33:57.939598
4626-OZDTJ,51,One year,78.65,0.1348,Low,1,10.6,2091.13,281.95,2026-10-06 16:33:57.939598
9169-BSVIN,12,Month-to-month,74.75,0.2013,Low,1,15.05,1987.43,400.07,2026-10-06 16:33:57.939598
8194-PEEBY,24,One year,19.9,0.0195,Low,0,0.39,529.1,10.32,2026-10-06 16:33:57.939598
6872-HXFNF,64,One year,58.35,0.0195,Low,0,1.14,1551.39,30.27,2026-10-06 16:33:57.939598
7714-YXSMB,26,Month-to-month,100.5,0.5923,Medium,1,59.52,2672.07,1582.6,2026-10-06 16:33:57.939598
8387-UGUSU,15,Month-to-month,20.05,0.0486,Low,0,0.97,533.08,25.89,2026-10-06 16:33:57.939598
1080-BWSYE,64,Two year,25.65,0.0163,Low,0,0.42,681.98,11.14,2026-10-06 16:33:57.939598
1194-HVAIF,27,Month-to-month,95.0,0.2564,Low,1,24.36,2525.84,647.65,2026-10-06 16:33:57.939598
1767-TGTKO,8,Month-to-month,45.45,0.3789,Medium,1,17.22,1208.41,457.88,2026-10-06 16:33:57.939598
8439-LTUGF,10,Month-to-month,20.0,0.1364,Low,1,2.73,531.75,72.56,2026-10-06 16:33:57.939598
8805-JNRAZ,2,Month-to-month,49.2,0.3789,Medium,1,18.64,1308.12,495.65,2026-10-06 16:33:57.939598
6418-HNFED,51,Two year,83.25,0.0195,Low,0,1.62,2213.43,43.19,2026-10-06 16:33:57.939598
0206-OYVOC,46,Two year,19.25,0.0085,Low,0,0.16,511.81,4.36,2026-10-06 16:33:57.939598
7291-CDTMJ,1,Month-to-month,19.65,0.3789,Medium,1,7.45,522.45,197.96,2026-10-06 16:33:57.939598
7128-GGCNO,46,Month-to-month,72.8,0.2328,Low,1,16.95,1935.59,450.61,2026-10-06 16:33:57.939598
0237-YFUTL,50,Month-to-month,109.65,0.2564,Low,1,28.12,2915.35,747.52,2026-10-06 16:33:57.939598
7691-KGKGP,53,Month-to-month,65.0,0.0877,Low,1,5.7,1728.2,151.6,2026-10-06 16:33:57.939598
6710-HSJRD,61,Month-to-month,114.1,0.3789,Medium,1,43.23,3033.66,1149.47,2026-10-06 16:33:57.939598
3675-EQOZA,5,Month-to-month,20.65,0.1364,Low,1,2.82,549.04,74.91,2026-10-06 16:33:57.939598
0840-DCNZE,47,One year,86.95,0.0877,Low,1,7.63,2311.8,202.79,2026-10-06 16:33:57.939598
1732-FEKLD,54,One year,94.75,0.2013,Low,1,19.07,2519.19,507.11,2026-10-06 16:33:57.939598
9862-KJTYK,19,Month-to-month,25.35,0.2328,Low,1,5.9,674.0,156.91,2026-10-06 16:33:57.939598
0479-HMSWA,26,Two year,105.45,0.1364,Low,1,14.39,2803.68,382.55,2026-10-06 16:33:57.939598
5854-KSRBJ,70,Two year,25.4,0.0163,Low,0,0.42,675.33,11.03,2026-10-06 16:33:57.939598
0365-BZUWY,17,Month-to-month,102.55,0.6395,High,1,65.58,2726.57,1743.74,2026-10-06 16:33:57.939598
5701-SVCWR,1,Month-to-month,24.0,0.314,Medium,1,7.54,638.11,200.4,2026-10-06 16:33:57.939598
3129-AAQOU,19,Two year,25.6,0.0195,Low,0,0.5,680.65,13.28,2026-10-06 16:33:57.939598
4922-CVPDX,26,Two year,73.5,0.0486,Low,0,3.57,1954.2,94.91,2026-10-06 16:33:57.939598
1357-BIJKI,50,One year,98.25,0.3552,Medium,1,34.9,2612.25,927.9,2026-10-06 16:33:57.939598
1099-BTKWT,68,One year,54.4,0.1348,Low,1,7.33,1446.37,195.02,2026-10-06 16:33:57.939598
2018-PZKMU,9,Month-to-month,103.1,0.5923,Medium,1,61.06,2741.2,1623.54,2026-10-06 16:33:57.939598
7340-KEFQE,51,Two year,34.2,0.0163,Low,0,0.56,909.3,14.86,2026-10-06 16:33:57.939598
4570-QHXHL,9,Month-to-month,43.75,0.314,Medium,1,13.74,1163.21,365.31,2026-10-06 16:33:57.939598
7392-YYPYJ,22,Month-to-month,100.65,0.6395,High,1,64.37,2676.06,1711.43,2026-10-06 16:33:57.939598
2223-GDSHL,71,Two year,116.05,0.0195,Low,0,2.26,3085.51,60.21,2026-10-06 16:33:57.939598
9470-RTWDV,26,One year,82.0,0.1364,Low,1,11.19,2180.19,297.48,2026-10-06 16:33:57.939598
2176-OSJUV,71,Two year,65.15,0.0085,Low,0,0.55,1732.19,14.74,2026-10-06 16:33:57.939598
9348-YVOMK,4,Month-to-month,44.8,0.464,Medium,1,20.79,1191.13,552.68,2026-10-06 16:33:57.939598
8104-OSKWT,12,Month-to-month,79.8,0.464,Medium,1,37.03,2121.7,984.47,2026-10-06 16:33:57.939598
4521-YEEHE,18,Month-to-month,88.85,0.5923,Medium,1,52.62,2362.32,1399.14,2026-10-06 16:33:57.939598
4090-KPJIP,3,Month-to-month,74.95,0.6395,High,1,47.93,1992.75,1274.43,2026-10-06 16:33:57.939598
3786-WOVKF,72,One year,106.85,0.0486,Low,0,5.19,2840.9,137.97,2026-10-06 16:33:57.939598
2592-HODOV,13,One year,19.3,0.0195,Low,0,0.38,513.14,10.01,2026-10-06 16:33:57.939598
7995-ZHHNZ,42,One year,56.1,0.0877,Low,1,4.92,1491.57,130.84,2026-10-06 16:33:57.939598
3824-RHKVR,17,Month-to-month,19.7,0.1348,Low,1,2.66,523.78,70.62,2026-10-06 16:33:57.939598
5816-SCGFC,7,Month-to-month,51.3,0.314,Medium,1,16.11,1363.95,428.35,2026-10-06 16:33:57.939598
5989-AXPUC,68,Two year,118.6,0.0877,Low,1,10.4,3153.31,276.61,2026-10-06 16:33:57.939598
4979-HPRFL,56,Two year,24.15,0.0085,Low,0,0.21,642.09,5.46,2026-10-06 16:33:57.939598
8590-OHDIW,38,One year,20.3,0.0163,Low,0,0.33,539.73,8.82,2026-10-06 16:33:57.939598
8015-IHCGW,72,Two year,115.5,0.0195,Low,0,2.25,3070.88,59.92,2026-10-06 16:33:57.939598
2332-TODQS,48,One year,25.05,0.0195,Low,0,0.49,666.02,13.0,2026-10-06 16:33:57.939598
9278-VZKCD,52,Month-to-month,109.1,0.3789,Medium,1,41.34,2900.72,1099.1,2026-10-06 16:33:57.939598
8008-OTEZX,35,One year,19.65,0.0195,Low,0,0.38,522.45,10.19,2026-10-06 16:33:57.939598
2773-OVBPK,67,Two year,111.3,0.2013,Low,1,22.4,2959.22,595.69,2026-10-06 16:33:57.939598
5999-LCXAO,1,Month-to-month,29.9,0.464,Medium,1,13.87,794.97,368.87,2026-10-06 16:33:57.939598
5206-XZZQI,53,Month-to-month,80.6,0.1364,Low,1,11.0,2142.97,292.4,2026-10-06 16:33:57.939598
4803-LBYPN,34,Month-to-month,20.8,0.0486,Low,0,1.01,553.03,26.86,2026-10-06 16:33:57.939598
2139-FQHLM,19,Month-to-month,89.95,0.314,Medium,1,28.25,2391.57,751.07,2026-10-06 16:33:57.939598
8261-GWDBQ,60,Two year,116.05,0.0486,Low,0,5.64,3085.51,149.85,2026-10-06 16:33:57.939598
1093-YSWCA,11,Two year,19.55,0.0163,Low,0,0.32,519.79,8.49,2026-10-06 16:33:57.939598
3882-IYOIJ,60,Two year,115.25,0.0486,Low,0,5.6,3064.24,148.82,2026-10-06 16:33:57.939598
8749-TZYEC,72,Two year,24.8,0.0085,Low,0,0.21,659.38,5.61,2026-10-06 16:33:57.939598
1755-FZQEC,39,One year,19.9,0.0163,Low,0,0.33,529.1,8.65,2026-10-06 16:33:57.939598
3115-JPJDD,59,One year,81.25,0.0486,Low,0,3.95,2160.25,104.91,2026-10-06 16:33:57.939598
5600-KTXFM,2,Month-to-month,69.95,0.5103,Medium,1,35.7,1859.81,949.15,2026-10-06 16:33:57.939598
6339-TBELP,71,Two year,86.4,0.0195,Low,0,1.69,2297.18,44.82,2026-10-06 16:33:57.939598
7964-YESJC,24,Month-to-month,66.3,0.1348,Low,1,8.94,1762.77,237.68,2026-10-06 16:33:57.939598
6173-GOLSU,67,Month-to-month,94.65,0.314,Medium,1,29.72,2516.53,790.32,2026-10-06 16:33:57.939598
9938-ZREHM,37,One year,72.1,0.1364,Low,1,9.84,1916.98,261.56,2026-10-06 16:33:57.939598
7950-XWOVN,11,Month-to-month,34.7,0.2328,Low,1,8.08,922.59,214.78,2026-10-06 16:33:57.939598
4647-MUZON,18,Month-to-month,95.95,0.5566,Medium,1,53.41,2551.09,1419.95,2026-10-06 16:33:57.939598
9702-AIUJO,50,One year,44.8,0.0486,Low,0,2.18,1191.13,57.85,2026-10-06 16:33:57.939598
8849-PRIQJ,67,One year,109.4,0.1364,Low,1,14.93,2908.7,396.88,2026-10-06 16:33:57.939598
8851-RAGOV,25,Month-to-month,71.05,0.1348,Low,1,9.58,1889.06,254.7,2026-10-06 16:33:57.939598
5396-IZEPB,9,Month-to-month,19.7,0.0877,Low,1,1.73,523.78,45.95,2026-10-06 16:33:57.939598
1729-VLAZJ,10,One year,40.25,0.0486,Low,0,1.95,1070.16,51.97,2026-10-06 16:33:57.939598
8285-ABVLB,70,Two year,19.85,0.0163,Low,0,0.32,527.77,8.62,2026-10-06 16:33:57.939598
0701-TJSEF,9,Month-to-month,68.25,0.1364,Low,1,9.31,1814.61,247.6,2026-10-06 16:33:57.939598
5712-VBOXD,4,Month-to-month,20.15,0.1364,Low,1,2.75,535.74,73.1,2026-10-06 16:33:57.939598
6629-LADHQ,2,Month-to-month,50.95,0.2564,Low,1,13.06,1354.65,347.35,2026-10-06 16:33:57.939598
1559-DTODC,19,Month-to-month,25.15,0.2564,Low,1,6.45,668.68,171.46,2026-10-06 16:33:57.939598
4797-MIWUM,7,Month-to-month,20.25,0.1348,Low,1,2.73,538.4,72.59,2026-10-06 16:33:57.939598
8720-RQSBJ,1,Month-to-month,44.0,0.5103,Medium,1,22.46,1169.86,597.03,2026-10-06 16:33:57.939598
4537-CIBHB,9,One year,20.25,0.0486,Low,0,0.98,538.4,26.15,2026-10-06 16:33:57.939598
4324-AHJKS,5,Month-to-month,55.8,0.2013,Low,1,11.23,1483.6,298.65,2026-10-06 16:33:57.939598
4355-CVPVS,56,One year,88.9,0.1364,Low,1,12.13,2363.65,322.51,2026-10-06 16:33:57.939598
4495-LHSSK,18,Month-to-month,57.65,0.0877,Low,1,5.06,1532.78,134.45,2026-10-06 16:33:57.939598
5915-ANOEI,70,Two year,79.15,0.0195,Low,0,1.54,2104.42,41.06,2026-10-06 16:33:57.939598
9861-PDSZP,72,Two year,108.05,0.0486,Low,0,5.25,2872.81,139.52,2026-10-06 16:33:57.939598
7225-CBZPL,17,Month-to-month,94.8,0.6392,High,1,60.59,2520.52,1611.05,2026-10-06 16:33:57.939598
6704-UTUKK,29,Month-to-month,45.9,0.5103,Medium,1,23.42,1220.38,622.81,2026-10-06 16:33:57.939598
2019-HDCZY,63,Two year,102.6,0.1364,Low,1,14.0,2727.9,372.21,2026-10-06 16:33:57.939598
8788-DOXSU,59,One year,61.35,0.1348,Low,1,8.27,1631.16,219.93,2026-10-06 16:33:57.939598
7404-JLKQG,3,Month-to-month,57.55,0.3552,Medium,1,20.44,1530.12,543.52,2026-10-06 16:33:57.939598
7421-ZLUPA,8,Month-to-month,29.25,0.314,Medium,1,9.19,777.69,244.23,2026-10-06 16:33:57.939598
3274-NSDWE,68,Two year,19.6,0.0163,Low,0,0.32,521.12,8.52,2026-10-06 16:33:57.939598
2632-IVXVF,68,Two year,111.75,0.1348,Low,1,15.07,2971.18,400.61,2026-10-06 16:33:57.939598
3692-JHONH,52,One year,106.5,0.3789,Medium,1,40.35,2831.59,1072.91,2026-10-06 16:33:57.939598
8915-NNTRC,72,Two year,107.7,0.0195,Low,0,2.1,2863.5,55.87,2026-10-06 16:33:57.939598
5914-GXMDA,32,One year,19.3,0.0163,Low,0,0.32,513.14,8.38,2026-10-06 16:33:57.939598
7463-IFMQU,72,Two year,20.05,0.0,Low,0,0.0,533.08,0.0,2026-10-06 16:33:57.939598
2920-RNCEZ,1,Month-to-month,69.95,0.6967,High,1,48.74,1859.81,1295.77,2026-10-06 16:33:57.939598
2541-YGPKE,42,One year,63.7,0.0486,Low,0,3.09,1693.64,82.25,2026-10-06 16:33:57.939598
5382-TEMLV,45,Month-to-month,50.9,0.1364,Low,1,6.95,1353.32,184.65,2026-10-06 16:33:57.939598
3441-CGZJH,43,One year,60.4,0.0486,Low,0,2.93,1605.9,77.99,2026-10-06 16:33:57.939598
9592-ERDKV,37,One year,79.25,0.1348,Low,1,10.69,2107.08,284.1,2026-10-06 16:33:57.939598
4778-IZARL,63,Two year,110.1,0.1364,Low,1,15.02,2927.31,399.42,2026-10-06 16:33:57.939598
0432-CAJZV,3,Month-to-month,90.7,0.5923,Medium,1,53.72,2411.51,1428.28,2026-10-06 16:33:57.939598
7008-LZVOZ,66,Two year,25.3,0.0163,Low,0,0.41,672.67,10.99,2026-10-06 16:33:57.939598
1200-TUZHR,8,Month-to-month,85.2,0.6491,High,1,55.31,2265.28,1470.44,2026-10-06 16:33:57.939598
9365-CSLBQ,71,Two year,24.35,0.0085,Low,0,0.21,647.41,5.51,2026-10-06 16:33:57.939598
5884-FBCTL,72,Two year,25.1,0.0,Low,0,0.0,667.35,0.0,2026-10-06 16:33:57.939598
7130-CTCUS,16,Month-to-month,54.55,0.2328,Low,1,12.7,1450.36,337.65,2026-10-06 16:33:57.939598
6242-FEGFD,66,Two year,96.6,0.0195,Low,0,1.88,2568.38,50.11,2026-10-06 16:33:57.939598
6194-HBGQN,51,One year,81.15,0.0486,Low,0,3.94,2157.6,104.78,2026-10-06 16:33:57.939598
7634-WSWDB,8,Month-to-month,38.5,0.314,Medium,1,12.09,1023.63,321.47,2026-10-06 16:33:57.939598
6986-IXNDM,14,Month-to-month,92.9,0.5103,Medium,1,47.41,2470.0,1260.55,2026-10-06 16:33:57.939598
2987-BJXIK,70,Two year,84.7,0.0486,Low,0,4.11,2251.98,109.37,2026-10-06 16:33:57.939598
9769-TSBZE,70,Two year,66.0,0.0195,Low,0,1.29,1754.79,34.24,2026-10-06 16:33:57.939598
1395-WSWXR,24,Two year,20.75,0.0085,Low,0,0.18,551.7,4.7,2026-10-06 16:33:57.939598
6023-GSSXW,69,Two year,61.45,0.0195,Low,0,1.2,1633.82,31.88,2026-10-06 16:33:57.939598
6752-APNJL,42,Month-to-month,54.5,0.1364,Low,1,7.44,1449.03,197.71,2026-10-06 16:33:57.939598
0420-HLGXF,39,Month-to-month,99.75,0.6395,High,1,63.79,2652.13,1696.13,2026-10-06 16:33:57.939598
7446-KQISO,45,Two year,109.75,0.1364,Low,1,14.97,2918.0,398.15,2026-10-06 16:33:57.939598
9823-EALYC,72,Two year,80.85,0.0085,Low,0,0.69,2149.62,18.29,2026-10-06 16:33:57.939598
0582-AVCLN,38,Two year,20.3,0.0163,Low,0,0.33,539.73,8.82,2026-10-06 16:33:57.939598
5803-NQJZO,72,Two year,67.8,0.0,Low,0,0.0,1802.65,0.0,2026-10-06 16:33:57.939598
2607-DHDAK,72,Two year,19.8,0.0,Low,0,0.0,526.44,0.0,2026-10-06 16:33:57.939598
1073-XXCZD,55,Two year,25.7,0.0163,Low,0,0.42,683.3,11.17,2026-10-06 16:33:57.939598
0743-HRVFF,51,One year,56.15,0.1364,Low,1,7.66,1492.9,203.7,2026-10-06 16:33:57.939598
4006-HKYHO,63,Two year,86.7,0.0163,Low,0,1.42,2305.16,37.67,2026-10-06 16:33:57.939598
3727-JEZTU,1,Month-to-month,20.4,0.314,Medium,1,6.41,542.39,170.34,2026-10-06 16:33:57.939598
8143-ETQTI,23,Two year,19.65,0.0195,Low,0,0.38,522.45,10.19,2026-10-06 16:33:57.939598
9667-TKTVZ,2,Month-to-month,54.35,0.464,Medium,1,25.22,1445.04,670.5,2026-10-06 16:33:57.939598
3657-COGMW,52,Month-to-month,108.1,0.2564,Low,1,27.72,2874.13,736.96,2026-10-06 16:33:57.939598
8570-KLJYJ,36,One year,54.45,0.0486,Low,0,2.64,1447.7,70.31,2026-10-06 16:33:57.939598
7754-IXRMC,1,Month-to-month,45.35,0.5103,Medium,1,23.14,1205.75,615.35,2026-10-06 16:33:57.939598
9473-CBZOP,28,One year,59.0,0.0486,Low,0,2.87,1568.68,76.18,2026-10-06 16:33:57.939598
2969-WGHQO,7,One year,69.45,0.1348,Low,1,9.36,1846.52,248.97,2026-10-06 16:33:57.939598
4334-HOWRP,72,Two year,64.95,0.0085,Low,0,0.55,1726.87,14.7,2026-10-06 16:33:57.939598
5863-OOKCL,10,Month-to-month,18.85,0.0486,Low,0,0.92,501.18,24.34,2026-10-06 16:33:57.939598
1686-STUHN,42,One year,19.8,0.0163,Low,0,0.32,526.44,8.6,2026-10-06 16:33:57.939598
1329-VHWNP,7,Month-to-month,25.05,0.2328,Low,1,5.83,666.02,155.05,2026-10-06 16:33:57.939598
0266-GMEAO,72,Two year,114.3,0.0195,Low,0,2.23,3038.98,59.3,2026-10-06 16:33:57.939598
5574-NXZIU,63,Two year,109.2,0.0877,Low,1,9.58,2903.38,254.68,2026-10-06 16:33:57.939598
0019-GFNTW,56,Two year,45.05,0.0195,Low,0,0.88,1197.78,23.37,2026-10-06 16:33:57.939598
4256-ZWTZI,5,Month-to-month,51.0,0.3789,Medium,1,19.32,1355.97,513.79,2026-10-06 16:33:57.939598
8309-PPCED,72,Two year,110.45,0.0195,Low,0,2.16,2936.62,57.3,2026-10-06 16:33:57.939598
4098-NAUKP,68,Month-to-month,84.65,0.3552,Medium,1,30.07,2250.65,799.46,2026-10-06 16:33:57.939598
5196-WPYOW,67,One year,60.05,0.0163,Low,0,0.98,1596.59,26.09,2026-10-06 16:33:57.939598
4608-LCIMN,8,Month-to-month,44.65,0.1364,Low,1,6.09,1187.14,161.98,2026-10-06 16:33:57.939598
1485-YDHMM,52,Month-to-month,93.25,0.1364,Low,1,12.72,2479.31,338.29,2026-10-06 16:33:57.939598
4054-CUMIA,18,Month-to-month,20.25,0.0877,Low,1,1.78,538.4,47.23,2026-10-06 16:33:57.939598
0603-TPMIB,59,Two year,25.45,0.0085,Low,0,0.22,676.66,5.76,2026-10-06 16:33:57.939598
2525-GVKQU,60,Two year,20.6,0.0195,Low,0,0.4,547.71,10.69,2026-10-06 16:33:57.939598
8161-QYMTT,7,Month-to-month,94.1,0.8864,High,1,83.41,2501.91,2217.6,2026-10-06 16:33:57.939598
9581-GVBXT,59,One year,34.8,0.0486,Low,0,1.69,925.25,44.94,2026-10-06 16:33:57.939598
5862-BRIXZ,46,Two year,60.75,0.0195,Low,0,1.19,1615.21,31.52,2026-10-06 16:33:57.939598
5404-GGUKR,5,Month-to-month,51.35,0.3789,Medium,1,19.46,1365.28,517.31,2026-10-06 16:33:57.939598
3308-JSGML,59,Two year,64.05,0.0195,Low,0,1.25,1702.94,33.23,2026-10-06 16:33:57.939598
2126-GSEGL,70,Two year,84.8,0.0486,Low,0,4.12,2254.64,109.5,2026-10-06 16:33:57.939598
0440-QEXBZ,44,Month-to-month,50.15,0.1364,Low,1,6.84,1333.38,181.93,2026-10-06 16:33:57.939598
2434-EEVDB,64,Two year,94.6,0.0486,Low,0,4.59,2515.2,122.15,2026-10-06 16:33:57.939598
6762-QVYJO,58,Two year,59.75,0.0163,Low,0,0.98,1588.62,25.96,2026-10-06 16:33:57.939598
6199-IWKGC,46,One year,100.25,0.2564,Low,1,25.71,2665.42,683.44,2026-10-06 16:33:57.939598
2675-DHUTR,58,Month-to-month,98.9,0.5758,Medium,1,56.94,2629.53,1513.97,2026-10-06 16:33:57.939598
8152-VETUR,72,Two year,97.7,0.0195,Low,0,1.91,2597.62,50.69,2026-10-06 16:33:57.939598
7446-YPODE,11,Month-to-month,60.25,0.2328,Low,1,14.03,1601.91,372.93,2026-10-06 16:33:57.939598
9522-BNTHX,34,Month-to-month,56.25,0.3552,Medium,1,19.98,1495.56,531.24,2026-10-06 16:33:57.939598
4676-WLUHT,54,Two year,46.2,0.0195,Low,0,0.9,1228.35,23.97,2026-10-06 16:33:57.939598
7980-MHFLQ,72,Two year,24.9,0.0,Low,0,0.0,662.03,0.0,2026-10-06 16:33:57.939598
0757-WCUUZ,54,Two year,63.35,0.0486,Low,0,3.08,1684.33,81.8,2026-10-06 16:33:57.939598
1629-DQQVB,14,Month-to-month,50.1,0.1364,Low,1,6.84,1332.05,181.75,2026-10-06 16:33:57.939598
0374-AACSZ,1,Month-to-month,50.15,0.3552,Medium,1,17.81,1333.38,473.63,2026-10-06 16:33:57.939598
4872-VXRIL,56,One year,64.65,0.0486,Low,0,3.14,1718.9,83.48,2026-10-06 16:33:57.939598
9140-CZQZZ,68,Two year,79.6,0.0195,Low,0,1.55,2116.38,41.3,2026-10-06 16:33:57.939598
3423-HHXAO,14,One year,19.5,0.0877,Low,1,1.71,518.46,45.48,2026-10-06 16:33:57.939598
9938-TKDGL,68,Two year,99.55,0.0486,Low,0,4.83,2646.81,128.54,2026-10-06 16:33:57.939598
0531-ZZJWQ,55,Month-to-month,74.0,0.3789,Medium,1,28.04,1967.49,745.5,2026-10-06 16:33:57.939598
6537-QLGEX,16,Month-to-month,38.9,0.314,Medium,1,12.22,1034.26,324.81,2026-10-06 16:33:57.939598
2688-BHGOG,9,Month-to-month,79.55,0.6395,High,1,50.88,2115.05,1352.65,2026-10-06 16:33:57.939598
3160-TYXLT,53,Month-to-month,46.3,0.1364,Low,1,6.32,1231.01,167.97,2026-10-06 16:33:57.939598
1325-USMEC,70,Two year,99.35,0.0877,Low,1,8.71,2641.49,231.71,2026-10-06 16:33:57.939598
0916-QOFDP,14,Month-to-month,95.8,0.6491,High,1,62.19,2547.11,1653.38,2026-10-06 16:33:57.939598
5606-AMZBO,10,Month-to-month,78.15,0.4348,Medium,1,33.98,2077.83,903.41,2026-10-06 16:33:57.939598
6199-IPCAO,29,Two year,26.1,0.0163,Low,0,0.43,693.94,11.34,2026-10-06 16:33:57.939598
5640-CAXOA,30,One year,40.35,0.1364,Low,1,5.51,1072.82,146.38,2026-10-06 16:33:57.939598
2235-EZAIK,72,Two year,79.2,0.0085,Low,0,0.67,2105.75,17.92,2026-10-06 16:33:57.939598
3847-BAERP,10,Month-to-month,20.9,0.1348,Low,1,2.82,555.68,74.92,2026-10-06 16:33:57.939598
1453-RZFON,1,Month-to-month,49.9,0.3552,Medium,1,17.73,1326.73,471.27,2026-10-06 16:33:57.939598
8263-OKETD,20,Month-to-month,68.9,0.2328,Low,1,16.04,1831.9,426.47,2026-10-06 16:33:57.939598
0670-KDOMA,1,Month-to-month,20.25,0.3789,Medium,1,7.67,538.4,204.0,2026-10-06 16:33:57.939598
2476-YGEFM,29,Month-to-month,76.0,0.3552,Medium,1,27.0,2020.67,717.77,2026-10-06 16:33:57.939598
8687-BAFGU,1,Month-to-month,74.0,0.5923,Medium,1,43.83,1967.49,1165.3,2026-10-06 16:33:57.939598
0641-EVBOJ,3,Month-to-month,82.3,0.3789,Medium,1,31.18,2188.17,829.11,2026-10-06 16:33:57.939598
0829-XXPLX,20,Month-to-month,89.4,0.2564,Low,1,22.92,2376.94,609.47,2026-10-06 16:33:57.939598
9974-JFBHQ,64,Month-to-month,99.15,0.1364,Low,1,13.53,2636.17,359.69,2026-10-06 16:33:57.939598
6624-JDRDS,6,Month-to-month,29.45,0.2328,Low,1,6.86,783.01,182.29,2026-10-06 16:33:57.939598
0608-JDVEC,50,Two year,19.8,0.0163,Low,0,0.32,526.44,8.6,2026-10-06 16:33:57.939598
9780-FKVVF,6,Month-to-month,59.15,0.2564,Low,1,15.17,1572.66,403.25,2026-10-06 16:33:57.939598
1919-RTPQD,7,Month-to-month,44.75,0.2013,Low,1,9.01,1189.8,239.51,2026-10-06 16:33:57.939598
5214-NLTIT,72,Two year,90.8,0.0195,Low,0,1.77,2414.17,47.11,2026-10-06 16:33:57.939598
3345-PBBFH,8,Month-to-month,49.55,0.2564,Low,1,12.71,1317.42,337.8,2026-10-06 16:33:57.939598
5055-BRMNE,67,Two year,106.7,0.1348,Low,1,14.39,2836.91,382.5,2026-10-06 16:33:57.939598
2190-PHBHR,72,Two year,94.45,0.0195,Low,0,1.84,2511.21,49.0,2026-10-06 16:33:57.939598
2650-GYRYL,33,One year,19.45,0.0195,Low,0,0.38,517.13,10.09,2026-10-06 16:33:57.939598
5208-FVQKB,70,Two year,67.95,0.0163,Low,0,1.11,1806.64,29.52,2026-10-06 16:33:57.939598
7184-LRUUR,22,One year,65.25,0.0877,Low,1,5.72,1734.85,152.18,2026-10-06 16:33:57.939598
6627-CFOSN,59,Month-to-month,99.45,0.2013,Low,1,20.02,2644.15,532.26,2026-10-06 16:33:57.939598
3982-JGSFD,36,One year,20.35,0.0195,Low,0,0.4,541.06,10.56,2026-10-06 16:33:57.939598
1574-DYCWE,51,Two year,19.95,0.0163,Low,0,0.33,530.43,8.67,2026-10-06 16:33:57.939598
7247-XOZPB,53,One year,77.4,0.0486,Low,0,3.76,2057.89,99.94,2026-10-06 16:33:57.939598
2466-FCCPT,20,One year,19.7,0.0486,Low,0,0.96,523.78,25.44,2026-10-06 16:33:57.939598
6211-WWLTF,63,Two year,99.7,0.0486,Low,0,4.84,2650.8,128.74,2026-10-06 16:33:57.939598
4826-TZEVA,40,Month-to-month,74.8,0.2564,Low,1,19.18,1988.76,509.94,2026-10-06 16:33:57.939598
6016-NXBNJ,35,One year,19.15,0.0163,Low,0,0.31,509.16,8.32,2026-10-06 16:33:57.939598
9138-EFSMO,26,One year,78.95,0.1364,Low,1,10.77,2099.1,286.41,2026-10-06 16:33:57.939598
4632-XJMEX,53,One year,62.85,0.0195,Low,0,1.23,1671.04,32.61,2026-10-06 16:33:57.939598
8910-LEDAG,34,Month-to-month,71.55,0.3552,Medium,1,25.42,1902.35,675.74,2026-10-06 16:33:57.939598
3452-GWUIN,19,Month-to-month,94.95,0.6392,High,1,60.69,2524.51,1613.6,2026-10-06 16:33:57.939598
2716-GFZOR,43,Month-to-month,86.1,0.1364,Low,1,11.75,2289.2,312.35,2026-10-06 16:33:57.939598
3724-UCSHY,6,Month-to-month,19.55,0.1348,Low,1,2.64,519.79,70.08,2026-10-06 16:33:57.939598
8626-XHBIE,56,Two year,24.8,0.0085,Low,0,0.21,659.38,5.61,2026-10-06 16:33:57.939598
3192-LNKRK,34,Month-to-month,84.05,0.314,Medium,1,26.4,2234.7,701.81,2026-10-06 16:33:57.939598
4439-YRNVD,10,Month-to-month,36.25,0.2564,Low,1,9.29,963.81,247.13,2026-10-06 16:33:57.939598
2208-UGTGR,56,Month-to-month,98.6,0.464,Medium,1,45.75,2621.55,1216.4,2026-10-06 16:33:57.939598
3005-TYFRD,55,Month-to-month,103.65,0.3789,Medium,1,39.27,2755.82,1044.2,2026-10-06 16:33:57.939598
8670-MEFCP,36,Two year,92.9,0.0163,Low,0,1.52,2470.0,40.36,2026-10-06 16:33:57.939598
3079-BCHLN,47,One year,19.9,0.0195,Low,0,0.39,529.1,10.32,2026-10-06 16:33:57.939598
7777-UNYHB,12,Month-to-month,20.1,0.1364,Low,1,2.74,534.41,72.92,2026-10-06 16:33:57.939598
7278-CKDNC,24,Month-to-month,80.5,0.5923,Medium,1,47.68,2140.31,1267.65,2026-10-06 16:33:57.939598
8450-UYIBU,35,Month-to-month,39.85,0.3789,Medium,1,15.1,1059.52,401.46,2026-10-06 16:33:57.939598
2969-VAPYH,67,One year,60.5,0.0195,Low,0,1.18,1608.56,31.39,2026-10-06 16:33:57.939598
7181-OQCUT,21,Month-to-month,103.85,0.5923,Medium,1,61.51,2761.14,1635.35,2026-10-06 16:33:57.939598
8474-UMLNT,13,Month-to-month,67.8,0.0877,Low,1,5.95,1802.65,158.13,2026-10-06 16:33:57.939598
3836-FZSDJ,71,Two year,24.85,0.0163,Low,0,0.41,660.71,10.8,2026-10-06 16:33:57.939598
9142-XMYJH,29,Month-to-month,19.35,0.0877,Low,1,1.7,514.47,45.13,2026-10-06 16:33:57.939598
0187-QSXOE,7,Month-to-month,89.0,0.6491,High,1,57.77,2366.31,1536.03,2026-10-06 16:33:57.939598
7733-UDMTP,57,Month-to-month,55.0,0.3789,Medium,1,20.84,1462.33,554.08,2026-10-06 16:33:57.939598
2649-HWLYB,65,Two year,76.15,0.0486,Low,0,3.7,2024.66,98.33,2026-10-06 16:33:57.939598
5214-CHIWJ,27,One year,20.3,0.0195,Low,0,0.4,539.73,10.53,2026-10-06 16:33:57.939598
6904-JLBGY,72,Two year,117.35,0.0195,Low,0,2.29,3120.07,60.88,2026-10-06 16:33:57.939598
2465-BLLEU,1,Month-to-month,19.75,0.3789,Medium,1,7.48,525.11,198.97,2026-10-06 16:33:57.939598
1685-VAYJF,11,Month-to-month,45.2,0.2328,Low,1,10.52,1201.77,279.78,2026-10-06 16:33:57.939598
8874-EJNSR,39,Two year,25.2,0.0195,Low,0,0.49,670.01,13.07,2026-10-06 16:33:57.939598
6917-YACBP,59,Month-to-month,89.75,0.2328,Low,1,20.89,2386.25,555.53,2026-10-06 16:33:57.939598
5049-MUBWG,26,One year,75.0,0.0877,Low,1,6.58,1994.08,174.92,2026-10-06 16:33:57.939598
4223-WOZCM,2,Month-to-month,49.95,0.3789,Medium,1,18.93,1328.06,503.21,2026-10-06 16:33:57.939598
0769-MURVM,72,Two year,65.7,0.0,Low,0,0.0,1746.81,0.0,2026-10-06 16:33:57.939598
9253-VIFJQ,65,One year,67.05,0.0486,Low,0,3.26,1782.71,86.58,2026-10-06 16:33:57.939598
7030-FZTFM,72,Two year,110.9,0.0195,Low,0,2.16,2948.58,57.53,2026-10-06 16:33:57.939598
9741-YLNTD,6,Month-to-month,87.95,0.6395,High,1,56.25,2338.39,1495.48,2026-10-06 16:33:57.939598
5917-RYRMG,32,One year,19.8,0.0195,Low,0,0.39,526.44,10.27,2026-10-06 16:33:57.939598
5120-ZBLAI,50,One year,75.7,0.1348,Low,1,10.21,2012.69,271.37,2026-10-06 16:33:57.939598
1194-BHJYC,61,Two year,62.15,0.0195,Low,0,1.21,1652.43,32.24,2026-10-06 16:33:57.939598
0906-QVPMS,72,Two year,115.15,0.0195,Low,0,2.25,3061.58,59.74,2026-10-06 16:33:57.939598
1905-OEILC,1,Month-to-month,19.5,0.3552,Medium,1,6.93,518.46,184.16,2026-10-06 16:33:57.939598
7858-GTZSP,12,Month-to-month,86.55,0.6491,High,1,56.18,2301.17,1493.74,2026-10-06 16:33:57.939598
6248-BSHKG,61,One year,20.4,0.0195,Low,0,0.4,542.39,10.58,2026-10-06 16:33:57.939598
4685-TFLLS,18,One year,19.8,0.0877,Low,1,1.74,526.44,46.18,2026-10-06 16:33:57.939598
3470-BTGQO,21,Month-to-month,45.65,0.1364,Low,1,6.23,1213.73,165.61,2026-10-06 16:33:57.939598
1209-VFFOC,68,Two year,56.4,0.0163,Low,0,0.92,1499.55,24.5,2026-10-06 16:33:57.939598
8224-DWCKX,12,Month-to-month,73.3,0.464,Medium,1,34.01,1948.88,904.28,2026-10-06 16:33:57.939598
4553-DVPZG,62,Month-to-month,101.35,0.3789,Medium,1,38.4,2694.67,1021.03,2026-10-06 16:33:57.939598
6917-IAYHD,1,Month-to-month,33.6,0.3552,Medium,1,11.94,893.35,317.33,2026-10-06 16:33:57.939598
8620-RJPZN,1,Month-to-month,20.7,0.3552,Medium,1,7.35,550.37,195.5,2026-10-06 16:33:57.939598
7572-KPVKK,62,Two year,104.05,0.1364,Low,1,14.2,2766.45,377.47,2026-10-06 16:33:57.939598
2642-MAWLJ,36,Two year,20.25,0.0085,Low,0,0.17,538.4,4.58,2026-10-06 16:33:57.939598
7103-ZGVNT,69,One year,73.7,0.0486,Low,0,3.58,1959.52,95.16,2026-10-06 16:33:57.939598
2027-WKXMW,63,Month-to-month,108.75,0.314,Medium,1,34.15,2891.42,908.05,2026-10-06 16:33:57.939598
7137-NAXML,23,One year,20.15,0.0195,Low,0,0.39,535.74,10.45,2026-10-06 16:33:57.939598
2428-ZMCTB,10,Month-to-month,19.75,0.1348,Low,1,2.66,525.11,70.8,2026-10-06 16:33:57.939598
2961-VNFKL,71,Two year,25.95,0.0085,Low,0,0.22,689.95,5.87,2026-10-06 16:33:57.939598
1768-HNVGJ,45,Month-to-month,70.05,0.1364,Low,1,9.56,1862.47,254.13,2026-10-06 16:33:57.939598
6963-KQYQB,70,Two year,24.05,0.0085,Low,0,0.2,639.44,5.44,2026-10-06 16:33:57.939598
5934-RMPOV,22,Month-to-month,84.75,0.5758,Medium,1,48.8,2253.31,1297.36,2026-10-06 16:33:57.939598
1207-BLKSA,52,Two year,23.05,0.0085,Low,0,0.2,612.85,5.22,2026-10-06 16:33:57.939598
8316-BBQAY,65,Two year,59.95,0.0163,Low,0,0.98,1593.94,26.04,2026-10-06 16:33:57.939598
1166-PQLGG,72,Two year,19.55,0.0085,Low,0,0.17,519.79,4.42,2026-10-06 16:33:57.939598
3146-JTQHR,10,One year,19.6,0.0877,Low,1,1.72,521.12,45.71,2026-10-06 16:33:57.939598
4291-YZODP,7,One year,20.05,0.0486,Low,0,0.97,533.08,25.89,2026-10-06 16:33:57.939598
4395-PZMSN,5,Month-to-month,85.55,0.6392,High,1,54.68,2274.58,1453.86,2026-10-06 16:33:57.939598
6427-FEFIG,24,Two year,78.6,0.0486,Low,0,3.82,2089.8,101.49,2026-10-06 16:33:57.939598
0017-IUDMW,72,Two year,116.8,0.0085,Low,0,0.99,3105.45,26.43,2026-10-06 16:33:57.939598
8706-HRADD,21,Month-to-month,43.55,0.1364,Low,1,5.94,1157.9,157.99,2026-10-06 16:33:57.939598
9955-QOPOY,69,One year,60.8,0.0877,Low,1,5.33,1616.53,141.8,2026-10-06 16:33:57.939598
4385-ZKVNW,44,Month-to-month,54.9,0.1364,Low,1,7.49,1459.67,199.16,2026-10-06 16:33:57.939598
5446-DKWYW,61,One year,65.2,0.1364,Low,1,8.9,1733.52,236.53,2026-10-06 16:33:57.939598
9031-ZVQPT,72,Two year,108.2,0.0877,Low,1,9.49,2876.79,252.35,2026-10-06 16:33:57.939598
2990-IAJSV,72,Two year,92.0,0.0085,Low,0,0.78,2446.07,20.82,2026-10-06 16:33:57.939598
8107-KNCIM,14,Month-to-month,75.1,0.6,High,1,45.06,1996.74,1198.04,2026-10-06 16:33:57.939598
9027-YFHQJ,7,Month-to-month,25.05,0.1364,Low,1,3.42,666.02,90.88,2026-10-06 16:33:57.939598
5176-LDKUH,48,One year,75.15,0.0877,Low,1,6.59,1998.07,175.27,2026-10-06 16:33:57.939598
4644-OBGFZ,55,One year,19.5,0.0486,Low,0,0.95,518.46,25.18,2026-10-06 16:33:57.939598
7926-IJOOU,1,Month-to-month,19.3,0.2328,Low,1,4.49,513.14,119.46,2026-10-06 16:33:57.939598
6480-YAGIY,45,One year,112.2,0.2328,Low,1,26.12,2983.14,694.49,2026-10-06 16:33:57.939598
4029-HPFVY,3,Month-to-month,70.3,0.5923,Medium,1,41.64,1869.12,1107.03,2026-10-06 16:33:57.939598
7602-DBTOU,71,Two year,19.6,0.0085,Low,0,0.17,521.12,4.44,2026-10-06 16:33:57.939598
5345-BMKWB,8,Month-to-month,20.25,0.1364,Low,1,2.76,538.4,73.46,2026-10-06 16:33:57.939598
5457-COLHT,69,Two year,80.65,0.0486,Low,0,3.92,2144.3,104.14,2026-10-06 16:33:57.939598
5451-YHYPW,72,Two year,115.75,0.0195,Low,0,2.26,3077.53,60.05,2026-10-06 16:33:57.939598
7998-WNZEM,71,Two year,80.6,0.0195,Low,0,1.57,2142.97,41.81,2026-10-06 16:33:57.939598
4664-NJCMS,33,Two year,59.55,0.0195,Low,0,1.16,1583.3,30.89,2026-10-06 16:33:57.939598
0307-BCOPK,16,One year,19.05,0.0195,Low,0,0.37,506.5,9.88,2026-10-06 16:33:57.939598
7629-WFGLW,56,One year,95.65,0.1348,Low,1,12.9,2543.12,342.89,2026-10-06 16:33:57.939598
2542-HYGIQ,1,Month-to-month,19.95,0.3552,Medium,1,7.09,530.43,188.41,2026-10-06 16:33:57.939598
5016-LIPDW,57,One year,19.4,0.0486,Low,0,0.94,515.8,25.05,2026-10-06 16:33:57.939598
6481-LXPWL,56,One year,36.1,0.1348,Low,1,4.87,959.82,129.41,2026-10-06 16:33:57.939598
6124-ACRHJ,1,Month-to-month,19.75,0.3552,Medium,1,7.02,525.11,186.52,2026-10-06 16:33:57.939598
9362-MWODR,40,Month-to-month,64.1,0.0877,Low,1,5.62,1704.27,149.5,2026-10-06 16:33:57.939598
9975-GPKZU,46,Two year,19.75,0.0163,Low,0,0.32,525.11,8.58,2026-10-06 16:33:57.939598
9625-RZFUK,63,Two year,19.7,0.0085,Low,0,0.17,523.78,4.46,2026-10-06 16:33:57.939598
5153-LXKDT,68,Two year,110.2,0.1364,Low,1,15.04,2929.97,399.78,2026-10-06 16:33:57.939598
5161-UBZXI,69,Two year,106.35,0.1348,Low,1,14.34,2827.61,381.25,2026-10-06 16:33:57.939598
1020-JPQOW,56,Month-to-month,90.55,0.1364,Low,1,12.36,2407.52,328.49,2026-10-06 16:33:57.939598
7919-ZODZZ,10,One year,65.9,0.1364,Low,1,8.99,1752.13,239.07,2026-10-06 16:33:57.939598
0565-JUPYD,63,One year,104.5,0.1348,Low,1,14.09,2778.42,374.62,2026-10-06 16:33:57.939598
6867-ACCZI,24,Two year,52.5,0.0195,Low,0,1.02,1395.86,27.24,2026-10-06 16:33:57.939598
5939-XAIXZ,19,Month-to-month,56.1,0.2564,Low,1,14.38,1491.57,382.45,2026-10-06 16:33:57.939598
9054-FOWNV,22,Month-to-month,88.75,0.5923,Medium,1,52.56,2359.66,1397.57,2026-10-06 16:33:57.939598
8207-VVMYB,70,Two year,26.0,0.0163,Low,0,0.42,691.28,11.3,2026-10-06 16:33:57.939598
9732-EQMWY,49,Month-to-month,99.4,0.314,Medium,1,31.22,2642.82,829.98,2026-10-06 16:33:57.939598
5269-NRGDP,42,One year,73.15,0.1364,Low,1,9.98,1944.89,265.37,2026-10-06 16:33:57.939598
6195-MELTI,57,One year,54.65,0.0195,Low,0,1.07,1453.02,28.35,2026-10-06 16:33:57.939598
2121-JAFOM,72,Two year,115.55,0.0195,Low,0,2.25,3072.21,59.95,2026-10-06 16:33:57.939598
8818-DOPVL,46,Month-to-month,104.45,0.5923,Medium,1,61.86,2777.09,1644.8,2026-10-06 16:33:57.939598
1227-UDMZR,72,Two year,91.15,0.0,Low,0,0.0,2423.47,0.0,2026-10-06 16:33:57.939598
5198-HQAEN,35,One year,89.7,0.1364,Low,1,12.24,2384.92,325.41,2026-10-06 16:33:57.939598
2167-FQSTQ,72,Two year,92.4,0.0085,Low,0,0.79,2456.71,20.91,2026-10-06 16:33:57.939598
2819-GWENI,28,One year,19.9,0.0195,Low,0,0.39,529.1,10.32,2026-10-06 16:33:57.939598
3572-UUHRS,45,One year,18.85,0.0163,Low,0,0.31,501.18,8.19,2026-10-06 16:33:57.939598
2692-PFYTJ,1,Month-to-month,25.75,0.3789,Medium,1,9.76,684.63,259.41,2026-10-06 16:33:57.939598
5955-EPOAZ,6,Month-to-month,20.95,0.1364,Low,1,2.86,557.01,76.0,2026-10-06 16:33:57.939598
6821-JPCDC,48,One year,97.05,0.2564,Low,1,24.88,2580.34,661.63,2026-10-06 16:33:57.939598
8815-LMFLX,25,Month-to-month,25.4,0.0877,Low,1,2.23,675.33,59.24,2026-10-06 16:33:57.939598
9135-HSWOC,64,Two year,19.7,0.0163,Low,0,0.32,523.78,8.56,2026-10-06 16:33:57.939598
8582-KRHPJ,50,Month-to-month,35.0,0.1364,Low,1,4.78,930.57,126.97,2026-10-06 16:33:57.939598
5811-IWXYM,52,One year,101.25,0.2328,Low,1,23.57,2692.01,626.71,2026-10-06 16:33:57.939598
7044-YAACC,4,Month-to-month,70.2,0.6491,High,1,45.57,1866.46,1211.56,2026-10-06 16:33:57.939598
8189-XRIKE,32,Month-to-month,90.95,0.3789,Medium,1,34.46,2418.16,916.25,2026-10-06 16:33:57.939598
1506-YJTYT,45,Two year,73.85,0.0195,Low,0,1.44,1963.5,38.31,2026-10-06 16:33:57.939598
4123-DVHPH,9,Month-to-month,88.05,0.6491,High,1,57.16,2341.05,1519.63,2026-10-06 16:33:57.939598
2228-BZDEE,54,Two year,20.1,0.0195,Low,0,0.39,534.41,10.43,2026-10-06 16:33:57.939598
2789-CZANW,64,Two year,110.3,0.0486,Low,0,5.36,2932.63,142.42,2026-10-06 16:33:57.939598
7596-LDUXP,12,One year,85.15,0.1364,Low,1,11.62,2263.95,308.9,2026-10-06 16:33:57.939598
3740-RLMVT,67,One year,60.95,0.0195,Low,0,1.19,1620.52,31.62,2026-10-06 16:33:57.939598
2192-OZITF,45,Two year,73.55,0.0195,Low,0,1.44,1955.53,38.16,2026-10-06 16:33:57.939598
5651-CPDND,10,Month-to-month,46.0,0.1364,Low,1,6.28,1223.04,166.88,2026-10-06 16:33:57.939598
2186-QZEYA,29,Month-to-month,58.55,0.1364,Low,1,7.99,1556.71,212.41,2026-10-06 16:33:57.939598
1131-ALZWV,24,One year,24.6,0.0195,Low,0,0.48,654.06,12.76,2026-10-06 16:33:57.939598
7729-XBTWX,66,Two year,19.75,0.0163,Low,0,0.32,525.11,8.58,2026-10-06 16:33:57.939598
9134-WYRVP,51,One year,86.35,0.0486,Low,0,4.19,2295.85,111.5,2026-10-06 16:33:57.939598
3284-SVCRO,45,Two year,25.5,0.0163,Low,0,0.42,677.99,11.08,2026-10-06 16:33:57.939598
9732-OUYRN,49,One year,19.0,0.0195,Low,0,0.37,505.17,9.86,2026-10-06 16:33:57.939598
0559-CKHUS,29,Two year,19.55,0.0195,Low,0,0.38,519.79,10.14,2026-10-06 16:33:57.939598
2931-SVLTV,40,Month-to-month,110.1,0.314,Medium,1,34.58,2927.31,919.32,2026-10-06 16:33:57.939598
7504-UWHNB,25,Month-to-month,69.75,0.3552,Medium,1,24.78,1854.5,658.74,2026-10-06 16:33:57.939598
2582-FFFZR,22,Month-to-month,50.6,0.5923,Medium,1,29.97,1345.34,796.81,2026-10-06 16:33:57.939598
8908-NMQTX,72,Two year,65.6,0.0085,Low,0,0.56,1744.16,14.84,2026-10-06 16:33:57.939598
1431-AIDJQ,33,Two year,82.1,0.0195,Low,0,1.6,2182.85,42.59,2026-10-06 16:33:57.939598
6288-LBEAR,23,Month-to-month,79.1,0.2328,Low,1,18.41,2103.09,489.61,2026-10-06 16:33:57.939598
8413-YNHNV,69,Two year,90.65,0.0195,Low,0,1.77,2410.18,47.03,2026-10-06 16:33:57.939598
5808-TOTXO,3,One year,20.55,0.0877,Low,1,1.8,546.38,47.93,2026-10-06 16:33:57.939598
4369-NYSCF,56,One year,75.75,0.0486,Low,0,3.68,2014.02,97.81,2026-10-06 16:33:57.939598
6333-YDVLT,65,One year,110.0,0.2564,Low,1,28.21,2924.65,749.91,2026-10-06 16:33:57.939598
5324-KTGCG,71,One year,20.85,0.0195,Low,0,0.41,554.35,10.82,2026-10-06 16:33:57.939598
5599-HVLTW,14,Month-to-month,80.35,0.6,High,1,48.21,2136.33,1281.8,2026-10-06 16:33:57.939598
7394-LWLYN,2,Month-to-month,70.15,0.5923,Medium,1,41.55,1865.13,1104.67,2026-10-06 16:33:57.939598
6873-UDNLD,40,Month-to-month,67.45,0.2013,Low,1,13.58,1793.34,361.0,2026-10-06 16:33:57.939598
2700-LUEVA,1,Month-to-month,20.75,0.2564,Low,1,5.32,551.7,141.46,2026-10-06 16:33:57.939598
0958-YHXGP,7,Month-to-month,69.9,0.5566,Medium,1,38.91,1858.48,1034.44,2026-10-06 16:33:57.939598
1101-SSWAG,15,Month-to-month,51.1,0.5566,Medium,1,28.44,1358.63,756.22,2026-10-06 16:33:57.939598
5743-KHMNA,71,Two year,25.55,0.0085,Low,0,0.22,679.32,5.78,2026-10-06 16:33:57.939598
4194-FJARJ,54,Two year,60.0,0.0195,Low,0,1.17,1595.26,31.13,2026-10-06 16:33:57.939598
5325-UWTWJ,31,Month-to-month,90.55,0.2013,Low,1,18.23,2407.52,484.63,2026-10-06 16:33:57.939598
3969-GYXEL,11,Month-to-month,76.4,0.3552,Medium,1,27.14,2031.3,721.54,2026-10-06 16:33:57.939598
9208-OLGAQ,18,Month-to-month,84.95,0.5103,Medium,1,43.35,2258.63,1152.68,2026-10-06 16:33:57.939598
3244-CQPHU,72,Two year,110.1,0.0195,Low,0,2.15,2927.31,57.12,2026-10-06 16:33:57.939598
2674-MLXMN,71,Month-to-month,99.65,0.2328,Low,1,23.2,2649.47,616.81,2026-10-06 16:33:57.939598
9708-HPXWZ,5,Month-to-month,45.4,0.3552,Medium,1,16.13,1207.08,428.77,2026-10-06 16:33:57.939598
6992-TKNYO,38,One year,69.0,0.1364,Low,1,9.41,1834.55,250.32,2026-10-06 16:33:57.939598
4468-YDOVK,5,Month-to-month,48.65,0.3552,Medium,1,17.28,1293.49,459.46,2026-10-06 16:33:57.939598
5792-JALQC,52,Two year,59.85,0.0486,Low,0,2.91,1591.28,77.28,2026-10-06 16:33:57.939598
2200-DSAAL,68,Two year,80.65,0.1364,Low,1,11.0,2144.3,292.58,2026-10-06 16:33:57.939598
4302-ZYFEL,69,One year,20.55,0.0195,Low,0,0.4,546.38,10.66,2026-10-06 16:33:57.939598
9351-LZYGF,42,Month-to-month,66.4,0.1348,Low,1,8.95,1765.43,238.03,2026-10-06 16:33:57.939598
4366-CTOUZ,50,Two year,100.2,0.0877,Low,1,8.79,2664.09,233.69,2026-10-06 16:33:57.939598
1518-OMDIK,33,Month-to-month,44.55,0.1364,Low,1,6.08,1184.48,161.62,2026-10-06 16:33:57.939598
6671-NGWON,7,Month-to-month,20.35,0.0877,Low,1,1.79,541.06,47.46,2026-10-06 16:33:57.939598
0595-ITUDF,64,Month-to-month,91.8,0.1364,Low,1,12.53,2440.75,333.03,2026-10-06 16:33:57.939598
1955-IBMMB,59,Two year,20.2,0.0195,Low,0,0.39,537.07,10.48,2026-10-06 16:33:57.939598
0096-BXERS,6,Month-to-month,50.35,0.3789,Medium,1,19.08,1338.69,507.24,2026-10-06 16:33:57.939598
3806-YAZOV,3,Month-to-month,18.8,0.1348,Low,1,2.53,499.85,67.4,2026-10-06 16:33:57.939598
7998-ZLXWN,15,Month-to-month,20.45,0.0877,Low,1,1.79,543.72,47.69,2026-10-06 16:33:57.939598
6253-WRFHY,13,One year,64.75,0.2013,Low,1,13.03,1721.56,346.55,2026-10-06 16:33:57.939598
9133-AYJZG,23,Month-to-month,98.7,0.5923,Medium,1,58.46,2624.21,1554.25,2026-10-06 16:33:57.939598
2675-OTVVJ,31,Month-to-month,89.45,0.3789,Medium,1,33.89,2378.27,901.14,2026-10-06 16:33:57.939598
8680-CGLTP,29,One year,58.75,0.0877,Low,1,5.15,1562.03,137.02,2026-10-06 16:33:57.939598
8430-TWCBX,49,One year,20.7,0.0195,Low,0,0.4,550.37,10.74,2026-10-06 16:33:57.939598
5018-GWURO,56,Month-to-month,85.6,0.2564,Low,1,21.95,2275.91,583.57,2026-10-06 16:33:57.939598
6741-QRLUP,63,Two year,80.3,0.0195,Low,0,1.57,2135.0,41.66,2026-10-06 16:33:57.939598
4737-HOBAX,63,Two year,79.8,0.0486,Low,0,3.88,2121.7,103.04,2026-10-06 16:33:57.939598
0537-QYZZN,24,Month-to-month,79.85,0.3789,Medium,1,30.26,2123.03,804.43,2026-10-06 16:33:57.939598
3340-QBBFM,36,One year,54.1,0.0195,Low,0,1.06,1438.4,28.07,2026-10-06 16:33:57.939598
8200-KLNYW,21,One year,80.9,0.1348,Low,1,10.91,2150.95,290.02,2026-10-06 16:33:57.939598
3372-CDXFJ,13,One year,24.5,0.0486,Low,0,1.19,651.4,31.64,2026-10-06 16:33:57.939598
4781-ZXYGU,1,Month-to-month,20.15,0.464,Medium,1,9.35,535.74,248.58,2026-10-06 16:33:57.939598
7632-YUTXB,25,One year,20.05,0.0195,Low,0,0.39,533.08,10.4,2026-10-06 16:33:57.939598
2718-YSKCS,71,Two year,19.6,0.0163,Low,0,0.32,521.12,8.52,2026-10-06 16:33:57.939598
9896-UYMIE,66,One year,114.3,0.2328,Low,1,26.61,3038.98,707.49,2026-10-06 16:33:57.939598
0853-NWIFK,45,One year,100.3,0.2328,Low,1,23.35,2666.75,620.83,2026-10-06 16:33:57.939598
8212-CRQXP,22,Month-to-month,80.0,0.3552,Medium,1,28.42,2127.02,755.54,2026-10-06 16:33:57.939598
6980-CDGFC,67,One year,20.85,0.0195,Low,0,0.41,554.35,10.82,2026-10-06 16:33:57.939598
7691-XVTZH,68,Two year,89.95,0.0877,Low,1,7.89,2391.57,209.79,2026-10-06 16:33:57.939598
2520-SGTTA,0,Two year,20.0,0.0486,Low,0,0.97,531.75,25.82,2026-10-06 16:33:57.939598
2277-VWCNI,4,Month-to-month,48.75,0.5566,Medium,1,27.13,1296.15,721.44,2026-10-06 16:33:57.939598
1088-CNNKB,63,One year,80.0,0.0486,Low,0,3.89,2127.02,103.3,2026-10-06 16:33:57.939598
1930-BZLHI,21,One year,20.35,0.0195,Low,0,0.4,541.06,10.56,2026-10-06 16:33:57.939598
5868-YTYKS,1,Month-to-month,20.25,0.3552,Medium,1,7.19,538.4,191.25,2026-10-06 16:33:57.939598
3525-DVKFN,17,Two year,19.4,0.0195,Low,0,0.38,515.8,10.06,2026-10-06 16:33:57.939598
1482-OXZSY,30,Month-to-month,100.4,0.3789,Medium,1,38.04,2669.41,1011.46,2026-10-06 16:33:57.939598
0377-JBKKT,22,Month-to-month,57.95,0.1348,Low,1,7.81,1540.76,207.74,2026-10-06 16:33:57.939598
5778-BVOFB,9,Month-to-month,59.5,0.2328,Low,1,13.85,1581.97,368.29,2026-10-06 16:33:57.939598
3373-YZZYM,1,Month-to-month,19.2,0.2328,Low,1,4.47,510.48,118.84,2026-10-06 16:33:57.939598
0228-MAUWC,19,Month-to-month,59.55,0.2564,Low,1,15.27,1583.3,405.97,2026-10-06 16:33:57.939598
7663-YJHSN,72,Two year,103.95,0.0163,Low,0,1.7,2763.8,45.16,2026-10-06 16:33:57.939598
4915-BFSXL,70,Two year,68.95,0.0195,Low,0,1.35,1833.22,35.77,2026-10-06 16:33:57.939598
3086-RUCRN,66,Month-to-month,103.1,0.1364,Low,1,14.07,2741.2,374.02,2026-10-06 16:33:57.939598
5215-LNLDJ,7,Month-to-month,24.7,0.464,Medium,1,11.46,656.72,304.72,2026-10-06 16:33:57.939598
7576-JMYWV,46,Month-to-month,110.2,0.3552,Medium,1,39.14,2929.97,1040.76,2026-10-06 16:33:57.939598
0257-KXZGU,32,Month-to-month,62.45,0.1364,Low,1,8.52,1660.4,226.55,2026-10-06 16:33:57.939598
1307-ATKGB,24,Month-to-month,89.55,0.3789,Medium,1,33.93,2380.93,902.15,2026-10-06 16:33:57.939598
3714-XPXBW,37,Month-to-month,78.9,0.1364,Low,1,10.77,2097.77,286.23,2026-10-06 16:33:57.939598
1850-AKQEP,8,Month-to-month,20.35,0.0877,Low,1,1.79,541.06,47.46,2026-10-06 16:33:57.939598
2824-DXNKN,72,Two year,71.45,0.0085,Low,0,0.61,1899.69,16.17,2026-10-06 16:33:57.939598
5227-JSCFE,71,Two year,46.35,0.0195,Low,0,0.9,1232.34,24.05,2026-10-06 16:33:57.939598
0848-ZGQIJ,16,Month-to-month,94.65,0.464,Medium,1,43.92,2516.53,1167.67,2026-10-06 16:33:57.939598
3621-CHYVB,57,Month-to-month,49.9,0.0486,Low,0,2.42,1326.73,64.43,2026-10-06 16:33:57.939598
8042-RNLKO,66,One year,25.45,0.0195,Low,0,0.5,676.66,13.2,2026-10-06 16:33:57.939598
5372-FBKBN,21,Month-to-month,20.75,0.0486,Low,0,1.01,551.7,26.79,2026-10-06 16:33:57.939598
0420-TXVSG,66,Two year,66.1,0.0195,Low,0,1.29,1757.45,34.29,2026-10-06 16:33:57.939598
6217-TOWGS,17,Month-to-month,75.4,0.314,Medium,1,23.68,2004.72,629.58,2026-10-06 16:33:57.939598
1045-LTCYT,8,Month-to-month,21.05,0.1348,Low,1,2.84,559.67,75.46,2026-10-06 16:33:57.939598
1544-JJMYL,27,One year,69.35,0.0195,Low,0,1.35,1843.86,35.98,2026-10-06 16:33:57.939598
4636-JGAAI,34,Month-to-month,88.85,0.2328,Low,1,20.68,2362.32,549.96,2026-10-06 16:33:57.939598
6874-SGLHU,30,One year,97.0,0.2328,Low,1,22.58,2579.01,600.4,2026-10-06 16:33:57.939598
5951-AOFIH,33,Month-to-month,66.4,0.1364,Low,1,9.06,1765.43,240.88,2026-10-06 16:33:57.939598
3059-NGMXB,14,Month-to-month,69.2,0.1364,Low,1,9.44,1839.87,251.04,2026-10-06 16:33:57.939598
8652-YHIYU,16,One year,79.5,0.1364,Low,1,10.85,2113.73,288.41,2026-10-06 16:33:57.939598
5278-PNYOX,49,Two year,100.65,0.1348,Low,1,13.57,2676.06,360.82,2026-10-06 16:33:57.939598
3486-HOOGQ,70,Two year,79.7,0.0195,Low,0,1.56,2119.04,41.35,2026-10-06 16:33:57.939598
5061-PBXFW,32,Month-to-month,61.4,0.0486,Low,0,2.98,1632.49,79.28,2026-10-06 16:33:57.939598
8630-FJLIB,18,Month-to-month,69.8,0.3789,Medium,1,26.45,1855.82,703.18,2026-10-06 16:33:57.939598
3891-NLXJB,37,Two year,40.55,0.0195,Low,0,0.79,1078.13,21.04,2026-10-06 16:33:57.939598
4749-OJKQU,4,Month-to-month,75.65,0.6967,High,1,52.71,2011.36,1401.36,2026-10-06 16:33:57.939598
0577-WHMEV,16,Month-to-month,90.7,0.2564,Low,1,23.26,2411.51,618.34,2026-10-06 16:33:57.939598
5453-AXEPF,17,Month-to-month,80.5,0.3789,Medium,1,30.5,2140.31,810.98,2026-10-06 16:33:57.939598
3639-XJHKQ,19,Month-to-month,60.6,0.1364,Low,1,8.27,1611.22,219.84,2026-10-06 16:33:57.939598
3716-LRGXK,60,Two year,101.15,0.1364,Low,1,13.8,2689.35,366.95,2026-10-06 16:33:57.939598
2263-SFSQZ,51,Two year,24.95,0.0163,Low,0,0.41,663.36,10.84,2026-10-06 16:33:57.939598
9950-MTGYX,28,Two year,20.3,0.0163,Low,0,0.33,539.73,8.82,2026-10-06 16:33:57.939598
3397-AVTKU,43,Two year,60.0,0.0486,Low,0,2.91,1595.26,77.47,2026-10-06 16:33:57.939598
4825-FUREZ,42,Two year,20.25,0.0195,Low,0,0.4,538.4,10.51,2026-10-06 16:33:57.939598
2672-OJQZP,1,Month-to-month,44.75,0.3789,Medium,1,16.96,1189.8,450.82,2026-10-06 16:33:57.939598
3134-DSHVC,63,Two year,98.0,0.0486,Low,0,4.76,2605.6,126.54,2026-10-06 16:33:57.939598
7821-DPRQE,68,Month-to-month,107.7,0.3552,Medium,1,38.26,2863.5,1017.15,2026-10-06 16:33:57.939598
2001-EWBQU,60,Two year,104.7,0.1364,Low,1,14.29,2783.74,379.83,2026-10-06 16:33:57.939598
1608-GMEWB,45,Month-to-month,93.9,0.5,Medium,1,46.95,2496.59,1248.29,2026-10-06 16:33:57.939598
6695-AMZUF,70,Two year,86.45,0.0195,Low,0,1.69,2298.51,44.85,2026-10-06 16:33:57.939598
8410-BGQXN,4,Month-to-month,19.4,0.1348,Low,1,2.62,515.8,69.55,2026-10-06 16:33:57.939598
1619-YWUBB,68,Two year,24.95,0.0195,Low,0,0.49,663.36,12.94,2026-10-06 16:33:57.939598
7611-YKYTC,22,Month-to-month,75.0,0.1364,Low,1,10.23,1994.08,272.08,2026-10-06 16:33:57.939598
0365-GXEZS,18,Month-to-month,78.2,0.314,Medium,1,24.56,2079.16,652.96,2026-10-06 16:33:57.939598
0082-OQIQY,29,Month-to-month,94.2,0.3789,Medium,1,35.69,2504.57,949.0,2026-10-06 16:33:57.939598
3606-SBKRY,31,One year,50.05,0.2013,Low,1,10.07,1330.72,267.87,2026-10-06 16:33:57.939598
0667-NSRGI,48,One year,69.55,0.0486,Low,0,3.38,1849.18,89.81,2026-10-06 16:33:57.939598
6893-ODYYE,50,One year,90.1,0.0877,Low,1,7.9,2395.56,210.14,2026-10-06 16:33:57.939598
8242-JSVBO,7,Month-to-month,44.65,0.2328,Low,1,10.39,1187.14,276.37,2026-10-06 16:33:57.939598
9541-ZPSEA,68,Two year,80.35,0.0877,Low,1,7.05,2136.33,187.4,2026-10-06 16:33:57.939598
2665-NPTGL,26,Month-to-month,98.1,0.6,High,1,58.86,2608.26,1564.95,2026-10-06 16:33:57.939598
1139-WUOAH,57,Two year,53.35,0.0486,Low,0,2.59,1418.46,68.89,2026-10-06 16:33:57.939598
4693-VWVBO,3,Month-to-month,19.55,0.1364,Low,1,2.67,519.79,70.92,2026-10-06 16:33:57.939598
6937-GCDGQ,19,One year,48.95,0.0877,Low,1,4.29,1301.47,114.16,2026-10-06 16:33:57.939598
0988-JRWWP,3,Month-to-month,54.2,0.6154,High,1,33.35,1441.06,886.8,2026-10-06 16:33:57.939598
5075-JSDKI,59,Two year,24.45,0.0163,Low,0,0.4,650.07,10.62,2026-10-06 16:33:57.939598
8644-XYTSV,42,Month-to-month,40.15,0.1364,Low,1,5.48,1067.5,145.65,2026-10-06 16:33:57.939598
3873-WOSBC,67,Two year,25.6,0.0163,Low,0,0.42,680.65,11.12,2026-10-06 16:33:57.939598
7465-ZZRVX,1,Month-to-month,70.35,0.6967,High,1,49.01,1870.45,1303.18,2026-10-06 16:33:57.939598
7975-JMZNT,66,Two year,91.7,0.0195,Low,0,1.79,2438.1,47.57,2026-10-06 16:33:57.939598
7251-XFOIL,61,Month-to-month,89.2,0.1364,Low,1,12.17,2371.63,323.6,2026-10-06 16:33:57.939598
4116-IQRFR,4,One year,24.1,0.0486,Low,0,1.17,640.76,31.12,2026-10-06 16:33:57.939598
8259-DZLIZ,64,One year,53.85,0.0195,Low,0,1.05,1431.75,27.94,2026-10-06 16:33:57.939598
0442-ZXKVS,54,One year,115.6,0.1364,Low,1,15.77,3073.54,419.37,2026-10-06 16:33:57.939598
7853-WNZSY,1,Month-to-month,19.75,0.3552,Medium,1,7.02,525.11,186.52,2026-10-06 16:33:57.939598
3120-FAZKD,54,Two year,24.05,0.0195,Low,0,0.47,639.44,12.48,2026-10-06 16:33:57.939598
8606-OEGQZ,18,Two year,25.3,0.0195,Low,0,0.49,672.67,13.13,2026-10-06 16:33:57.939598
0225-ZORZP,3,Month-to-month,84.3,0.464,Medium,1,39.12,2241.35,1039.98,2026-10-06 16:33:57.939598
9489-JMTTN,72,Two year,89.75,0.0085,Low,0,0.76,2386.25,20.31,2026-10-06 16:33:57.939598
0575-CUQOV,60,One year,97.95,0.2328,Low,1,22.8,2604.27,606.28,2026-10-06 16:33:57.939598
0967-BMLBD,11,One year,20.0,0.0486,Low,0,0.97,531.75,25.82,2026-10-06 16:33:57.939598
2830-LEWOA,61,One year,103.9,0.1364,Low,1,14.18,2762.47,376.93,2026-10-06 16:33:57.939598
5006-MXVRN,39,Two year,20.7,0.0085,Low,0,0.18,550.37,4.68,2026-10-06 16:33:57.939598
8327-WKMIE,37,One year,20.15,0.0163,Low,0,0.33,535.74,8.75,2026-10-06 16:33:57.939598
6917-FIJHC,72,Two year,26.0,0.0085,Low,0,0.22,691.28,5.88,2026-10-06 16:33:57.939598
5329-KRDTM,72,Two year,77.35,0.0195,Low,0,1.51,2056.56,40.13,2026-10-06 16:33:57.939598
7797-EJMDP,8,Month-to-month,66.05,0.1364,Low,1,9.01,1756.12,239.61,2026-10-06 16:33:57.939598
3530-VWVGU,22,Month-to-month,19.9,0.0486,Low,0,0.97,529.1,25.7,2026-10-06 16:33:57.939598
6368-NWMCE,38,Month-to-month,68.15,0.1364,Low,1,9.3,1811.95,247.23,2026-10-06 16:33:57.939598
3633-CDBUW,17,One year,80.85,0.1364,Low,1,11.03,2149.62,293.31,2026-10-06 16:33:57.939598
0707-HOVVN,70,Two year,75.5,0.0486,Low,0,3.67,2007.37,97.49,2026-10-06 16:33:57.939598
3956-MGXOG,28,Month-to-month,80.6,0.5103,Medium,1,41.13,2142.97,1093.65,2026-10-06 16:33:57.939598
9274-UARKJ,15,Month-to-month,83.2,0.5103,Medium,1,42.46,2212.1,1128.93,2026-10-06 16:33:57.939598
4077-HWUYD,72,Two year,87.55,0.0163,Low,0,1.43,2327.76,38.04,2026-10-06 16:33:57.939598
0103-CSITQ,57,One year,109.4,0.2564,Low,1,28.05,2908.7,745.82,2026-10-06 16:33:57.939598
8671-KKKOS,46,Month-to-month,45.55,0.2328,Low,1,10.6,1211.07,281.94,2026-10-06 16:33:57.939598
7305-ZWMAJ,30,One year,20.7,0.0195,Low,0,0.4,550.37,10.74,2026-10-06 16:33:57.939598
9518-XXBXE,10,Month-to-month,75.3,0.314,Medium,1,23.65,2002.06,628.75,2026-10-06 16:33:57.939598
6578-KRMAW,32,Month-to-month,93.4,0.2564,Low,1,23.95,2483.3,636.74,2026-10-06 16:33:57.939598
4860-IJUDE,13,Month-to-month,73.75,0.3552,Medium,1,26.2,1960.85,696.52,2026-10-06 16:33:57.939598
9688-YGXVR,44,Month-to-month,88.15,0.2328,Low,1,20.52,2343.71,545.63,2026-10-06 16:33:57.939598
0423-UDIJQ,9,Month-to-month,49.2,0.2328,Low,1,11.45,1308.12,304.54,2026-10-06 16:33:57.939598
1945-XISKS,67,Two year,19.65,0.0163,Low,0,0.32,522.45,8.54,2026-10-06 16:33:57.939598
5360-LJCNJ,71,Two year,105.15,0.1364,Low,1,14.35,2795.7,381.46,2026-10-06 16:33:57.939598
2607-FBDFF,1,Month-to-month,49.0,0.314,Medium,1,15.39,1302.8,409.14,2026-10-06 16:33:57.939598
1100-DDVRV,17,Month-to-month,49.8,0.3552,Medium,1,17.69,1324.07,470.33,2026-10-06 16:33:57.939598
6728-WYQBC,1,Month-to-month,20.95,0.314,Medium,1,6.58,557.01,174.93,2026-10-06 16:33:57.939598
9029-FEGVJ,32,Month-to-month,79.3,0.3552,Medium,1,28.17,2108.41,748.93,2026-10-06 16:33:57.939598
7216-KAOID,41,One year,19.5,0.0195,Low,0,0.38,518.46,10.12,2026-10-06 16:33:57.939598
6145-NNPNO,1,Month-to-month,44.15,0.3789,Medium,1,16.73,1173.85,444.78,2026-10-06 16:33:57.939598
5339-TJFEK,62,Month-to-month,105.5,0.2564,Low,1,27.05,2805.01,719.23,2026-10-06 16:33:57.939598
2074-GUHPQ,17,Month-to-month,92.7,0.314,Medium,1,29.11,2464.68,774.03,2026-10-06 16:33:57.939598
4625-XMOYM,72,Two year,26.25,0.0085,Low,0,0.22,697.93,5.94,2026-10-06 16:33:57.939598
5827-MWCZK,56,Month-to-month,96.95,0.2328,Low,1,22.57,2577.68,600.1,2026-10-06 16:33:57.939598
1385-TQOZW,9,Month-to-month,20.45,0.1348,Low,1,2.76,543.72,73.31,2026-10-06 16:33:57.939598
5914-XRFQB,72,Two year,115.8,0.0195,Low,0,2.26,3078.86,60.08,2026-10-06 16:33:57.939598
4329-YPDDQ,20,Month-to-month,108.2,0.3552,Medium,1,38.43,2876.79,1021.87,2026-10-06 16:33:57.939598
4804-NCPET,19,Two year,20.2,0.0195,Low,0,0.39,537.07,10.48,2026-10-06 16:33:57.939598
5944-UGLLK,53,One year,54.9,0.1348,Low,1,7.4,1459.67,196.81,2026-10-06 16:33:57.939598
7787-BNTZM,6,Month-to-month,20.15,0.1348,Low,1,2.72,535.74,72.24,2026-10-06 16:33:57.939598
2252-ISRNH,9,One year,90.35,0.3552,Medium,1,32.09,2402.2,853.29,2026-10-06 16:33:57.939598
9415-TPKRV,8,Month-to-month,55.75,0.2564,Low,1,14.29,1482.27,380.07,2026-10-06 16:33:57.939598
5322-TEUJK,71,Two year,114.6,0.0195,Low,0,2.24,3046.96,59.45,2026-10-06 16:33:57.939598
1866-DIOQZ,71,One year,66.8,0.0195,Low,0,1.3,1776.06,34.65,2026-10-06 16:33:57.939598
8375-KVTHK,68,One year,100.3,0.1364,Low,1,13.69,2666.75,363.87,2026-10-06 16:33:57.939598
2697-NQBPF,34,Month-to-month,105.35,0.3789,Medium,1,39.92,2801.02,1061.32,2026-10-06 16:33:57.939598
3709-OIJEA,26,One year,85.2,0.1364,Low,1,11.63,2265.28,309.09,2026-10-06 16:33:57.939598
1386-ZIKUV,7,Month-to-month,18.95,0.1348,Low,1,2.56,503.84,67.93,2026-10-06 16:33:57.939598
0599-XNYDO,20,Month-to-month,69.8,0.314,Medium,1,21.92,1855.82,582.82,2026-10-06 16:33:57.939598
6377-WHAOX,60,Month-to-month,106.15,0.5566,Medium,1,59.08,2822.29,1570.9,2026-10-06 16:33:57.939598
6855-VLGOS,72,Two year,20.55,0.0085,Low,0,0.17,546.38,4.65,2026-10-06 16:33:57.939598
8999-XXGNS,72,One year,105.75,0.1364,Low,1,14.43,2811.65,383.64,2026-10-06 16:33:57.939598
8746-OQQRW,4,Month-to-month,25.25,0.1364,Low,1,3.45,671.34,91.6,2026-10-06 16:33:57.939598
3181-MIZBN,16,Month-to-month,19.75,0.2328,Low,1,4.6,525.11,122.25,2026-10-06 16:33:57.939598
0471-ARVMX,62,One year,104.85,0.2013,Low,1,21.11,2787.72,561.17,2026-10-06 16:33:57.939598
7766-CLTIC,10,Month-to-month,60.95,0.1364,Low,1,8.32,1620.52,221.11,2026-10-06 16:33:57.939598
5650-YLIBA,31,Month-to-month,81.15,0.5923,Medium,1,48.06,2157.6,1277.89,2026-10-06 16:33:57.939598
0825-CPPQH,71,Two year,19.1,0.0085,Low,0,0.16,507.83,4.32,2026-10-06 16:33:57.939598
9084-OAYKL,58,Two year,20.8,0.0163,Low,0,0.34,553.03,9.04,2026-10-06 16:33:57.939598
6122-LJADA,70,Two year,90.15,0.0195,Low,0,1.76,2396.88,46.77,2026-10-06 16:33:57.939598
2400-XIWIO,71,Two year,90.1,0.0195,Low,0,1.76,2395.56,46.74,2026-10-06 16:33:57.939598
7524-VRLPL,69,Two year,74.1,0.0486,Low,0,3.6,1970.15,95.68,2026-10-06 16:33:57.939598
7569-NMZYQ,72,Two year,118.75,0.0195,Low,0,2.32,3157.29,61.61,2026-10-06 16:33:57.939598
5201-USSQZ,26,Month-to-month,85.9,0.2564,Low,1,22.03,2283.89,585.61,2026-10-06 16:33:57.939598
2105-PHWON,33,Month-to-month,95.0,0.2564,Low,1,24.36,2525.84,647.65,2026-10-06 16:33:57.939598
1494-EJZDW,10,Two year,20.15,0.0195,Low,0,0.39,535.74,10.45,2026-10-06 16:33:57.939598
4884-TVUQF,57,Two year,101.3,0.1364,Low,1,13.82,2693.34,367.49,2026-10-06 16:33:57.939598
8003-EWNDZ,10,Month-to-month,21.2,0.1364,Low,1,2.89,563.66,76.91,2026-10-06 16:33:57.939598
1897-RCFUM,39,One year,24.2,0.0195,Low,0,0.47,643.42,12.55,2026-10-06 16:33:57.939598
9256-JTBNZ,11,Month-to-month,20.3,0.0877,Low,1,1.78,539.73,47.34,2026-10-06 16:33:57.939598
2211-RMNHO,68,Two year,85.3,0.0195,Low,0,1.66,2267.93,44.25,2026-10-06 16:33:57.939598
2432-TFSMK,18,One year,89.6,0.2564,Low,1,22.97,2382.26,610.84,2026-10-06 16:33:57.939598
4929-ROART,18,Month-to-month,56.25,0.1348,Low,1,7.58,1495.56,201.65,2026-10-06 16:33:57.939598
1834-ABKHQ,52,One year,50.95,0.0877,Low,1,4.47,1354.65,118.83,2026-10-06 16:33:57.939598
1741-WTPON,56,Two year,115.85,0.0486,Low,0,5.63,3080.19,149.59,2026-10-06 16:33:57.939598
3932-IJWDZ,45,Month-to-month,103.65,0.3789,Medium,1,39.27,2755.82,1044.2,2026-10-06 16:33:57.939598
1240-HCBOH,67,Two year,26.1,0.0085,Low,0,0.22,693.94,5.91,2026-10-06 16:33:57.939598
3594-KADLU,3,Month-to-month,35.1,0.314,Medium,1,11.02,933.23,293.08,2026-10-06 16:33:57.939598
8065-BVEPF,65,Month-to-month,99.1,0.314,Medium,1,31.12,2634.85,827.47,2026-10-06 16:33:57.939598
3796-ENZGF,63,Two year,67.25,0.0195,Low,0,1.31,1788.03,34.89,2026-10-06 16:33:57.939598
1734-ZMNTZ,11,Two year,25.0,0.0195,Low,0,0.49,664.69,12.97,2026-10-06 16:33:57.939598
2853-CWQFQ,1,Month-to-month,59.55,0.464,Medium,1,27.63,1583.3,734.65,2026-10-06 16:33:57.939598
0813-TAXXS,55,Two year,77.8,0.0486,Low,0,3.78,2068.53,100.46,2026-10-06 16:33:57.939598
2519-TWKFS,25,One year,55.1,0.1348,Low,1,7.43,1464.98,197.53,2026-10-06 16:33:57.939598
0626-QXNGV,72,Two year,24.15,0.0,Low,0,0.0,642.09,0.0,2026-10-06 16:33:57.939598
6723-CEGQI,65,Two year,45.25,0.0195,Low,0,0.88,1203.1,23.48,2026-10-06 16:33:57.939598
4732-RRJZC,7,Month-to-month,20.25,0.0877,Low,1,1.78,538.4,47.23,2026-10-06 16:33:57.939598
9499-XPZXM,72,Two year,64.75,0.0085,Low,0,0.55,1721.56,14.65,2026-10-06 16:33:57.939598
4338-EYCER,21,Month-to-month,54.6,0.2564,Low,1,14.0,1451.69,372.23,2026-10-06 16:33:57.939598
3007-FDPEA,2,Month-to-month,20.7,0.1364,Low,1,2.82,550.37,75.09,2026-10-06 16:33:57.939598
6350-XFYGW,4,Month-to-month,94.75,0.6491,High,1,61.5,2519.19,1635.26,2026-10-06 16:33:57.939598
8513-OLYGY,72,Two year,115.8,0.0195,Low,0,2.26,3078.86,60.08,2026-10-06 16:33:57.939598
0311-QYWSS,6,Month-to-month,49.45,0.2328,Low,1,11.51,1314.76,306.08,2026-10-06 16:33:57.939598
8705-DWKTI,52,Month-to-month,83.8,0.314,Medium,1,26.32,2228.05,699.72,2026-10-06 16:33:57.939598
8755-IWJHN,69,Month-to-month,95.35,0.2328,Low,1,22.2,2535.14,590.19,2026-10-06 16:33:57.939598
4480-QQRHC,8,Month-to-month,74.05,0.6154,High,1,45.57,1968.82,1211.58,2026-10-06 16:33:57.939598
0929-PECLO,63,Month-to-month,89.6,0.1364,Low,1,12.23,2382.26,325.05,2026-10-06 16:33:57.939598
3680-CTHUH,60,One year,116.6,0.1364,Low,1,15.91,3100.13,423.0,2026-10-06 16:33:57.939598
1202-KKGFU,12,Month-to-month,54.2,0.1364,Low,1,7.4,1441.06,196.63,2026-10-06 16:33:57.939598
6112-KTHFQ,13,Month-to-month,19.3,0.0486,Low,0,0.94,513.14,24.92,2026-10-06 16:33:57.939598
1852-XEMDW,22,Month-to-month,65.05,0.1364,Low,1,8.88,1729.53,235.99,2026-10-06 16:33:57.939598
1820-DJFPH,72,Two year,24.05,0.0,Low,0,0.0,639.44,0.0,2026-10-06 16:33:57.939598
9426-SXNHE,2,Month-to-month,18.75,0.0877,Low,1,1.64,498.52,43.73,2026-10-06 16:33:57.939598
9068-FHQHD,40,Two year,20.15,0.0163,Low,0,0.33,535.74,8.75,2026-10-06 16:33:57.939598
1269-FOYWN,44,One year,20.0,0.0195,Low,0,0.39,531.75,10.38,2026-10-06 16:33:57.939598
9470-YFUYI,71,One year,71.0,0.0195,Low,0,1.39,1887.73,36.83,2026-10-06 16:33:57.939598
7402-EYFXX,26,Month-to-month,93.6,0.6,High,1,56.16,2488.61,1493.17,2026-10-06 16:33:57.939598
9895-VFOXH,1,Month-to-month,24.4,0.5923,Medium,1,14.45,648.74,384.23,2026-10-06 16:33:57.939598
1230-QAJDW,3,Month-to-month,65.25,0.3789,Medium,1,24.72,1734.85,657.35,2026-10-06 16:33:57.939598
5701-ZIKJE,13,Month-to-month,50.55,0.2328,Low,1,11.77,1344.01,312.89,2026-10-06 16:33:57.939598
5032-MIYKT,1,Month-to-month,70.7,0.6967,High,1,49.26,1879.75,1309.66,2026-10-06 16:33:57.939598
7396-VJUZB,4,Month-to-month,45.25,0.3552,Medium,1,16.07,1203.1,427.35,2026-10-06 16:33:57.939598
9717-QEBGU,2,Month-to-month,70.3,0.5923,Medium,1,41.64,1869.12,1107.03,2026-10-06 16:33:57.939598
5172-RKOCB,72,Two year,108.95,0.0195,Low,0,2.13,2896.73,56.52,2026-10-06 16:33:57.939598
6509-TSGWN,37,Month-to-month,26.45,0.0877,Low,1,2.32,703.25,61.69,2026-10-06 16:33:57.939598
3178-CIFOT,23,One year,19.65,0.0195,Low,0,0.38,522.45,10.19,2026-10-06 16:33:57.939598
4530-NDRKU,42,One year,19.05,0.0195,Low,0,0.37,506.5,9.88,2026-10-06 16:33:57.939598
5985-TBABQ,32,One year,74.75,0.0486,Low,0,3.63,1987.43,96.52,2026-10-06 16:33:57.939598
9800-ONTFE,22,Month-to-month,75.8,0.3552,Medium,1,26.93,2015.35,715.88,2026-10-06 16:33:57.939598
6743-HHQPF,42,Month-to-month,25.1,0.2013,Low,1,5.05,667.35,134.34,2026-10-06 16:33:57.939598
8455-HIRAQ,8,Month-to-month,44.45,0.1364,Low,1,6.06,1181.83,161.25,2026-10-06 16:33:57.939598
6616-AALSR,65,Two year,104.3,0.1348,Low,1,14.06,2773.1,373.9,2026-10-06 16:33:57.939598
9415-ZNBSX,70,Two year,89.0,0.0163,Low,0,1.45,2366.31,38.67,2026-10-06 16:33:57.939598
4018-KJYUY,22,Month-to-month,20.15,0.0486,Low,0,0.98,535.74,26.02,2026-10-06 16:33:57.939598
3884-UEBXB,67,Two year,36.15,0.0195,Low,0,0.71,961.15,18.75,2026-10-06 16:33:57.939598
8780-RSYYU,25,Month-to-month,19.2,0.0486,Low,0,0.93,510.48,24.79,2026-10-06 16:33:57.939598
5537-UXXVS,20,Month-to-month,19.25,0.0486,Low,0,0.93,511.81,24.86,2026-10-06 16:33:57.939598
1791-PQHBB,2,Month-to-month,61.2,0.3552,Medium,1,21.74,1627.17,577.99,2026-10-06 16:33:57.939598
8701-DGLVH,51,Two year,20.45,0.0163,Low,0,0.33,543.72,8.88,2026-10-06 16:33:57.939598
8741-LQOBK,46,Month-to-month,35.05,0.1364,Low,1,4.78,931.9,127.15,2026-10-06 16:33:57.939598
8082-GHXOP,13,Month-to-month,44.0,0.2013,Low,1,8.86,1169.86,235.49,2026-10-06 16:33:57.939598
0980-FEXWF,26,One year,50.35,0.0877,Low,1,4.42,1338.69,117.43,2026-10-06 16:33:57.939598
3011-WQKSZ,19,Month-to-month,20.0,0.1364,Low,1,2.73,531.75,72.56,2026-10-06 16:33:57.939598
8218-FFJDS,72,Two year,86.4,0.0163,Low,0,1.41,2297.18,37.54,2026-10-06 16:33:57.939598
1986-PHGZF,18,Month-to-month,58.4,0.2328,Low,1,13.6,1552.72,361.48,2026-10-06 16:33:57.939598
9360-OMDZZ,24,Month-to-month,94.1,0.6392,High,1,60.15,2501.91,1599.16,2026-10-06 16:33:57.939598
0345-XMMUG,46,Two year,108.9,0.2013,Low,1,21.92,2895.41,582.84,2026-10-06 16:33:57.939598
8024-XNAFQ,72,Two year,107.4,0.0195,Low,0,2.1,2855.52,55.72,2026-10-06 16:33:57.939598
2988-GBIVW,70,Month-to-month,90.85,0.2564,Low,1,23.29,2415.5,619.36,2026-10-06 16:33:57.939598
2832-SCUCO,2,Month-to-month,19.9,0.1364,Low,1,2.72,529.1,72.19,2026-10-06 16:33:57.939598
7036-ZZKBD,31,Month-to-month,66.4,0.1364,Low,1,9.06,1765.43,240.88,2026-10-06 16:33:57.939598
0265-PSUAE,16,Month-to-month,100.7,0.314,Medium,1,31.62,2677.39,840.83,2026-10-06 16:33:57.939598
0463-TXOAK,52,Two year,25.6,0.0163,Low,0,0.42,680.65,11.12,2026-10-06 16:33:57.939598
0594-UFTUL,13,Month-to-month,19.85,0.0877,Low,1,1.74,527.77,46.3,2026-10-06 16:33:57.939598
9509-MPYOD,35,One year,20.75,0.0195,Low,0,0.4,551.7,10.76,2026-10-06 16:33:57.939598
9128-CPXKI,59,Two year,95.8,0.1364,Low,1,13.07,2547.11,347.54,2026-10-06 16:33:57.939598
0129-KPTWJ,72,Month-to-month,94.65,0.2328,Low,1,22.03,2516.53,585.86,2026-10-06 16:33:57.939598
5855-EIBDE,49,Two year,106.65,0.1348,Low,1,14.38,2835.58,382.33,2026-10-06 16:33:57.939598
5365-LLFYV,2,Month-to-month,45.85,0.5103,Medium,1,23.4,1219.05,622.13,2026-10-06 16:33:57.939598
5956-YHHRX,21,Month-to-month,104.35,0.6491,High,1,67.74,2774.43,1800.95,2026-10-06 16:33:57.939598
6008-NAIXK,54,One year,55.45,0.314,Medium,1,17.41,1474.29,463.0,2026-10-06 16:33:57.939598
1928-BXYIV,1,Month-to-month,61.15,0.464,Medium,1,28.37,1625.84,754.39,2026-10-06 16:33:57.939598
5760-FXFVO,6,Month-to-month,78.95,0.5103,Medium,1,40.29,2099.1,1071.27,2026-10-06 16:33:57.939598
0961-ZWLVI,49,One year,109.2,0.2013,Low,1,21.98,2903.38,584.45,2026-10-06 16:33:57.939598
5181-OABFK,56,Two year,61.3,0.0195,Low,0,1.2,1629.83,31.8,2026-10-06 16:33:57.939598
4007-NHVHI,56,Month-to-month,96.85,0.2564,Low,1,24.83,2575.02,660.26,2026-10-06 16:33:57.939598
7816-VGHTO,6,Two year,40.55,0.0195,Low,0,0.79,1078.13,21.04,2026-10-06 16:33:57.939598
5871-DGTXZ,32,One year,19.8,0.0195,Low,0,0.39,526.44,10.27,2026-10-06 16:33:57.939598
7550-WIQVA,50,One year,108.25,0.2328,Low,1,25.2,2878.12,670.04,2026-10-06 16:33:57.939598
7544-ZVIKX,58,One year,105.05,0.314,Medium,1,32.99,2793.04,877.15,2026-10-06 16:33:57.939598
0016-QLJIS,65,Two year,90.45,0.0085,Low,0,0.77,2404.86,20.47,2026-10-06 16:33:57.939598
7508-DQAKK,64,Two year,86.4,0.0195,Low,0,1.69,2297.18,44.82,2026-10-06 16:33:57.939598
5176-OLSKT,66,Two year,66.9,0.0195,Low,0,1.31,1778.72,34.71,2026-10-06 16:33:57.939598
9356-AXGMP,38,One year,110.7,0.314,Medium,1,34.77,2943.26,924.33,2026-10-06 16:33:57.939598
3556-BVQGL,20,One year,20.0,0.0195,Low,0,0.39,531.75,10.38,2026-10-06 16:33:57.939598
8979-CAMGB,64,One year,102.1,0.2013,Low,1,20.55,2714.61,546.45,2026-10-06 16:33:57.939598
7581-EBBOU,60,One year,70.15,0.0486,Low,0,3.41,1865.13,90.58,2026-10-06 16:33:57.939598
5073-RZGBK,50,One year,80.05,0.0486,Low,0,3.89,2128.35,103.36,2026-10-06 16:33:57.939598
2192-CKRLV,72,Two year,49.2,0.0486,Low,0,2.39,1308.12,63.53,2026-10-06 16:33:57.939598
3154-HMWUU,60,Two year,20.5,0.0163,Low,0,0.33,545.05,8.91,2026-10-06 16:33:57.939598
6119-SPUDB,46,Two year,38.25,0.0163,Low,0,0.63,1016.98,16.62,2026-10-06 16:33:57.939598
6522-OIQSX,69,Two year,54.95,0.0486,Low,0,2.67,1461.0,70.95,2026-10-06 16:33:57.939598
7813-ZGGAW,31,Month-to-month,96.6,0.3552,Medium,1,34.31,2568.38,912.32,2026-10-06 16:33:57.939598
8748-HFWBO,19,One year,19.9,0.0195,Low,0,0.39,529.1,10.32,2026-10-06 16:33:57.939598
1052-QJIBV,71,Two year,19.9,0.0085,Low,0,0.17,529.1,4.5,2026-10-06 16:33:57.939598
1319-YLZJG,12,Month-to-month,84.6,0.3789,Medium,1,32.06,2249.32,852.28,2026-10-06 16:33:57.939598
0723-FDLAY,44,One year,85.25,0.1364,Low,1,11.63,2266.61,309.27,2026-10-06 16:33:57.939598
3050-RLLXC,56,Two year,81.25,0.0163,Low,0,1.33,2160.25,35.3,2026-10-06 16:33:57.939598
9298-WGMRW,72,Two year,115.5,0.0195,Low,0,2.25,3070.88,59.92,2026-10-06 16:33:57.939598
3088-LHEFH,11,Month-to-month,79.0,0.3552,Medium,1,28.06,2100.43,746.1,2026-10-06 16:33:57.939598
6583-KQJLK,15,Month-to-month,94.65,0.5923,Medium,1,56.06,2516.53,1490.48,2026-10-06 16:33:57.939598
8544-JNBOX,72,Two year,20.8,0.0085,Low,0,0.18,553.03,4.71,2026-10-06 16:33:57.939598
6681-ZSEXG,56,Two year,59.5,0.0486,Low,0,2.89,1581.97,76.83,2026-10-06 16:33:57.939598
6139-ZZRBQ,64,Two year,20.05,0.0195,Low,0,0.39,533.08,10.4,2026-10-06 16:33:57.939598
6116-RFVHN,34,Month-to-month,100.45,0.5923,Medium,1,59.49,2670.74,1581.81,2026-10-06 16:33:57.939598
8884-FEEWR,35,One year,20.6,0.0163,Low,0,0.34,547.71,8.95,2026-10-06 16:33:57.939598
3125-RAHBV,22,One year,20.3,0.0195,Low,0,0.4,539.73,10.53,2026-10-06 16:33:57.939598
0373-AIVNJ,9,One year,39.55,0.0877,Low,1,3.47,1051.55,92.24,2026-10-06 16:33:57.939598
1682-VCOIO,23,One year,20.45,0.0163,Low,0,0.33,543.72,8.88,2026-10-06 16:33:57.939598
2072-ZVJJX,68,Two year,25.25,0.0163,Low,0,0.41,671.34,10.97,2026-10-06 16:33:57.939598
8849-AYPTR,33,Month-to-month,91.25,0.3552,Medium,1,32.41,2426.13,861.79,2026-10-06 16:33:57.939598
9518-IMLHK,31,Month-to-month,72.45,0.0877,Low,1,6.36,1926.28,168.97,2026-10-06 16:33:57.939598
3646-ITDGM,56,Two year,19.7,0.0195,Low,0,0.38,523.78,10.22,2026-10-06 16:33:57.939598
3569-VLDHH,66,One year,75.1,0.0877,Low,1,6.59,1996.74,175.15,2026-10-06 16:33:57.939598
8224-KDLKN,72,Two year,25.0,0.0085,Low,0,0.21,664.69,5.66,2026-10-06 16:33:57.939598
7594-LZNWR,34,Month-to-month,69.15,0.2564,Low,1,17.73,1838.54,471.42,2026-10-06 16:33:57.939598
4001-TSBTV,58,Month-to-month,91.55,0.2564,Low,1,23.47,2434.11,624.13,2026-10-06 16:33:57.939598
8727-XDPUD,37,Two year,35.8,0.0486,Low,0,1.74,951.84,46.23,2026-10-06 16:33:57.939598
1043-UXOVO,71,Two year,113.15,0.0486,Low,0,5.5,3008.4,146.1,2026-10-06 16:33:57.939598
1064-FBXNK,1,One year,19.85,0.0877,Low,1,1.74,527.77,46.3,2026-10-06 16:33:57.939598
3996-ZNWYK,71,Two year,19.8,0.0085,Low,0,0.17,526.44,4.48,2026-10-06 16:33:57.939598
2878-DHMIN,35,One year,19.9,0.0195,Low,0,0.39,529.1,10.32,2026-10-06 16:33:57.939598
7762-ONLJY,6,One year,19.7,0.0486,Low,0,0.96,523.78,25.44,2026-10-06 16:33:57.939598
5795-BKOYE,69,One year,59.1,0.0195,Low,0,1.15,1571.34,30.66,2026-10-06 16:33:57.939598
7402-PWYJJ,53,One year,91.15,0.1364,Low,1,12.44,2423.47,330.67,2026-10-06 16:33:57.939598
0018-NYROU,5,Month-to-month,68.95,0.5923,Medium,1,40.84,1833.22,1085.77,2026-10-06 16:33:57.939598
7501-VTYLJ,2,Month-to-month,51.55,0.3552,Medium,1,18.31,1370.6,486.85,2026-10-06 16:33:57.939598
7608-RGIRO,62,Two year,24.4,0.0163,Low,0,0.4,648.74,10.6,2026-10-06 16:33:57.939598
0480-BIXDE,19,Month-to-month,96.8,0.5566,Medium,1,53.88,2573.69,1432.53,2026-10-06 16:33:57.939598
5895-QSXOD,9,Month-to-month,70.05,0.2564,Low,1,17.96,1862.47,477.56,2026-10-06 16:33:57.939598
9814-AOUDH,53,Two year,19.5,0.0163,Low,0,0.32,518.46,8.47,2026-10-06 16:33:57.939598
6175-IRFIT,5,Month-to-month,78.75,0.5923,Medium,1,46.64,2093.78,1240.1,2026-10-06 16:33:57.939598
8760-ZRHKE,71,One year,69.2,0.0486,Low,0,3.36,1839.87,89.35,2026-10-06 16:33:57.939598
1622-HSHSF,1,Month-to-month,19.55,0.3789,Medium,1,7.41,519.79,196.95,2026-10-06 16:33:57.939598
6749-UTDVX,72,Two year,103.65,0.1364,Low,1,14.14,2755.82,376.02,2026-10-06 16:33:57.939598
5542-DHSXL,4,Month-to-month,54.7,0.2328,Low,1,12.73,1454.35,338.58,2026-10-06 16:33:57.939598
9102-OXKFY,59,Two year,54.15,0.0195,Low,0,1.06,1439.73,28.09,2026-10-06 16:33:57.939598
5216-WASFJ,31,Month-to-month,84.85,0.6395,High,1,54.26,2255.97,1442.77,2026-10-06 16:33:57.939598
7808-DVWEP,3,Month-to-month,20.0,0.1364,Low,1,2.73,531.75,72.56,2026-10-06 16:33:57.939598
2284-VFLKH,49,One year,99.25,0.2328,Low,1,23.11,2638.83,614.33,2026-10-06 16:33:57.939598
0366-NQSHS,2,Month-to-month,19.35,0.1348,Low,1,2.61,514.47,69.37,2026-10-06 16:33:57.939598
3807-BPOMJ,55,One year,94.75,0.1364,Low,1,12.93,2519.19,343.73,2026-10-06 16:33:57.939598
3892-NXAZG,72,Two year,114.05,0.0163,Low,0,1.86,3032.33,49.55,2026-10-06 16:33:57.939598
4948-WBBKL,36,Month-to-month,74.9,0.3789,Medium,1,28.38,1991.42,754.56,2026-10-06 16:33:57.939598
4182-BGSIQ,10,Month-to-month,19.8,0.1364,Low,1,2.7,526.44,71.83,2026-10-06 16:33:57.939598
0988-AADSA,72,Two year,80.85,0.0163,Low,0,1.32,2149.62,35.12,2026-10-06 16:33:57.939598
9972-NKTFD,28,Month-to-month,54.65,0.1348,Low,1,7.37,1453.02,195.91,2026-10-06 16:33:57.939598
3717-LNXKW,38,Month-to-month,91.7,0.2564,Low,1,23.51,2438.1,625.15,2026-10-06 16:33:57.939598
5734-EJKXG,61,One year,118.6,0.1364,Low,1,16.18,3153.31,430.25,2026-10-06 16:33:57.939598
2207-RYYRL,52,Two year,24.55,0.0085,Low,0,0.21,652.73,5.56,2026-10-06 16:33:57.939598
6729-FZWSY,67,One year,19.45,0.0486,Low,0,0.94,517.13,25.11,2026-10-06 16:33:57.939598
9695-IDRZR,34,Two year,116.15,0.0486,Low,0,5.64,3088.17,149.98,2026-10-06 16:33:57.939598
8144-DGHXP,54,Two year,80.6,0.0195,Low,0,1.57,2142.97,41.81,2026-10-06 16:33:57.939598
7814-LEEVE,1,Month-to-month,20.3,0.3789,Medium,1,7.69,539.73,204.51,2026-10-06 16:33:57.939598
8631-WUXGY,46,Month-to-month,99.8,0.3552,Medium,1,35.45,2653.46,942.54,2026-10-06 16:33:57.939598
5906-DVAPM,55,One year,75.0,0.0195,Low,0,1.46,1994.08,38.91,2026-10-06 16:33:57.939598
6654-QGBZZ,1,Month-to-month,19.9,0.3789,Medium,1,7.54,529.1,200.48,2026-10-06 16:33:57.939598
8348-JLBUG,64,One year,80.3,0.0486,Low,0,3.9,2135.0,103.69,2026-10-06 16:33:57.939598
5641-DMBFJ,58,Two year,84.3,0.0195,Low,0,1.64,2241.35,43.73,2026-10-06 16:33:57.939598
9200-NLNPD,56,One year,54.05,0.0877,Low,1,4.74,1437.07,126.06,2026-10-06 16:33:57.939598
2664-XJZNO,72,Two year,104.9,0.0195,Low,0,2.05,2789.05,54.42,2026-10-06 16:33:57.939598
3339-EAQNV,72,One year,97.25,0.1364,Low,1,13.27,2585.66,352.8,2026-10-06 16:33:57.939598
0921-OHLVP,22,Month-to-month,83.05,0.464,Medium,1,38.54,2208.11,1024.56,2026-10-06 16:33:57.939598
8350-NYMVI,39,Month-to-month,41.1,0.1364,Low,1,5.61,1092.76,149.1,2026-10-06 16:33:57.939598
1600-DILPE,12,Month-to-month,45.0,0.2564,Low,1,11.54,1196.45,306.78,2026-10-06 16:33:57.939598
0536-ESJEP,54,Two year,74.55,0.0195,Low,0,1.45,1982.12,38.68,2026-10-06 16:33:57.939598
4654-GGUII,18,One year,40.2,0.0877,Low,1,3.53,1068.83,93.76,2026-10-06 16:33:57.939598
6478-HRRCZ,32,One year,70.5,0.0486,Low,0,3.42,1874.44,91.03,2026-10-06 16:33:57.939598
8510-BBWMU,41,One year,19.75,0.0195,Low,0,0.39,525.11,10.25,2026-10-06 16:33:57.939598
6857-TKDJV,67,Two year,24.65,0.0163,Low,0,0.4,655.39,10.71,2026-10-06 16:33:57.939598
2360-RDGRO,65,Month-to-month,104.25,0.3789,Medium,1,39.5,2771.77,1050.24,2026-10-06 16:33:57.939598
0584-BJQGZ,25,Month-to-month,78.35,0.1364,Low,1,10.69,2083.15,284.24,2026-10-06 16:33:57.939598
1360-XFJMR,67,One year,109.7,0.2328,Low,1,25.54,2916.68,679.01,2026-10-06 16:33:57.939598
5730-RIITO,43,Month-to-month,33.45,0.1364,Low,1,4.56,889.36,121.35,2026-10-06 16:33:57.939598
9058-MJLZC,24,Month-to-month,94.6,0.5758,Medium,1,54.47,2515.2,1448.15,2026-10-06 16:33:57.939598
0902-XKXPN,69,Two year,20.2,0.0163,Low,0,0.33,537.07,8.78,2026-10-06 16:33:57.939598
5177-RVZNU,37,One year,20.3,0.0195,Low,0,0.4,539.73,10.53,2026-10-06 16:33:57.939598
0056-EPFBG,20,Two year,39.4,0.0195,Low,0,0.77,1047.56,20.44,2026-10-06 16:33:57.939598
8993-IZEUX,7,Month-to-month,69.15,0.464,Medium,1,32.09,1838.54,853.08,2026-10-06 16:33:57.939598
8190-ZTQFB,41,One year,51.35,0.2564,Low,1,13.17,1365.28,350.07,2026-10-06 16:33:57.939598
0931-MHTEM,54,One year,100.05,0.1632,Low,1,16.33,2660.1,434.1,2026-10-06 16:33:57.939598
7515-LODFU,69,Two year,20.3,0.0163,Low,0,0.33,539.73,8.82,2026-10-06 16:33:57.939598
0440-UEDAI,53,One year,94.45,0.1364,Low,1,12.89,2511.21,342.64,2026-10-06 16:33:57.939598
1337-BOZWO,18,One year,46.4,0.1364,Low,1,6.33,1233.67,168.33,2026-10-06 16:33:57.939598
0868-VJRDR,64,Two year,104.05,0.0486,Low,0,5.05,2766.45,134.35,2026-10-06 16:33:57.939598
6344-SFJVH,20,Month-to-month,24.9,0.2328,Low,1,5.8,662.03,154.12,2026-10-06 16:33:57.939598
3950-VPYJB,57,One year,59.6,0.0195,Low,0,1.16,1584.63,30.92,2026-10-06 16:33:57.939598
8041-TMEID,63,Two year,108.5,0.1348,Low,1,14.63,2884.77,388.96,2026-10-06 16:33:57.939598
7321-ZNSLA,13,Two year,40.55,0.0195,Low,0,0.79,1078.13,21.04,2026-10-06 16:33:57.939598
6941-KXRRV,48,One year,58.95,0.2013,Low,1,11.87,1567.35,315.5,2026-10-06 16:33:57.939598
8727-JQFHV,57,Two year,20.75,0.0195,Low,0,0.4,551.7,10.76,2026-10-06 16:33:57.939598
9475-NNDGC,71,One year,113.15,0.2328,Low,1,26.34,3008.4,700.37,2026-10-06 16:33:57.939598
1355-KUSBG,7,Month-to-month,48.8,0.3552,Medium,1,17.33,1297.48,460.88,2026-10-06 16:33:57.939598
3688-FTHLT,16,Month-to-month,63.05,0.3552,Medium,1,22.4,1676.36,595.46,2026-10-06 16:33:57.939598
0899-LIIBW,34,Month-to-month,100.85,0.464,Medium,1,46.79,2681.37,1244.16,2026-10-06 16:33:57.939598
1384-RCUXW,16,Month-to-month,80.55,0.3552,Medium,1,28.61,2141.64,760.74,2026-10-06 16:33:57.939598
5825-XJOCM,48,One year,64.4,0.0486,Low,0,3.13,1712.25,83.16,2026-10-06 16:33:57.939598
6848-YLDFR,58,One year,75.2,0.0877,Low,1,6.6,1999.4,175.39,2026-10-06 16:33:57.939598
8125-QPFJD,72,Two year,84.9,0.0163,Low,0,1.39,2257.3,36.88,2026-10-06 16:33:57.939598
2320-YKQBO,7,Month-to-month,19.3,0.0877,Low,1,1.69,513.14,45.01,2026-10-06 16:33:57.939598
4973-RLZVI,30,One year,74.65,0.0486,Low,0,3.63,1984.77,96.39,2026-10-06 16:33:57.939598
7869-ZYDST,31,Month-to-month,59.05,0.2013,Low,1,11.89,1570.01,316.04,2026-10-06 16:33:57.939598
4501-UYKBC,46,One year,69.1,0.0877,Low,1,6.06,1837.21,161.16,2026-10-06 16:33:57.939598
1215-EXRMO,50,Two year,20.55,0.0085,Low,0,0.17,546.38,4.65,2026-10-06 16:33:57.939598
2305-MRGLV,28,Month-to-month,76.55,0.2328,Low,1,17.82,2035.29,473.82,2026-10-06 16:33:57.939598
8404-VIOMB,66,Two year,62.5,0.0195,Low,0,1.22,1661.73,32.42,2026-10-06 16:33:57.939598
2359-KLTEK,41,Month-to-month,94.9,0.314,Medium,1,29.8,2523.18,792.4,2026-10-06 16:33:57.939598
5304-EFJLP,72,Two year,111.65,0.0486,Low,0,5.42,2968.52,144.17,2026-10-06 16:33:57.939598
2673-ZALNP,7,One year,19.9,0.0486,Low,0,0.97,529.1,25.7,2026-10-06 16:33:57.939598
9184-GALIL,38,Month-to-month,20.45,0.0195,Low,0,0.4,543.72,10.61,2026-10-06 16:33:57.939598
4393-RYCRE,44,One year,106.05,0.3552,Medium,1,37.67,2819.63,1001.57,2026-10-06 16:33:57.939598
9746-MDMBK,47,One year,113.45,0.1364,Low,1,15.48,3016.38,411.57,2026-10-06 16:33:57.939598
3162-ZJZFU,53,Month-to-month,92.55,0.1364,Low,1,12.63,2460.7,335.75,2026-10-06 16:33:57.939598
8404-GFGCZ,4,Month-to-month,65.6,0.3789,Medium,1,24.86,1744.16,660.87,2026-10-06 16:33:57.939598
8875-AKBYH,20,Month-to-month,84.35,0.5923,Medium,1,49.96,2242.68,1328.28,2026-10-06 16:33:57.939598
0533-UCAAU,57,One year,71.1,0.0877,Low,1,6.24,1890.39,165.82,2026-10-06 16:33:57.939598
1394-SUIUH,44,Month-to-month,85.15,0.2564,Low,1,21.83,2263.95,580.5,2026-10-06 16:33:57.939598
3521-MNKLV,24,Month-to-month,49.7,0.2328,Low,1,11.57,1321.41,307.63,2026-10-06 16:33:57.939598
2533-TIBIX,15,Month-to-month,30.2,0.2013,Low,1,6.08,802.95,161.63,2026-10-06 16:33:57.939598
5092-STPKP,24,Month-to-month,56.35,0.0877,Low,1,4.94,1498.22,131.42,2026-10-06 16:33:57.939598
0114-PEGZZ,33,Month-to-month,107.55,0.3552,Medium,1,38.2,2859.51,1015.73,2026-10-06 16:33:57.939598
3359-DSRKA,58,Two year,19.85,0.0195,Low,0,0.39,527.77,10.3,2026-10-06 16:33:57.939598
8639-NHQEI,72,Two year,95.9,0.0163,Low,0,1.57,2549.76,41.66,2026-10-06 16:33:57.939598
7161-DFHUF,71,Two year,23.85,0.0,Low,0,0.0,634.12,0.0,2026-10-06 16:33:57.939598
3720-DBRWL,51,Two year,83.85,0.0195,Low,0,1.64,2229.38,43.5,2026-10-06 16:33:57.939598
8565-WUXZU,72,Two year,84.8,0.0163,Low,0,1.39,2254.64,36.84,2026-10-06 16:33:57.939598
4994-OBRSZ,14,Two year,76.1,0.0195,Low,0,1.48,2023.33,39.48,2026-10-06 16:33:57.939598
0562-FGDCR,72,Two year,74.55,0.0085,Low,0,0.63,1982.12,16.87,2026-10-06 16:33:57.939598
2436-QBZFP,22,Month-to-month,39.2,0.3552,Medium,1,13.92,1042.24,370.22,2026-10-06 16:33:57.939598
3420-YJLQT,2,Month-to-month,79.55,0.5923,Medium,1,47.12,2115.05,1252.69,2026-10-06 16:33:57.939598
6040-CGACY,15,Month-to-month,19.6,0.0877,Low,1,1.72,521.12,45.71,2026-10-06 16:33:57.939598
6582-PLFUU,51,Two year,19.55,0.0163,Low,0,0.32,519.79,8.49,2026-10-06 16:33:57.939598
8242-PDSGJ,70,Two year,39.15,0.0195,Low,0,0.76,1040.91,20.31,2026-10-06 16:33:57.939598
0264-CNITK,71,Two year,20.1,0.0085,Low,0,0.17,534.41,4.55,2026-10-06 16:33:57.939598
0089-IIQKO,39,Month-to-month,99.95,0.3552,Medium,1,35.5,2657.44,943.96,2026-10-06 16:33:57.939598
7839-NUIAA,61,Month-to-month,59.8,0.0877,Low,1,5.25,1589.95,139.47,2026-10-06 16:33:57.939598
6075-QMNRR,52,Month-to-month,49.75,0.0877,Low,1,4.36,1322.74,116.03,2026-10-06 16:33:57.939598
5966-EMAZU,64,One year,108.5,0.2013,Low,1,21.84,2884.77,580.7,2026-10-06 16:33:57.939598
0440-EKDCF,62,Two year,60.15,0.0163,Low,0,0.98,1599.25,26.13,2026-10-06 16:33:57.939598
4774-HHGGS,30,Two year,19.05,0.0163,Low,0,0.31,506.5,8.28,2026-10-06 16:33:57.939598
2055-BFOCC,63,One year,84.0,0.0486,Low,0,4.08,2233.37,108.46,2026-10-06 16:33:57.939598
8180-AKMJV,1,Month-to-month,44.55,0.464,Medium,1,20.67,1184.48,549.6,2026-10-06 16:33:57.939598
4298-OYIFC,15,Month-to-month,103.45,0.6395,High,1,66.16,2750.5,1759.04,2026-10-06 16:33:57.939598
5566-SOEZD,27,One year,80.65,0.1364,Low,1,11.0,2144.3,292.58,2026-10-06 16:33:57.939598
9842-EFSYY,4,Month-to-month,57.2,0.3789,Medium,1,21.67,1520.82,576.25,2026-10-06 16:33:57.939598
2272-WUSPA,72,Two year,110.75,0.0195,Low,0,2.16,2944.59,57.46,2026-10-06 16:33:57.939598
4584-LBNMK,45,One year,24.7,0.0195,Low,0,0.48,656.72,12.81,2026-10-06 16:33:57.939598
3898-GUYTS,45,Month-to-month,97.05,0.314,Medium,1,30.48,2580.34,810.35,2026-10-06 16:33:57.939598
0930-EHUZA,36,One year,76.35,0.0486,Low,0,3.71,2029.97,98.59,2026-10-06 16:33:57.939598
9975-SKRNR,1,Month-to-month,18.9,0.2013,Low,1,3.8,502.51,101.15,2026-10-06 16:33:57.939598
3703-KBKZP,16,Month-to-month,74.45,0.464,Medium,1,34.54,1979.46,918.47,2026-10-06 16:33:57.939598
4973-MGTON,71,Two year,84.4,0.0195,Low,0,1.65,2244.01,43.79,2026-10-06 16:33:57.939598
3682-YEUWS,10,Month-to-month,24.4,0.1364,Low,1,3.33,648.74,88.52,2026-10-06 16:33:57.939598
1223-UNPKS,20,Two year,20.05,0.0195,Low,0,0.39,533.08,10.4,2026-10-06 16:33:57.939598
3446-QDSZF,4,Month-to-month,55.5,0.3552,Medium,1,19.71,1475.62,524.16,2026-10-06 16:33:57.939598
5117-IFGPS,29,Month-to-month,84.3,0.5923,Medium,1,49.93,2241.35,1327.49,2026-10-06 16:33:57.939598
7379-FNIUJ,2,Month-to-month,100.2,0.6392,High,1,64.05,2664.09,1702.82,2026-10-06 16:33:57.939598
1627-AFWVJ,29,Two year,19.4,0.0195,Low,0,0.38,515.8,10.06,2026-10-06 16:33:57.939598
4486-EFAEB,13,Month-to-month,20.4,0.1348,Low,1,2.75,542.39,73.13,2026-10-06 16:33:57.939598
0060-FUALY,59,Month-to-month,94.75,0.314,Medium,1,29.76,2519.19,791.15,2026-10-06 16:33:57.939598
6954-OOYZZ,18,Month-to-month,44.35,0.2564,Low,1,11.37,1179.17,302.35,2026-10-06 16:33:57.939598
7088-FBAWU,17,Month-to-month,74.55,0.0877,Low,1,6.54,1982.12,173.87,2026-10-06 16:33:57.939598
8313-AFGBW,47,Two year,73.6,0.0486,Low,0,3.57,1956.86,95.04,2026-10-06 16:33:57.939598
3097-IDVPU,19,Month-to-month,50.1,0.1364,Low,1,6.84,1332.05,181.75,2026-10-06 16:33:57.939598
2197-OMWGI,68,Two year,53.0,0.1364,Low,1,7.23,1409.15,192.27,2026-10-06 16:33:57.939598
2303-PJYHN,2,Month-to-month,19.85,0.1364,Low,1,2.71,527.77,72.01,2026-10-06 16:33:57.939598
9795-VOWON,7,One year,24.35,0.2328,Low,1,5.67,647.41,150.72,2026-10-06 16:33:57.939598
1237-WIYYZ,18,Month-to-month,19.55,0.1348,Low,1,2.64,519.79,70.08,2026-10-06 16:33:57.939598
1987-AUELQ,71,Two year,25.05,0.0085,Low,0,0.21,666.02,5.67,2026-10-06 16:33:57.939598
7852-LECYP,13,Month-to-month,93.8,0.3552,Medium,1,33.32,2493.93,885.87,2026-10-06 16:33:57.939598
4822-LPTYJ,72,Two year,103.75,0.0486,Low,0,5.04,2758.48,133.97,2026-10-06 16:33:57.939598
8165-CBKXO,66,Two year,56.75,0.0486,Low,0,2.76,1508.85,73.28,2026-10-06 16:33:57.939598
6527-PZFPV,24,One year,20.8,0.0195,Low,0,0.41,553.03,10.79,2026-10-06 16:33:57.939598
9593-CVZKR,56,Two year,24.45,0.0085,Low,0,0.21,650.07,5.53,2026-10-06 16:33:57.939598
8595-SIZNC,22,One year,25.6,0.0877,Low,1,2.25,680.65,59.71,2026-10-06 16:33:57.939598
5236-XMZJY,42,Month-to-month,59.65,0.1348,Low,1,8.04,1585.96,213.84,2026-10-06 16:33:57.939598
4827-DPADN,72,Two year,83.3,0.0085,Low,0,0.71,2214.76,18.85,2026-10-06 16:33:57.939598
2694-CIUMO,12,Month-to-month,79.55,0.464,Medium,1,36.91,2115.05,981.39,2026-10-06 16:33:57.939598
5846-ABOBJ,71,Two year,24.45,0.0085,Low,0,0.21,650.07,5.53,2026-10-06 16:33:57.939598
1439-LCGVL,26,One year,19.2,0.0195,Low,0,0.37,510.48,9.96,2026-10-06 16:33:57.939598
0909-SDHNU,7,Month-to-month,29.8,0.1364,Low,1,4.07,792.31,108.11,2026-10-06 16:33:57.939598
4647-XXZAM,6,Month-to-month,45.5,0.2013,Low,1,9.16,1209.74,243.52,2026-10-06 16:33:57.939598
7740-KKCXF,51,Month-to-month,30.05,0.1364,Low,1,4.1,798.96,109.01,2026-10-06 16:33:57.939598
5360-XGYAZ,72,Two year,65.65,0.0,Low,0,0.0,1745.49,0.0,2026-10-06 16:33:57.939598
3557-HTYWR,47,Two year,74.05,0.0195,Low,0,1.44,1968.82,38.42,2026-10-06 16:33:57.939598
8920-NAVAY,62,One year,110.75,0.2564,Low,1,28.4,2944.59,755.02,2026-10-06 16:33:57.939598
1699-TLDLZ,16,Two year,19.7,0.0195,Low,0,0.38,523.78,10.22,2026-10-06 16:33:57.939598
5600-PDUJF,6,Month-to-month,49.5,0.2013,Low,1,9.96,1316.09,264.93,2026-10-06 16:33:57.939598
0567-XRHCU,69,Two year,43.95,0.0486,Low,0,2.13,1168.53,56.75,2026-10-06 16:33:57.939598
2067-QYTCF,64,Month-to-month,111.15,0.2564,Low,1,28.5,2955.23,757.75,2026-10-06 16:33:57.939598
7407-SUJIZ,25,Month-to-month,20.6,0.0486,Low,0,1.0,547.71,26.6,2026-10-06 16:33:57.939598
9150-KPBJQ,6,Two year,19.65,0.0486,Low,0,0.95,522.45,25.37,2026-10-06 16:33:57.939598
0052-DCKON,66,One year,115.8,0.3552,Medium,1,41.13,3078.86,1093.65,2026-10-06 16:33:57.939598
3654-ARMGP,61,Two year,88.65,0.0195,Low,0,1.73,2357.0,45.99,2026-10-06 16:33:57.939598
9699-UBQFS,43,Month-to-month,94.5,0.3789,Medium,1,35.81,2512.54,952.02,2026-10-06 16:33:57.939598
9367-TCUYN,12,Month-to-month,20.1,0.0486,Low,0,0.98,534.41,25.95,2026-10-06 16:33:57.939598
1261-FWTTE,23,Month-to-month,34.65,0.3552,Medium,1,12.31,921.27,327.24,2026-10-06 16:33:57.939598
3528-HFRIQ,71,Month-to-month,52.3,0.2564,Low,1,13.41,1390.54,356.55,2026-10-06 16:33:57.939598
0708-SJDIS,34,Month-to-month,65.0,0.1348,Low,1,8.76,1728.2,233.02,2026-10-06 16:33:57.939598
2073-QBVBI,41,One year,35.45,0.0486,Low,0,1.72,942.54,45.77,2026-10-06 16:33:57.939598
6928-ONTRW,72,Two year,19.7,0.0,Low,0,0.0,523.78,0.0,2026-10-06 16:33:57.939598
3320-VEOYC,14,Month-to-month,95.6,0.6392,High,1,61.11,2541.79,1624.65,2026-10-06 16:33:57.939598
5231-FIQPA,41,Two year,19.85,0.0163,Low,0,0.32,527.77,8.62,2026-10-06 16:33:57.939598
6617-WLBQC,23,One year,81.85,0.0486,Low,0,3.98,2176.21,105.69,2026-10-06 16:33:57.939598
2599-CIPQE,71,Two year,109.3,0.0877,Low,1,9.59,2906.04,254.92,2026-10-06 16:33:57.939598
8774-GSBUN,72,Two year,25.4,0.0,Low,0,0.0,675.33,0.0,2026-10-06 16:33:57.939598
7326-RIGQZ,6,Month-to-month,69.8,0.6154,High,1,42.95,1855.82,1142.05,2026-10-06 16:33:57.939598
1401-FTHFQ,23,One year,20.0,0.0195,Low,0,0.39,531.75,10.38,2026-10-06 16:33:57.939598
0254-FNMCI,72,Two year,109.9,0.0486,Low,0,5.34,2921.99,141.91,2026-10-06 16:33:57.939598
1848-LBZHY,7,Month-to-month,50.3,0.2328,Low,1,11.71,1337.36,311.34,2026-10-06 16:33:57.939598
8118-TJAFG,9,Month-to-month,101.5,0.6154,High,1,62.46,2698.66,1660.71,2026-10-06 16:33:57.939598
5429-LWCMV,12,Month-to-month,89.15,0.6395,High,1,57.01,2370.3,1515.89,2026-10-06 16:33:57.939598
7298-IZWLY,1,Month-to-month,19.4,0.3789,Medium,1,7.35,515.8,195.44,2026-10-06 16:33:57.939598
9758-MFWGD,48,One year,29.9,0.1348,Low,1,4.03,794.97,107.19,2026-10-06 16:33:57.939598
3955-JBZZM,20,Month-to-month,78.8,0.3552,Medium,1,27.99,2095.11,744.21,2026-10-06 16:33:57.939598
4815-TUMEQ,10,One year,19.3,0.0486,Low,0,0.94,513.14,24.92,2026-10-06 16:33:57.939598
9909-IDLEK,20,Month-to-month,96.8,0.1364,Low,1,13.21,2573.69,351.17,2026-10-06 16:33:57.939598
4092-OFQZS,20,One year,20.65,0.0195,Low,0,0.4,549.04,10.71,2026-10-06 16:33:57.939598
1561-BWHIN,19,One year,19.8,0.0195,Low,0,0.39,526.44,10.27,2026-10-06 16:33:57.939598
9927-DSWDF,22,Month-to-month,104.6,0.5103,Medium,1,53.38,2781.08,1419.31,2026-10-06 16:33:57.939598
9500-LTVBP,35,Month-to-month,80.05,0.2564,Low,1,20.53,2128.35,545.73,2026-10-06 16:33:57.939598
7252-NTGSS,1,Month-to-month,45.15,0.5103,Medium,1,23.04,1200.44,612.64,2026-10-06 16:33:57.939598
8149-AIQCG,39,Month-to-month,73.15,0.3552,Medium,1,25.98,1944.89,690.85,2026-10-06 16:33:57.939598
1360-JYXKQ,54,One year,99.1,0.314,Medium,1,31.12,2634.85,827.47,2026-10-06 16:33:57.939598
0899-WZRSD,56,Month-to-month,105.35,0.2564,Low,1,27.01,2801.02,718.21,2026-10-06 16:33:57.939598
3255-GRXMG,18,Month-to-month,45.65,0.314,Medium,1,14.34,1213.73,381.17,2026-10-06 16:33:57.939598
4828-FAZPK,16,Month-to-month,79.95,0.3789,Medium,1,30.29,2125.69,805.44,2026-10-06 16:33:57.939598
6094-ZIVKX,68,One year,54.45,0.0195,Low,0,1.06,1447.7,28.25,2026-10-06 16:33:57.939598
6925-BAYGL,53,Two year,25.1,0.0195,Low,0,0.49,667.35,13.02,2026-10-06 16:33:57.939598
3262-EIDHV,72,Two year,84.7,0.0195,Low,0,1.65,2251.98,43.94,2026-10-06 16:33:57.939598
7354-OIJLX,9,Month-to-month,75.85,0.6395,High,1,48.51,2016.68,1289.74,2026-10-06 16:33:57.939598
1376-HHBDV,30,Month-to-month,48.8,0.0877,Low,1,4.28,1297.48,113.81,2026-10-06 16:33:57.939598
6133-OZILE,18,Month-to-month,35.2,0.314,Medium,1,11.05,935.89,293.92,2026-10-06 16:33:57.939598
4135-FRWKJ,55,One year,76.25,0.0486,Low,0,3.7,2027.32,98.46,2026-10-06 16:33:57.939598
6551-ZCOTS,33,One year,24.9,0.0486,Low,0,1.21,662.03,32.15,2026-10-06 16:33:57.939598
7191-ADRGF,44,Two year,54.3,0.1364,Low,1,7.41,1443.71,196.99,2026-10-06 16:33:57.939598
5018-LXQQG,30,Month-to-month,66.3,0.0877,Low,1,5.82,1762.77,154.63,2026-10-06 16:33:57.939598
6892-BOGQE,71,Two year,20.9,0.0085,Low,0,0.18,555.68,4.73,2026-10-06 16:33:57.939598
1746-TGTWV,1,Month-to-month,75.35,0.6491,High,1,48.91,2003.39,1300.44,2026-10-06 16:33:57.939598
5995-SNNEW,23,Month-to-month,104.45,0.6491,High,1,67.8,2777.09,1802.67,2026-10-06 16:33:57.939598
8050-WYBND,22,One year,49.45,0.2328,Low,1,11.51,1314.76,306.08,2026-10-06 16:33:57.939598
2821-WARNZ,49,One year,19.45,0.0195,Low,0,0.38,517.13,10.09,2026-10-06 16:33:57.939598
4879-GZLFH,42,Month-to-month,92.15,0.3789,Medium,1,34.92,2450.06,928.34,2026-10-06 16:33:57.939598
8314-HTWVE,7,Two year,19.85,0.0195,Low,0,0.39,527.77,10.3,2026-10-06 16:33:57.939598
9402-ROUMJ,67,One year,100.25,0.1364,Low,1,13.68,2665.42,363.68,2026-10-06 16:33:57.939598
2507-QZPQS,15,Month-to-month,95.7,0.464,Medium,1,44.4,2544.45,1180.62,2026-10-06 16:33:57.939598
7159-NOKYQ,67,Two year,93.15,0.1348,Low,1,12.56,2476.65,333.93,2026-10-06 16:33:57.939598
5707-ZMDJP,53,Two year,69.7,0.0163,Low,0,1.14,1853.17,30.28,2026-10-06 16:33:57.939598
8779-YIQQA,21,One year,19.8,0.0195,Low,0,0.39,526.44,10.27,2026-10-06 16:33:57.939598
7136-IHZJA,40,Month-to-month,71.35,0.1364,Low,1,9.74,1897.04,258.84,2026-10-06 16:33:57.939598
8966-OIQHG,22,One year,20.75,0.0195,Low,0,0.4,551.7,10.76,2026-10-06 16:33:57.939598
7074-STDCN,39,Month-to-month,40.6,0.2328,Low,1,9.45,1079.46,251.3,2026-10-06 16:33:57.939598
8739-QOTTN,2,Month-to-month,20.35,0.1364,Low,1,2.78,541.06,73.83,2026-10-06 16:33:57.939598
1399-OUPJN,57,Two year,19.75,0.0195,Low,0,0.39,525.11,10.25,2026-10-06 16:33:57.939598
0277-BKSQP,8,Month-to-month,54.4,0.314,Medium,1,17.08,1446.37,454.23,2026-10-06 16:33:57.939598
5774-XZTQC,7,Month-to-month,20.45,0.0877,Low,1,1.79,543.72,47.69,2026-10-06 16:33:57.939598
2676-SSLTO,49,Two year,66.15,0.0195,Low,0,1.29,1758.78,34.32,2026-10-06 16:33:57.939598
6266-QHOJZ,65,One year,89.85,0.0877,Low,1,7.88,2388.91,209.55,2026-10-06 16:33:57.939598
7269-JISCY,55,One year,45.05,0.0877,Low,1,3.95,1197.78,105.07,2026-10-06 16:33:57.939598
0363-SVHYR,71,Two year,86.85,0.0163,Low,0,1.42,2309.15,37.73,2026-10-06 16:33:57.939598
8547-NSBBO,35,Month-to-month,96.75,0.1364,Low,1,13.2,2572.36,350.99,2026-10-06 16:33:57.939598
6591-QGOYB,17,Month-to-month,106.65,0.3789,Medium,1,40.41,2835.58,1074.42,2026-10-06 16:33:57.939598
9070-BCKQP,72,Two year,110.15,0.0195,Low,0,2.15,2928.64,57.14,2026-10-06 16:33:57.939598
6421-SZVEM,28,One year,82.85,0.2013,Low,1,16.68,2202.79,443.42,2026-10-06 16:33:57.939598
1328-EUZHC,18,Two year,20.1,0.0195,Low,0,0.39,534.41,10.43,2026-10-06 16:33:57.939598
8878-RYUKI,52,Month-to-month,59.45,0.314,Medium,1,18.67,1580.64,496.4,2026-10-06 16:33:57.939598
9633-DENPU,47,Month-to-month,58.6,0.2013,Low,1,11.8,1558.04,313.63,2026-10-06 16:33:57.939598
7811-JIVPF,23,Month-to-month,49.7,0.1364,Low,1,6.78,1321.41,180.3,2026-10-06 16:33:57.939598
7113-HIPFI,66,Two year,65.85,0.0085,Low,0,0.56,1750.8,14.9,2026-10-06 16:33:57.939598
8541-QVFKM,8,Month-to-month,73.5,0.6392,High,1,46.98,1954.2,1249.08,2026-10-06 16:33:57.939598
9258-CNWAC,71,Two year,113.65,0.0195,Low,0,2.22,3021.7,58.96,2026-10-06 16:33:57.939598
5371-VYLSX,50,Month-to-month,83.4,0.2564,Low,1,21.38,2217.42,568.57,2026-10-06 16:33:57.939598
6374-AFWOX,46,Two year,65.65,0.0163,Low,0,1.07,1745.49,28.52,2026-10-06 16:33:57.939598
5317-FLPJF,66,Two year,61.35,0.0195,Low,0,1.2,1631.16,31.83,2026-10-06 16:33:57.939598
7621-VPNET,42,Month-to-month,85.9,0.2564,Low,1,22.03,2283.89,585.61,2026-10-06 16:33:57.939598
6034-YMTOB,5,Month-to-month,75.65,0.5566,Medium,1,42.11,2011.36,1119.53,2026-10-06 16:33:57.939598
4903-CNOZC,29,One year,70.9,0.0877,Low,1,6.22,1885.07,165.36,2026-10-06 16:33:57.939598
4353-HYOJD,27,Month-to-month,49.85,0.1348,Low,1,6.72,1325.4,178.71,2026-10-06 16:33:57.939598
7267-FRMJW,25,Two year,20.1,0.0163,Low,0,0.33,534.41,8.73,2026-10-06 16:33:57.939598
4188-FRABG,57,Month-to-month,103.05,0.314,Medium,1,32.36,2739.87,860.45,2026-10-06 16:33:57.939598
4128-ETESU,47,Month-to-month,99.7,0.5103,Medium,1,50.88,2650.8,1352.82,2026-10-06 16:33:57.939598
0620-DLSLK,13,Month-to-month,81.9,0.464,Medium,1,38.0,2177.54,1010.38,2026-10-06 16:33:57.939598
3850-OKINF,71,One year,66.2,0.0486,Low,0,3.22,1760.11,85.48,2026-10-06 16:33:57.939598
1156-ZFYDO,1,Month-to-month,19.75,0.3552,Medium,1,7.02,525.11,186.52,2026-10-06 16:33:57.939598
3295-YVUSR,2,Month-to-month,72.6,0.6392,High,1,46.4,1930.27,1233.78,2026-10-06 16:33:57.939598
8016-NCFVO,55,Month-to-month,116.5,0.2564,Low,1,29.87,3097.47,794.22,2026-10-06 16:33:57.939598
4119-ZYPZY,71,Two year,106.8,0.1364,Low,1,14.57,2839.57,387.45,2026-10-06 16:33:57.939598
5549-ZGHFB,50,Two year,24.95,0.0085,Low,0,0.21,663.36,5.65,2026-10-06 16:33:57.939598
7577-SWIFR,1,Month-to-month,89.25,0.8864,High,1,79.11,2372.96,2103.3,2026-10-06 16:33:57.939598
0303-WMMRN,5,Month-to-month,19.25,0.0877,Low,1,1.69,511.81,44.9,2026-10-06 16:33:57.939598
6408-OTUBZ,66,One year,104.55,0.1348,Low,1,14.1,2779.75,374.8,2026-10-06 16:33:57.939598
5204-HMGYF,49,One year,87.2,0.0877,Low,1,7.65,2318.45,203.37,2026-10-06 16:33:57.939598
1078-TDCRN,3,Month-to-month,30.75,0.6491,High,1,19.96,817.57,530.71,2026-10-06 16:33:57.939598
3727-OVPRY,66,One year,25.7,0.0195,Low,0,0.5,683.3,13.33,2026-10-06 16:33:57.939598
3797-FKOGQ,11,Month-to-month,86.2,0.464,Medium,1,40.0,2291.86,1063.42,2026-10-06 16:33:57.939598
7622-NXQZR,28,Month-to-month,30.1,0.1364,Low,1,4.11,800.29,109.2,2026-10-06 16:33:57.939598
6196-HBOBZ,65,Two year,99.35,0.0877,Low,1,8.71,2641.49,231.71,2026-10-06 16:33:57.939598
3970-XGJDU,62,Two year,19.2,0.0195,Low,0,0.37,510.48,9.96,2026-10-06 16:33:57.939598
7017-VFULY,2,Month-to-month,20.1,0.1364,Low,1,2.74,534.41,72.92,2026-10-06 16:33:57.939598
5562-YJQGT,2,Month-to-month,20.35,0.1364,Low,1,2.78,541.06,73.83,2026-10-06 16:33:57.939598
8807-OPMBM,55,Two year,25.65,0.0163,Low,0,0.42,681.98,11.14,2026-10-06 16:33:57.939598
5439-WIKXB,41,Month-to-month,94.55,0.3789,Medium,1,35.83,2513.87,952.52,2026-10-06 16:33:57.939598
8294-UIMBA,30,One year,94.4,0.2328,Low,1,21.98,2509.88,584.31,2026-10-06 16:33:57.939598
8109-YUOHE,17,One year,56.1,0.0877,Low,1,4.92,1491.57,130.84,2026-10-06 16:33:57.939598
5840-NVDCG,16,Two year,68.25,0.0195,Low,0,1.33,1814.61,35.41,2026-10-06 16:33:57.939598
8092-NLTGF,72,Two year,24.75,0.0,Low,0,0.0,658.05,0.0,2026-10-06 16:33:57.939598
5928-QLDHB,9,Month-to-month,76.25,0.6491,High,1,49.5,2027.32,1315.98,2026-10-06 16:33:57.939598
9840-EFJQB,1,Month-to-month,74.35,0.6491,High,1,48.26,1976.8,1283.19,2026-10-06 16:33:57.939598
0696-UKTOX,23,Month-to-month,54.15,0.1364,Low,1,7.39,1439.73,196.44,2026-10-06 16:33:57.939598
4801-KFYKL,8,Month-to-month,19.45,0.0877,Low,1,1.71,517.13,45.36,2026-10-06 16:33:57.939598
3472-OAOOR,19,Month-to-month,34.95,0.1364,Low,1,4.77,929.24,126.79,2026-10-06 16:33:57.939598
6135-OZQVA,7,Month-to-month,53.65,0.2564,Low,1,13.76,1426.43,365.75,2026-10-06 16:33:57.939598
2252-JHJGE,61,One year,104.0,0.2564,Low,1,26.67,2765.13,709.01,2026-10-06 16:33:57.939598
4188-PCPIG,57,Two year,70.35,0.0163,Low,0,1.15,1870.45,30.56,2026-10-06 16:33:57.939598
7105-BENQF,15,One year,64.85,0.0877,Low,1,5.69,1724.22,151.25,2026-10-06 16:33:57.939598
7721-DVEKZ,1,Month-to-month,19.65,0.3552,Medium,1,6.98,522.45,185.58,2026-10-06 16:33:57.939598
3566-VVORZ,12,Month-to-month,45.9,0.2328,Low,1,10.69,1220.38,284.11,2026-10-06 16:33:57.939598
9507-HSMMZ,54,Two year,20.0,0.0163,Low,0,0.33,531.75,8.69,2026-10-06 16:33:57.939598
2480-SQIOB,4,Month-to-month,44.8,0.3552,Medium,1,15.91,1191.13,423.1,2026-10-06 16:33:57.939598
7813-TKCVO,20,One year,20.35,0.0195,Low,0,0.4,541.06,10.56,2026-10-06 16:33:57.939598
0128-MKWSG,26,Month-to-month,45.8,0.1364,Low,1,6.25,1217.72,166.15,2026-10-06 16:33:57.939598
4350-ZTLPI,53,One year,108.95,0.2564,Low,1,27.94,2896.73,742.75,2026-10-06 16:33:57.939598
0361-HJRDX,68,Two year,64.35,0.0195,Low,0,1.26,1710.92,33.38,2026-10-06 16:33:57.939598
5727-MYATE,72,Two year,90.8,0.0085,Low,0,0.77,2414.17,20.55,2026-10-06 16:33:57.939598
3823-KYNQY,12,One year,24.95,0.0486,Low,0,1.21,663.36,32.22,2026-10-06 16:33:57.939598
7570-WELNY,68,Two year,84.7,0.0486,Low,0,4.11,2251.98,109.37,2026-10-06 16:33:57.939598
3021-VLNRJ,50,One year,70.8,0.0195,Low,0,1.38,1882.41,36.73,2026-10-06 16:33:57.939598
2080-CAZNM,41,Month-to-month,104.4,0.6392,High,1,66.73,2775.76,1774.2,2026-10-06 16:33:57.939598
1028-FFNJK,30,Month-to-month,101.5,0.5923,Medium,1,60.12,2698.66,1598.35,2026-10-06 16:33:57.939598
6907-FLBER,1,Month-to-month,54.3,0.5923,Medium,1,32.16,1443.71,855.08,2026-10-06 16:33:57.939598
3001-UNBTL,29,Month-to-month,103.95,0.6392,High,1,66.44,2763.8,1766.55,2026-10-06 16:33:57.939598
5982-PSMKW,23,Two year,91.1,0.0195,Low,0,1.78,2422.14,47.26,2026-10-06 16:33:57.939598
3507-GASNP,60,Two year,19.95,0.0195,Low,0,0.39,530.43,10.35,2026-10-06 16:33:57.939598
7096-ZNBZI,72,Two year,26.45,0.0,Low,0,0.0,703.25,0.0,2026-10-06 16:33:57.939598
1676-MQAOA,72,Two year,75.1,0.0085,Low,0,0.64,1996.74,16.99,2026-10-06 16:33:57.939598
0786-IVLAW,66,One year,108.1,0.2013,Low,1,21.76,2874.13,578.56,2026-10-06 16:33:57.939598
7566-DSRLQ,72,Two year,110.15,0.0486,Low,0,5.35,2928.64,142.23,2026-10-06 16:33:57.939598
7245-JMTTQ,51,One year,111.5,0.2564,Low,1,28.59,2964.53,760.14,2026-10-06 16:33:57.939598
6050-IJRHS,70,One year,106.5,0.2013,Low,1,21.44,2831.59,570.0,2026-10-06 16:33:57.939598
6202-JVYEU,9,One year,19.9,0.0877,Low,1,1.75,529.1,46.41,2026-10-06 16:33:57.939598
8591-TKMZH,59,Two year,111.1,0.0877,Low,1,9.75,2953.9,259.11,2026-10-06 16:33:57.939598
0734-OXWBT,3,Month-to-month,70.7,0.2564,Low,1,18.13,1879.75,481.99,2026-10-06 16:33:57.939598
4282-ACRXS,38,Month-to-month,24.85,0.5103,Medium,1,12.68,660.71,337.19,2026-10-06 16:33:57.939598
0365-TRTPY,37,Month-to-month,91.2,0.2013,Low,1,18.36,2424.8,488.11,2026-10-06 16:33:57.939598
7349-ALMUX,37,Two year,65.6,0.0195,Low,0,1.28,1744.16,34.03,2026-10-06 16:33:57.939598
6502-KUGLL,14,Month-to-month,59.45,0.0877,Low,1,5.21,1580.64,138.65,2026-10-06 16:33:57.939598
1841-YSJGV,72,Two year,109.95,0.0195,Low,0,2.15,2923.32,57.04,2026-10-06 16:33:57.939598
3511-BFTJW,72,Two year,38.5,0.0085,Low,0,0.33,1023.63,8.71,2026-10-06 16:33:57.939598
7668-XCFYV,17,Month-to-month,92.55,0.6395,High,1,59.19,2460.7,1573.7,2026-10-06 16:33:57.939598
5018-HEKFO,10,Month-to-month,24.5,0.1364,Low,1,3.34,651.4,88.88,2026-10-06 16:33:57.939598
2923-ARZLG,0,One year,19.7,0.1348,Low,1,2.66,523.78,70.62,2026-10-06 16:33:57.939598
3976-NLDEZ,1,Month-to-month,20.6,0.3552,Medium,1,7.32,547.71,194.55,2026-10-06 16:33:57.939598
2282-YGNOR,29,One year,58.0,0.0195,Low,0,1.13,1542.09,30.09,2026-10-06 16:33:57.939598
5336-UFNZP,65,One year,107.45,0.1364,Low,1,14.66,2856.85,389.8,2026-10-06 16:33:57.939598
6854-EXGSF,8,Month-to-month,65.5,0.2328,Low,1,15.25,1741.5,405.43,2026-10-06 16:33:57.939598
1241-EZFMJ,61,Two year,25.45,0.0163,Low,0,0.42,676.66,11.06,2026-10-06 16:33:57.939598
9233-PSYHO,45,One year,100.15,0.3552,Medium,1,35.57,2662.76,945.85,2026-10-06 16:33:57.939598
5376-PCKNB,72,One year,104.45,0.0877,Low,1,9.16,2777.09,243.6,2026-10-06 16:33:57.939598
8044-BGWPI,12,Month-to-month,21.15,0.1348,Low,1,2.85,562.33,75.82,2026-10-06 16:33:57.939598
4060-LDNLU,7,Month-to-month,96.2,0.6395,High,1,61.52,2557.74,1635.76,2026-10-06 16:33:57.939598
3589-PPVKW,9,Month-to-month,44.4,0.2564,Low,1,11.38,1180.5,302.69,2026-10-06 16:33:57.939598
5887-IKKYO,58,Two year,94.35,0.0877,Low,1,8.28,2508.55,220.05,2026-10-06 16:33:57.939598
1755-RMCXH,2,Month-to-month,20.3,0.1364,Low,1,2.77,539.73,73.64,2026-10-06 16:33:57.939598
3858-XHYJO,40,One year,105.75,0.314,Medium,1,33.21,2811.65,883.0,2026-10-06 16:33:57.939598
4299-SIMNS,9,Month-to-month,81.15,0.5758,Medium,1,46.72,2157.6,1242.25,2026-10-06 16:33:57.939598
7025-IWFHT,41,One year,89.55,0.1364,Low,1,12.22,2380.93,324.87,2026-10-06 16:33:57.939598
6261-LHRTG,26,Month-to-month,54.75,0.1364,Low,1,7.47,1455.68,198.62,2026-10-06 16:33:57.939598
7841-FCRQD,33,One year,53.75,0.0486,Low,0,2.61,1429.09,69.4,2026-10-06 16:33:57.939598
2056-EVGZL,68,One year,105.75,0.2328,Low,1,24.62,2811.65,654.56,2026-10-06 16:33:57.939598
8777-MBMTS,65,Two year,105.85,0.0877,Low,1,9.29,2814.31,246.87,2026-10-06 16:33:57.939598
7753-USQYQ,55,One year,64.2,0.0877,Low,1,5.63,1706.93,149.73,2026-10-06 16:33:57.939598
7661-CPURM,19,One year,87.7,0.1364,Low,1,11.97,2331.74,318.16,2026-10-06 16:33:57.939598
6233-HXJMX,45,Month-to-month,89.3,0.3552,Medium,1,31.72,2374.29,843.38,2026-10-06 16:33:57.939598
5902-WBLSE,70,Two year,20.15,0.0163,Low,0,0.33,535.74,8.75,2026-10-06 16:33:57.939598
3239-TPHPZ,12,Two year,20.05,0.0195,Low,0,0.39,533.08,10.4,2026-10-06 16:33:57.939598
5115-GZDEL,72,Two year,67.2,0.0085,Low,0,0.57,1786.7,15.21,2026-10-06 16:33:57.939598
3338-CVVEH,12,Month-to-month,94.55,0.6491,High,1,61.37,2513.87,1631.81,2026-10-06 16:33:57.939598
2615-YVMYX,71,Month-to-month,107.5,0.314,Medium,1,33.76,2858.18,897.61,2026-10-06 16:33:57.939598
2851-STERV,35,One year,73.0,0.1364,Low,1,9.96,1940.91,264.83,2026-10-06 16:33:57.939598
4393-GEADV,70,Two year,114.75,0.0877,Low,1,10.07,3050.94,267.63,2026-10-06 16:33:57.939598
8486-AYEQH,31,Month-to-month,76.05,0.464,Medium,1,35.29,2022.0,938.21,2026-10-06 16:33:57.939598
5419-JKZNQ,30,Month-to-month,77.9,0.3552,Medium,1,27.67,2071.19,735.71,2026-10-06 16:33:57.939598
2495-KZNFB,33,Month-to-month,90.65,0.464,Medium,1,42.06,2410.18,1118.32,2026-10-06 16:33:57.939598
1409-PHXTF,54,Two year,110.45,0.2328,Low,1,25.71,2936.62,683.66,2026-10-06 16:33:57.939598
4560-WQAQW,59,One year,68.7,0.0486,Low,0,3.34,1826.58,88.71,2026-10-06 16:33:57.939598
9591-YVTEB,55,Month-to-month,44.85,0.2328,Low,1,10.44,1192.46,277.61,2026-10-06 16:33:57.939598
9309-BZGNT,69,One year,29.8,0.0877,Low,1,2.61,792.31,69.5,2026-10-06 16:33:57.939598
4274-DRSQT,66,One year,88.9,0.1348,Low,1,11.99,2363.65,318.69,2026-10-06 16:33:57.939598
2027-DNKIV,37,One year,58.75,0.0486,Low,0,2.85,1562.03,75.86,2026-10-06 16:33:57.939598
8075-GXIUB,9,One year,19.85,0.0486,Low,0,0.96,527.77,25.63,2026-10-06 16:33:57.939598
2885-HIJDH,69,Two year,86.9,0.0195,Low,0,1.7,2310.47,45.08,2026-10-06 16:33:57.939598
5424-RLQLC,10,Month-to-month,59.65,0.1364,Low,1,8.14,1585.96,216.4,2026-10-06 16:33:57.939598
6507-DTJZV,13,Month-to-month,66.4,0.2013,Low,1,13.37,1765.43,355.38,2026-10-06 16:33:57.939598
7673-BQGKU,69,Two year,20.15,0.0195,Low,0,0.39,535.74,10.45,2026-10-06 16:33:57.939598
6723-WSNTY,66,One year,108.1,0.2013,Low,1,21.76,2874.13,578.56,2026-10-06 16:33:57.939598
2725-IWWBA,46,One year,56.9,0.0486,Low,0,2.76,1512.84,73.47,2026-10-06 16:33:57.939598
1061-PNTHC,56,Month-to-month,109.6,0.2013,Low,1,22.06,2914.02,586.59,2026-10-06 16:33:57.939598
0394-YONDK,70,Two year,25.15,0.0085,Low,0,0.21,668.68,5.69,2026-10-06 16:33:57.939598
6574-MCOEH,33,One year,79.15,0.2013,Low,1,15.93,2104.42,423.62,2026-10-06 16:33:57.939598
7399-QHBJS,72,Two year,66.75,0.0,Low,0,0.0,1774.73,0.0,2026-10-06 16:33:57.939598
0997-YTLNY,19,Month-to-month,48.8,0.1364,Low,1,6.66,1297.48,177.04,2026-10-06 16:33:57.939598
9479-HYNYL,71,Two year,80.7,0.0195,Low,0,1.57,2145.63,41.87,2026-10-06 16:33:57.939598
9708-KFDBY,1,Month-to-month,20.55,0.2564,Low,1,5.27,546.38,140.1,2026-10-06 16:33:57.939598
3642-GKTCT,61,One year,115.1,0.1364,Low,1,15.7,3060.25,417.56,2026-10-06 16:33:57.939598
0774-RMNUW,71,Two year,59.7,0.0,Low,0,0.0,1587.29,0.0,2026-10-06 16:33:57.939598
1334-PDUKM,68,One year,86.45,0.0877,Low,1,7.58,2298.51,201.62,2026-10-06 16:33:57.939598
0756-MPZRL,46,One year,33.7,0.0877,Low,1,2.96,896.01,78.6,2026-10-06 16:33:57.939598
2242-MFOTG,33,One year,80.1,0.1348,Low,1,10.8,2129.68,287.15,2026-10-06 16:33:57.939598
2927-CVULT,53,Two year,104.05,0.0877,Low,1,9.13,2766.45,242.67,2026-10-06 16:33:57.939598
2144-BFDSO,50,Month-to-month,108.75,0.2564,Low,1,27.88,2891.42,741.39,2026-10-06 16:33:57.939598
8745-PVESG,57,One year,41.1,0.0486,Low,0,2.0,1092.76,53.07,2026-10-06 16:33:57.939598
7647-GYYKX,54,Two year,20.35,0.0195,Low,0,0.4,541.06,10.56,2026-10-06 16:33:57.939598
5647-FXOTP,60,Month-to-month,105.9,0.5103,Medium,1,54.05,2815.64,1436.95,2026-10-06 16:33:57.939598
9700-ISPUP,10,Month-to-month,65.5,0.2328,Low,1,15.25,1741.5,405.43,2026-10-06 16:33:57.939598
9839-ETQOE,43,Month-to-month,40.45,0.1348,Low,1,5.45,1075.47,145.01,2026-10-06 16:33:57.939598
6078-VESFR,13,Month-to-month,70.45,0.314,Medium,1,22.12,1873.11,588.25,2026-10-06 16:33:57.939598
9027-TMATR,43,Two year,78.8,0.0486,Low,0,3.83,2095.11,101.75,2026-10-06 16:33:57.939598
1941-HOSAM,1,Month-to-month,90.1,0.8864,High,1,79.86,2395.56,2123.33,2026-10-06 16:33:57.939598
9110-HSGTV,69,Two year,82.45,0.0486,Low,0,4.0,2192.16,106.46,2026-10-06 16:33:57.939598
0704-VCUMB,61,Two year,20.25,0.0085,Low,0,0.17,538.4,4.58,2026-10-06 16:33:57.939598
6171-ZTVYB,43,Month-to-month,66.25,0.0877,Low,1,5.81,1761.44,154.51,2026-10-06 16:33:57.939598
1935-IMVBB,56,Month-to-month,89.7,0.2013,Low,1,18.06,2384.92,480.08,2026-10-06 16:33:57.939598
2535-PBCGC,70,Two year,64.55,0.0195,Low,0,1.26,1716.24,33.49,2026-10-06 16:33:57.939598
1470-PSXNM,49,One year,93.65,0.2328,Low,1,21.8,2489.94,579.67,2026-10-06 16:33:57.939598
2498-XLDZR,32,Two year,73.6,0.0195,Low,0,1.44,1956.86,38.18,2026-10-06 16:33:57.939598
9866-OCCKE,72,Two year,109.75,0.0486,Low,0,5.33,2918.0,141.71,2026-10-06 16:33:57.939598
5338-YHWYT,37,Two year,61.45,0.0195,Low,0,1.2,1633.82,31.88,2026-10-06 16:33:57.939598
7718-UPSKJ,69,One year,106.4,0.1364,Low,1,14.52,2828.94,385.99,2026-10-06 16:33:57.939598
8731-WBBMB,26,Month-to-month,81.9,0.1348,Low,1,11.04,2177.54,293.6,2026-10-06 16:33:57.939598
1448-CYWKC,58,One year,105.2,0.2564,Low,1,26.97,2797.03,717.19,2026-10-06 16:33:57.939598
7901-IIDQV,24,One year,54.6,0.0486,Low,0,2.65,1451.69,70.5,2026-10-06 16:33:57.939598
2690-DVRVK,5,One year,20.55,0.0877,Low,1,1.8,546.38,47.93,2026-10-06 16:33:57.939598
1270-XKUCC,30,Two year,19.7,0.0195,Low,0,0.38,523.78,10.22,2026-10-06 16:33:57.939598
0334-ZFJSR,55,One year,66.05,0.0486,Low,0,3.21,1756.12,85.29,2026-10-06 16:33:57.939598
5583-EJXRD,44,Two year,54.05,0.0486,Low,0,2.62,1437.07,69.79,2026-10-06 16:33:57.939598
4565-EVZMJ,47,One year,58.9,0.0486,Low,0,2.86,1566.02,76.05,2026-10-06 16:33:57.939598
3327-YBAKM,64,One year,96.9,0.0877,Low,1,8.5,2576.35,226.0,2026-10-06 16:33:57.939598
9441-QHEVC,1,Month-to-month,19.1,0.2013,Low,1,3.84,507.83,102.22,2026-10-06 16:33:57.939598
6705-LNMDD,20,Month-to-month,50.0,0.1364,Low,1,6.82,1329.39,181.39,2026-10-06 16:33:57.939598
2580-ASVVY,37,Two year,45.4,0.0486,Low,0,2.2,1207.08,58.62,2026-10-06 16:33:57.939598
3370-GQEAL,30,Month-to-month,85.45,0.3789,Medium,1,32.38,2271.92,860.85,2026-10-06 16:33:57.939598
5032-USPKF,38,One year,84.1,0.1348,Low,1,11.34,2236.03,301.49,2026-10-06 16:33:57.939598
4254-QPEDE,52,Two year,66.25,0.0195,Low,0,1.29,1761.44,34.37,2026-10-06 16:33:57.939598
6283-GITPX,71,Two year,76.9,0.0163,Low,0,1.26,2044.6,33.41,2026-10-06 16:33:57.939598
0771-CHWSK,66,Two year,74.6,0.0486,Low,0,3.62,1983.45,96.33,2026-10-06 16:33:57.939598
9788-HNGUT,72,Two year,116.95,0.0486,Low,0,5.68,3109.44,151.01,2026-10-06 16:33:57.939598
9495-REDIY,25,One year,40.65,0.0877,Low,1,3.57,1080.79,94.81,2026-10-06 16:33:57.939598
5375-XLDOF,69,Two year,114.35,0.0877,Low,1,10.03,3040.31,266.69,2026-10-06 16:33:57.939598
1172-VIYBP,53,Two year,69.7,0.0195,Low,0,1.36,1853.17,36.16,2026-10-06 16:33:57.939598
6559-PDZLR,26,Month-to-month,98.65,0.5758,Medium,1,56.8,2622.88,1510.14,2026-10-06 16:33:57.939598
8992-OBVDG,21,Month-to-month,61.65,0.1348,Low,1,8.31,1639.13,221.01,2026-10-06 16:33:57.939598
4273-MBHYA,1,Month-to-month,89.35,0.8864,High,1,79.2,2375.61,2105.66,2026-10-06 16:33:57.939598
4724-WXVWF,48,Month-to-month,95.4,0.2564,Low,1,24.46,2536.47,650.38,2026-10-06 16:33:57.939598
5701-GUXDC,26,One year,35.4,0.0486,Low,0,1.72,941.21,45.71,2026-10-06 16:33:57.939598
1460-UZPRJ,60,Two year,19.95,0.0085,Low,0,0.17,530.43,4.51,2026-10-06 16:33:57.939598
6082-GLJIX,18,Month-to-month,19.25,0.0486,Low,0,0.93,511.81,24.86,2026-10-06 16:33:57.939598
2495-TTHBQ,4,One year,20.4,0.0486,Low,0,0.99,542.39,26.34,2026-10-06 16:33:57.939598
0485-ZBSLN,65,Two year,24.75,0.0085,Low,0,0.21,658.05,5.6,2026-10-06 16:33:57.939598
3810-PJUHR,70,Two year,25.35,0.0163,Low,0,0.41,674.0,11.01,2026-10-06 16:33:57.939598
0847-HGRML,62,Two year,20.0,0.0163,Low,0,0.33,531.75,8.69,2026-10-06 16:33:57.939598
8232-CTLKO,66,Two year,59.75,0.0195,Low,0,1.17,1588.62,31.0,2026-10-06 16:33:57.939598
9227-YBAXE,65,Two year,82.5,0.0195,Low,0,1.61,2193.49,42.8,2026-10-06 16:33:57.939598
9860-LISIZ,34,Month-to-month,20.35,0.0195,Low,0,0.4,541.06,10.56,2026-10-06 16:33:57.939598
0112-QAWRZ,16,Month-to-month,90.8,0.5103,Medium,1,46.34,2414.17,1232.06,2026-10-06 16:33:57.939598
2786-GCDPI,50,Month-to-month,104.95,0.5566,Medium,1,58.42,2790.38,1553.14,2026-10-06 16:33:57.939598
4043-MKDTV,71,Two year,105.25,0.0877,Low,1,9.23,2798.36,245.47,2026-10-06 16:33:57.939598
9229-RQABD,18,One year,23.75,0.0486,Low,0,1.15,631.46,30.67,2026-10-06 16:33:57.939598
8313-KTIHG,4,Month-to-month,61.3,0.3552,Medium,1,21.77,1629.83,578.94,2026-10-06 16:33:57.939598
5320-BRKGK,58,Two year,75.8,0.0195,Low,0,1.48,2015.35,39.32,2026-10-06 16:33:57.939598
6284-KMNUF,56,One year,98.0,0.314,Medium,1,30.78,2605.6,818.29,2026-10-06 16:33:57.939598
6229-UOLQL,56,One year,52.0,0.0195,Low,0,1.01,1382.56,26.98,2026-10-06 16:33:57.939598
3137-LUPIX,4,Month-to-month,64.4,0.3789,Medium,1,24.4,1712.25,648.78,2026-10-06 16:33:57.939598
6143-JQKEA,10,Month-to-month,45.8,0.314,Medium,1,14.38,1217.72,382.42,2026-10-06 16:33:57.939598
8676-OOQEJ,4,Month-to-month,30.5,0.314,Medium,1,9.58,810.93,254.67,2026-10-06 16:33:57.939598
9701-CDXHR,51,Month-to-month,69.15,0.1364,Low,1,9.44,1838.54,250.86,2026-10-06 16:33:57.939598
8124-NZVGJ,6,One year,49.25,0.2328,Low,1,11.47,1309.45,304.84,2026-10-06 16:33:57.939598
2162-FRZAA,63,Two year,39.35,0.0486,Low,0,1.91,1046.23,50.81,2026-10-06 16:33:57.939598
5118-MUEYH,48,Month-to-month,105.1,0.3552,Medium,1,37.33,2794.37,992.6,2026-10-06 16:33:57.939598
5627-TVBPP,35,One year,20.1,0.0195,Low,0,0.39,534.41,10.43,2026-10-06 16:33:57.939598
3936-QQFLL,2,Month-to-month,19.75,0.1364,Low,1,2.69,525.11,71.65,2026-10-06 16:33:57.939598
2589-AYCRP,50,One year,19.75,0.0486,Low,0,0.96,525.11,25.5,2026-10-06 16:33:57.939598
4067-HLYQI,33,Month-to-month,70.4,0.314,Medium,1,22.11,1871.78,587.83,2026-10-06 16:33:57.939598
5124-EOGYE,31,Two year,20.45,0.0163,Low,0,0.33,543.72,8.88,2026-10-06 16:33:57.939598
5057-RKGLH,9,Two year,20.35,0.0195,Low,0,0.4,541.06,10.56,2026-10-06 16:33:57.939598
0292-WEGCH,54,Month-to-month,86.2,0.1364,Low,1,11.76,2291.86,312.71,2026-10-06 16:33:57.939598
8910-ICHIU,46,One year,95.65,0.1348,Low,1,12.9,2543.12,342.89,2026-10-06 16:33:57.939598
4097-YODCF,34,One year,103.8,0.2328,Low,1,24.17,2759.81,642.49,2026-10-06 16:33:57.939598
9715-WZCLW,71,Two year,97.2,0.1248,Low,1,12.13,2584.33,322.56,2026-10-06 16:33:57.939598
9786-YWNHU,63,Two year,63.55,0.0163,Low,0,1.04,1689.65,27.61,2026-10-06 16:33:57.939598
6407-GSJNL,51,Two year,24.95,0.0085,Low,0,0.21,663.36,5.65,2026-10-06 16:33:57.939598
4049-ZPALD,64,Two year,99.0,0.0486,Low,0,4.81,2632.19,127.83,2026-10-06 16:33:57.939598
3733-UOCWF,61,One year,85.55,0.0486,Low,0,4.15,2274.58,110.47,2026-10-06 16:33:57.939598
6833-JMZYP,15,Month-to-month,94.0,0.3789,Medium,1,35.62,2499.25,946.98,2026-10-06 16:33:57.939598
1310-QRITU,18,Month-to-month,50.3,0.4348,Medium,1,21.87,1337.36,581.46,2026-10-06 16:33:57.939598
8961-QDZZJ,57,One year,95.0,0.1364,Low,1,12.96,2525.84,344.64,2026-10-06 16:33:57.939598
9715-SBVSU,14,Two year,61.4,0.0486,Low,0,2.98,1632.49,79.28,2026-10-06 16:33:57.939598
8490-BXHEO,18,Month-to-month,80.55,0.3789,Medium,1,30.52,2141.64,811.48,2026-10-06 16:33:57.939598
7173-TETGO,72,Two year,78.5,0.0195,Low,0,1.53,2087.14,40.72,2026-10-06 16:33:57.939598
7929-SKFGK,70,Two year,114.3,0.1364,Low,1,15.6,3038.98,414.65,2026-10-06 16:33:57.939598
2300-RQGOI,38,Two year,20.05,0.0085,Low,0,0.17,533.08,4.54,2026-10-06 16:33:57.939598
3563-SVYLG,68,Two year,62.65,0.0085,Low,0,0.53,1665.72,14.18,2026-10-06 16:33:57.939598
6435-VWCCY,65,Two year,92.7,0.0486,Low,0,4.5,2464.68,119.7,2026-10-06 16:33:57.939598
4998-IKFSE,30,Month-to-month,100.45,0.464,Medium,1,46.61,2670.74,1239.22,2026-10-06 16:33:57.939598
8630-QSGXK,51,Two year,75.2,0.0195,Low,0,1.47,1999.4,39.01,2026-10-06 16:33:57.939598
2455-USLMV,31,Month-to-month,84.75,0.3552,Medium,1,30.1,2253.31,800.4,2026-10-06 16:33:57.939598
9488-FVZCC,72,Two year,79.5,0.0085,Low,0,0.68,2113.73,17.99,2026-10-06 16:33:57.939598
5995-WWKKG,37,One year,19.8,0.0486,Low,0,0.96,526.44,25.57,2026-10-06 16:33:57.939598
7879-CGSFV,55,One year,100.9,0.2328,Low,1,23.49,2682.7,624.54,2026-10-06 16:33:57.939598
9921-EZKBY,33,Month-to-month,95.3,0.2564,Low,1,24.44,2533.81,649.7,2026-10-06 16:33:57.939598
7432-FFVAR,46,One year,90.95,0.1348,Low,1,12.26,2418.16,326.04,2026-10-06 16:33:57.939598
7246-ZGQDF,1,Month-to-month,54.5,0.314,Medium,1,17.12,1449.03,455.07,2026-10-06 16:33:57.939598
4456-RHSNB,19,Month-to-month,49.6,0.1364,Low,1,6.77,1318.75,179.94,2026-10-06 16:33:57.939598
2481-SBOYW,61,Two year,25.0,0.0163,Low,0,0.41,664.69,10.86,2026-10-06 16:33:57.939598
7109-MFBYV,26,Month-to-month,45.45,0.1364,Low,1,6.2,1208.41,164.88,2026-10-06 16:33:57.939598
1833-TCXKK,45,Month-to-month,107.75,0.5,Medium,1,53.88,2864.83,1432.41,2026-10-06 16:33:57.939598
1832-PEUTS,62,Two year,89.1,0.0486,Low,0,4.33,2368.97,115.05,2026-10-06 16:33:57.939598
8660-BUETV,3,Month-to-month,44.75,0.314,Medium,1,14.05,1189.8,373.66,2026-10-06 16:33:57.939598
0580-PIQHM,41,One year,101.6,0.2013,Low,1,20.45,2701.31,543.77,2026-10-06 16:33:57.939598
5696-CEIQJ,67,Two year,103.15,0.0877,Low,1,9.05,2742.53,240.57,2026-10-06 16:33:57.939598
1696-HXOWK,71,One year,95.65,0.0486,Low,0,4.65,2543.12,123.51,2026-10-06 16:33:57.939598
3026-ATZYV,37,One year,75.1,0.0486,Low,0,3.65,1996.74,96.97,2026-10-06 16:33:57.939598
4012-YCFAI,60,Two year,61.35,0.0163,Low,0,1.0,1631.16,26.65,2026-10-06 16:33:57.939598
9970-QBCDA,6,Month-to-month,19.7,0.1348,Low,1,2.66,523.78,70.62,2026-10-06 16:33:57.939598
9496-IVVRP,11,Month-to-month,51.0,0.1364,Low,1,6.96,1355.97,185.02,2026-10-06 16:33:57.939598
2657-VPXTA,10,Month-to-month,88.85,0.6154,High,1,54.68,2362.32,1453.74,2026-10-06 16:33:57.939598
6551-VLJMV,34,Two year,20.05,0.0163,Low,0,0.33,533.08,8.71,2026-10-06 16:33:57.939598
1221-GHZEP,62,Two year,65.1,0.0163,Low,0,1.06,1730.86,28.28,2026-10-06 16:33:57.939598
9289-LBQVU,64,One year,70.15,0.0877,Low,1,6.15,1865.13,163.61,2026-10-06 16:33:57.939598
3458-IDMFK,25,Two year,20.75,0.0163,Low,0,0.34,551.7,9.01,2026-10-06 16:33:57.939598
6933-FHBZC,26,One year,56.05,0.0877,Low,1,4.92,1490.24,130.72,2026-10-06 16:33:57.939598
0221-NAUXK,10,One year,19.95,0.0486,Low,0,0.97,530.43,25.76,2026-10-06 16:33:57.939598
9770-KXGQU,53,One year,98.6,0.1348,Low,1,13.29,2621.55,353.47,2026-10-06 16:33:57.939598
6538-POCHL,33,Month-to-month,79.0,0.314,Medium,1,24.81,2100.43,659.64,2026-10-06 16:33:57.939598
6726-NNFWD,71,Two year,89.45,0.0486,Low,0,4.34,2378.27,115.5,2026-10-06 16:33:57.939598
3002-WQZWT,29,Month-to-month,74.2,0.5103,Medium,1,37.87,1972.81,1006.81,2026-10-06 16:33:57.939598
4277-UDIEF,24,Month-to-month,81.0,0.1364,Low,1,11.05,2153.61,293.85,2026-10-06 16:33:57.939598
1208-NBVFH,20,Month-to-month,49.6,0.3552,Medium,1,17.62,1318.75,468.44,2026-10-06 16:33:57.939598
4912-PIGUY,1,Month-to-month,84.6,0.9,High,1,76.14,2249.32,2024.39,2026-10-06 16:33:57.939598
2725-TTRIQ,72,Two year,84.2,0.0163,Low,0,1.38,2238.69,36.58,2026-10-06 16:33:57.939598
3374-TTZTK,52,Two year,106.3,0.1364,Low,1,14.5,2826.28,385.63,2026-10-06 16:33:57.939598
8990-ZXLSU,9,Month-to-month,69.05,0.3552,Medium,1,24.53,1835.88,652.13,2026-10-06 16:33:57.939598
2275-RBYQS,1,Month-to-month,45.4,0.5923,Medium,1,26.89,1207.08,714.92,2026-10-06 16:33:57.939598
4419-UJMUS,69,Two year,99.35,0.1364,Low,1,13.56,2641.49,360.42,2026-10-06 16:33:57.939598
7794-JASDG,1,Month-to-month,50.75,0.4348,Medium,1,22.07,1349.33,586.66,2026-10-06 16:33:57.939598
7609-YBPXG,54,Two year,87.1,0.0195,Low,0,1.7,2315.79,45.19,2026-10-06 16:33:57.939598
5519-TEEUH,33,One year,20.15,0.0163,Low,0,0.33,535.74,8.75,2026-10-06 16:33:57.939598
7856-GANIL,45,One year,98.7,0.2013,Low,1,19.87,2624.21,528.25,2026-10-06 16:33:57.939598
0804-XBFBV,11,Month-to-month,25.2,0.3552,Medium,1,8.95,670.01,238.0,2026-10-06 16:33:57.939598
2676-OXPPQ,6,Month-to-month,55.7,0.314,Medium,1,17.49,1480.94,465.09,2026-10-06 16:33:57.939598
3703-TTEPD,21,Month-to-month,65.35,0.1348,Low,1,8.81,1737.51,234.27,2026-10-06 16:33:57.939598
2799-TSLAG,65,Two year,25.3,0.0163,Low,0,0.41,672.67,10.99,2026-10-06 16:33:57.939598
2208-NKVVH,43,Two year,24.25,0.0163,Low,0,0.4,644.75,10.54,2026-10-06 16:33:57.939598
7139-JZFVG,60,Two year,60.5,0.0163,Low,0,0.99,1608.56,26.28,2026-10-06 16:33:57.939598
4987-GQWPO,17,Month-to-month,25.1,0.2013,Low,1,5.05,667.35,134.34,2026-10-06 16:33:57.939598
1757-TCATG,35,One year,20.05,0.0163,Low,0,0.33,533.08,8.71,2026-10-06 16:33:57.939598
4776-XSKYQ,12,One year,30.25,0.0877,Low,1,2.65,804.28,70.55,2026-10-06 16:33:57.939598
8048-DSDFQ,1,Month-to-month,20.2,0.3552,Medium,1,7.18,537.07,190.77,2026-10-06 16:33:57.939598
5753-QQWPW,28,One year,59.9,0.0486,Low,0,2.91,1592.61,77.35,2026-10-06 16:33:57.939598
6010-DDPPW,70,Two year,25.15,0.0163,Low,0,0.41,668.68,10.93,2026-10-06 16:33:57.939598
6693-FRIRW,18,Month-to-month,101.3,0.3552,Medium,1,35.98,2693.34,956.71,2026-10-06 16:33:57.939598
6586-MYGKD,70,Two year,76.95,0.0486,Low,0,3.74,2045.93,99.36,2026-10-06 16:33:57.939598
3173-NVMPX,9,Month-to-month,55.3,0.314,Medium,1,17.37,1470.3,461.75,2026-10-06 16:33:57.939598
0248-PGHBZ,67,Two year,92.45,0.0195,Low,0,1.8,2458.04,47.96,2026-10-06 16:33:57.939598
0623-GDISB,1,Month-to-month,48.45,0.464,Medium,1,22.48,1288.18,597.71,2026-10-06 16:33:57.939598
2892-GESUL,18,Two year,19.35,0.0195,Low,0,0.38,514.47,10.04,2026-10-06 16:33:57.939598
7472-EQOAV,71,One year,86.7,0.0486,Low,0,4.21,2305.16,111.95,2026-10-06 16:33:57.939598
2043-WVTQJ,1,Month-to-month,55.7,0.3552,Medium,1,19.79,1480.94,526.05,2026-10-06 16:33:57.939598
8034-RYTVV,55,One year,84.25,0.0877,Low,1,7.39,2240.02,196.49,2026-10-06 16:33:57.939598
3863-QSTYI,59,Month-to-month,64.65,0.1364,Low,1,8.82,1718.9,234.54,2026-10-06 16:33:57.939598
5044-LRQAQ,7,Month-to-month,69.2,0.5103,Medium,1,35.32,1839.87,938.97,2026-10-06 16:33:57.939598
1716-LSAMB,45,Two year,54.65,0.0195,Low,0,1.07,1453.02,28.35,2026-10-06 16:33:57.939598
1333-PBMXB,54,One year,24.75,0.0195,Low,0,0.48,658.05,12.84,2026-10-06 16:33:57.939598
6546-OPBBH,51,One year,23.95,0.0195,Low,0,0.47,636.78,12.42,2026-10-06 16:33:57.939598
5985-BEHZK,72,One year,105.0,0.1348,Low,1,14.16,2791.71,376.41,2026-10-06 16:33:57.939598
9127-QRZMH,44,One year,59.85,0.0486,Low,0,2.91,1591.28,77.28,2026-10-06 16:33:57.939598
5919-VCZYM,2,Month-to-month,20.05,0.1348,Low,1,2.7,533.08,71.88,2026-10-06 16:33:57.939598
9644-KVCNC,66,One year,92.15,0.1348,Low,1,12.42,2450.06,330.35,2026-10-06 16:33:57.939598
2137-DQMEV,68,One year,44.8,0.0486,Low,0,2.18,1191.13,57.85,2026-10-06 16:33:57.939598
8174-LNWMW,31,Two year,20.9,0.0163,Low,0,0.34,555.68,9.08,2026-10-06 16:33:57.939598
9279-CJEOJ,21,Month-to-month,95.4,0.5923,Medium,1,56.5,2536.47,1502.29,2026-10-06 16:33:57.939598
7964-VEXDG,21,Month-to-month,80.35,0.314,Medium,1,25.23,2136.33,670.91,2026-10-06 16:33:57.939598
2404-JIBFC,55,Two year,85.1,0.0195,Low,0,1.66,2262.62,44.15,2026-10-06 16:33:57.939598
8029-XYPWT,71,Two year,115.05,0.0877,Low,1,10.09,3058.92,268.33,2026-10-06 16:33:57.939598
4632-PAOYU,22,One year,19.95,0.0195,Low,0,0.39,530.43,10.35,2026-10-06 16:33:57.939598
2990-OGYTD,67,Two year,86.15,0.0486,Low,0,4.18,2290.53,111.24,2026-10-06 16:33:57.939598
6646-JPPHA,14,Month-to-month,78.85,0.314,Medium,1,24.76,2096.44,658.39,2026-10-06 16:33:57.939598
7658-UYUQS,21,Month-to-month,86.55,0.2564,Low,1,22.19,2301.17,590.04,2026-10-06 16:33:57.939598
7880-XSOJX,4,Month-to-month,42.4,0.2013,Low,1,8.54,1127.32,226.93,2026-10-06 16:33:57.939598
4589-IUAJB,70,Two year,24.25,0.0163,Low,0,0.4,644.75,10.54,2026-10-06 16:33:57.939598
8746-BFOAJ,21,One year,20.5,0.0486,Low,0,1.0,545.05,26.47,2026-10-06 16:33:57.939598
8457-XIGKN,20,Month-to-month,19.6,0.0877,Low,1,1.72,521.12,45.71,2026-10-06 16:33:57.939598
6072-NUQCB,22,One year,20.25,0.0195,Low,0,0.4,538.4,10.51,2026-10-06 16:33:57.939598
8838-GPHZP,63,Two year,20.6,0.0163,Low,0,0.34,547.71,8.95,2026-10-06 16:33:57.939598
8750-QWZAJ,70,Two year,19.8,0.0163,Low,0,0.32,526.44,8.6,2026-10-06 16:33:57.939598
6918-UMQCG,5,Month-to-month,80.2,0.5566,Medium,1,44.64,2132.34,1186.87,2026-10-06 16:33:57.939598
0675-NCDYU,72,Two year,116.4,0.0195,Low,0,2.27,3094.81,60.39,2026-10-06 16:33:57.939598
6339-DKLMK,13,Month-to-month,31.65,0.3789,Medium,1,11.99,841.5,318.85,2026-10-06 16:33:57.939598
1346-PJWTK,61,Month-to-month,94.15,0.1364,Low,1,12.85,2503.24,341.55,2026-10-06 16:33:57.939598
5088-QZLRL,1,Month-to-month,20.65,0.314,Medium,1,6.49,549.04,172.42,2026-10-06 16:33:57.939598
8023-QHAIO,56,Month-to-month,76.85,0.1364,Low,1,10.49,2043.27,278.79,2026-10-06 16:33:57.939598
4397-FRLTA,4,Month-to-month,20.15,0.1364,Low,1,2.75,535.74,73.1,2026-10-06 16:33:57.939598
3057-VJJQE,35,Two year,55.25,0.0195,Low,0,1.08,1468.97,28.66,2026-10-06 16:33:57.939598
2302-OUZXB,72,Two year,82.15,0.0195,Low,0,1.6,2184.18,42.62,2026-10-06 16:33:57.939598
8133-ANHHJ,49,One year,103.0,0.1364,Low,1,14.05,2738.54,373.66,2026-10-06 16:33:57.939598
2270-CHBFN,44,Month-to-month,95.1,0.1364,Low,1,12.98,2528.49,345.0,2026-10-06 16:33:57.939598
5982-FPVQN,37,Month-to-month,95.15,0.3789,Medium,1,36.05,2529.82,958.57,2026-10-06 16:33:57.939598
9107-UKCKY,61,One year,79.8,0.1364,Low,1,10.89,2121.7,289.5,2026-10-06 16:33:57.939598
4654-ULTTN,70,Two year,74.8,0.0486,Low,0,3.63,1988.76,96.58,2026-10-06 16:33:57.939598
5546-BYZSM,41,Month-to-month,20.45,0.0486,Low,0,0.99,543.72,26.41,2026-10-06 16:33:57.939598
1492-KGETH,70,One year,78.35,0.0877,Low,1,6.87,2083.15,182.73,2026-10-06 16:33:57.939598
4163-HFTUK,51,One year,19.1,0.0163,Low,0,0.31,507.83,8.3,2026-10-06 16:33:57.939598
8215-NGSPE,42,Two year,20.0,0.0085,Low,0,0.17,531.75,4.53,2026-10-06 16:33:57.939598
8859-YSTWS,48,One year,19.95,0.0163,Low,0,0.33,530.43,8.67,2026-10-06 16:33:57.939598
7601-DHFWZ,48,Two year,24.0,0.0163,Low,0,0.39,638.11,10.43,2026-10-06 16:33:57.939598
1998-VHJHK,27,One year,19.15,0.0195,Low,0,0.37,509.16,9.93,2026-10-06 16:33:57.939598
1707-HABPF,46,One year,91.3,0.1364,Low,1,12.46,2427.46,331.22,2026-10-06 16:33:57.939598
0487-VVUVK,25,Month-to-month,19.15,0.0877,Low,1,1.68,509.16,44.66,2026-10-06 16:33:57.939598
5063-IUOKK,13,Two year,19.75,0.0163,Low,0,0.32,525.11,8.58,2026-10-06 16:33:57.939598
4508-OEBEY,31,One year,75.5,0.0877,Low,1,6.62,2007.37,176.09,2026-10-06 16:33:57.939598
0027-KWYKW,23,Month-to-month,83.75,0.464,Medium,1,38.86,2226.72,1033.2,2026-10-06 16:33:57.939598
2308-STERM,2,Month-to-month,19.4,0.1364,Low,1,2.65,515.8,70.38,2026-10-06 16:33:57.939598
5982-XMDEX,65,Two year,26.5,0.0085,Low,0,0.23,704.58,6.0,2026-10-06 16:33:57.939598
6051-PTVNS,55,One year,19.15,0.0195,Low,0,0.37,509.16,9.93,2026-10-06 16:33:57.939598
2877-VDUER,35,One year,40.9,0.0486,Low,0,1.99,1087.44,52.81,2026-10-06 16:33:57.939598
9152-AMKAK,6,Two year,80.25,0.0486,Low,0,3.9,2133.67,103.62,2026-10-06 16:33:57.939598
9432-VOFYX,17,Month-to-month,70.8,0.5566,Medium,1,39.41,1882.41,1047.76,2026-10-06 16:33:57.939598
8049-WJCLQ,10,Month-to-month,60.2,0.1364,Low,1,8.21,1600.58,218.39,2026-10-06 16:33:57.939598
6586-PSJOX,15,One year,55.2,0.0877,Low,1,4.84,1467.64,128.74,2026-10-06 16:33:57.939598
9705-ZJBCG,13,One year,54.15,0.0877,Low,1,4.75,1439.73,126.29,2026-10-06 16:33:57.939598
6847-KJLTS,58,Month-to-month,100.4,0.2564,Low,1,25.74,2669.41,684.46,2026-10-06 16:33:57.939598
9670-BPNXF,45,One year,62.55,0.0486,Low,0,3.04,1663.06,80.77,2026-10-06 16:33:57.939598
3913-FCUUW,72,Two year,70.45,0.0085,Low,0,0.6,1873.11,15.94,2026-10-06 16:33:57.939598
3301-VKTGC,68,One year,85.5,0.0486,Low,0,4.15,2273.25,110.4,2026-10-06 16:33:57.939598
9555-SAHUZ,38,Month-to-month,54.5,0.1364,Low,1,7.44,1449.03,197.71,2026-10-06 16:33:57.939598
0816-TSPHQ,2,Month-to-month,20.75,0.1348,Low,1,2.8,551.7,74.39,2026-10-06 16:33:57.939598
9932-WBWIK,11,Month-to-month,20.35,0.1364,Low,1,2.78,541.06,73.83,2026-10-06 16:33:57.939598
4619-EVPHY,20,One year,91.0,0.2328,Low,1,21.19,2419.48,563.27,2026-10-06 16:33:57.939598
5286-YHCVC,72,Two year,104.8,0.0877,Low,1,9.19,2786.4,244.42,2026-10-06 16:33:57.939598
9115-YQHGA,40,Month-to-month,51.1,0.0877,Low,1,4.48,1358.63,119.18,2026-10-06 16:33:57.939598
4462-CYWMH,62,Month-to-month,89.8,0.2328,Low,1,20.91,2387.58,555.84,2026-10-06 16:33:57.939598
8963-MQVYN,22,Month-to-month,20.55,0.0486,Low,0,1.0,546.38,26.53,2026-10-06 16:33:57.939598
2458-EOMRE,11,Month-to-month,64.05,0.1364,Low,1,8.74,1702.94,232.36,2026-10-06 16:33:57.939598
9334-GWGOW,7,Month-to-month,74.85,0.6967,High,1,52.15,1990.09,1386.54,2026-10-06 16:33:57.939598
6542-LWGXJ,3,Month-to-month,25.0,0.3552,Medium,1,8.88,664.69,236.11,2026-10-06 16:33:57.939598
5567-GZKQY,58,Two year,20.3,0.0195,Low,0,0.4,539.73,10.53,2026-10-06 16:33:57.939598
1222-LRYKO,6,Month-to-month,26.35,0.1364,Low,1,3.6,700.59,95.59,2026-10-06 16:33:57.939598
2087-QAREY,22,Month-to-month,54.7,0.2564,Low,1,14.03,1454.35,372.91,2026-10-06 16:33:57.939598
4423-JWZJN,64,One year,90.25,0.0486,Low,0,4.38,2399.54,116.53,2026-10-06 16:33:57.939598
6490-FGZAT,6,Month-to-month,20.65,0.0877,Low,1,1.81,549.04,48.16,2026-10-06 16:33:57.939598
7452-FOLON,39,One year,25.45,0.0486,Low,0,1.24,676.66,32.86,2026-10-06 16:33:57.939598
2320-TZRRH,20,One year,19.5,0.0195,Low,0,0.38,518.46,10.12,2026-10-06 16:33:57.939598
4942-VZZOM,64,One year,66.15,0.0486,Low,0,3.21,1758.78,85.42,2026-10-06 16:33:57.939598
7502-BNYGS,46,Month-to-month,69.1,0.2013,Low,1,13.91,1837.21,369.83,2026-10-06 16:33:57.939598
4291-HYEBC,28,One year,39.1,0.2564,Low,1,10.03,1039.58,266.56,2026-10-06 16:33:57.939598
6147-CBCRA,33,Month-to-month,20.05,0.0486,Low,0,0.97,533.08,25.89,2026-10-06 16:33:57.939598
6047-SUHPR,39,One year,59.8,0.0877,Low,1,5.25,1589.95,139.47,2026-10-06 16:33:57.939598
9752-ZNQUT,1,Month-to-month,48.6,0.5923,Medium,1,28.78,1292.16,765.32,2026-10-06 16:33:57.939598
1576-PFZIW,70,Two year,105.35,0.1364,Low,1,14.37,2801.02,382.19,2026-10-06 16:33:57.939598
5666-MBJPT,65,Two year,25.1,0.0163,Low,0,0.41,667.35,10.9,2026-10-06 16:33:57.939598
7312-XSBAT,1,Month-to-month,49.75,0.3552,Medium,1,17.67,1322.74,469.85,2026-10-06 16:33:57.939598
3096-GKWEB,18,Month-to-month,94.75,0.6392,High,1,60.56,2519.19,1610.2,2026-10-06 16:33:57.939598
2371-JQHZZ,24,Month-to-month,93.0,0.6392,High,1,59.44,2472.66,1580.46,2026-10-06 16:33:57.939598
0674-GCDXG,63,Two year,71.9,0.0195,Low,0,1.4,1911.66,37.3,2026-10-06 16:33:57.939598
1121-QSIVB,44,One year,77.55,0.1364,Low,1,10.58,2061.88,281.33,2026-10-06 16:33:57.939598
4396-KLSEH,4,Month-to-month,19.85,0.2328,Low,1,4.62,527.77,122.87,2026-10-06 16:33:57.939598
2824-MYYBN,37,Month-to-month,95.25,0.5566,Medium,1,53.02,2532.48,1409.59,2026-10-06 16:33:57.939598
6345-HOVES,34,Month-to-month,25.05,0.3552,Medium,1,8.9,666.02,236.58,2026-10-06 16:33:57.939598
8318-LCNBW,35,One year,53.15,0.0877,Low,1,4.66,1413.14,123.96,2026-10-06 16:33:57.939598
6469-QJKZW,4,Month-to-month,20.15,0.1364,Low,1,2.75,535.74,73.1,2026-10-06 16:33:57.939598
0147-ESWWR,39,Month-to-month,101.25,0.5923,Medium,1,59.97,2692.01,1594.41,2026-10-06 16:33:57.939598
1217-VASWC,43,One year,100.55,0.3552,Medium,1,35.72,2673.4,949.62,2026-10-06 16:33:57.939598
6370-ZVHDV,61,Two year,25.3,0.0085,Low,0,0.22,672.67,5.72,2026-10-06 16:33:57.939598
5915-DGNVC,49,One year,71.8,0.0877,Low,1,6.3,1909.0,167.46,2026-10-06 16:33:57.939598
6260-XLACS,4,One year,19.7,0.0486,Low,0,0.96,523.78,25.44,2026-10-06 16:33:57.939598
3566-CAAYU,64,Two year,49.85,0.0486,Low,0,2.42,1325.4,64.37,2026-10-06 16:33:57.939598
4983-CCWMC,3,Month-to-month,69.6,0.6,High,1,41.76,1850.51,1110.3,2026-10-06 16:33:57.939598
9103-CXVOK,1,Month-to-month,19.75,0.3552,Medium,1,7.02,525.11,186.52,2026-10-06 16:33:57.939598
2896-TBNBE,40,One year,80.8,0.1364,Low,1,11.02,2148.29,293.12,2026-10-06 16:33:57.939598
2522-WLNSF,34,One year,64.2,0.0877,Low,1,5.63,1706.93,149.73,2026-10-06 16:33:57.939598
3841-CONLJ,1,Month-to-month,35.0,0.6491,High,1,22.72,930.57,604.05,2026-10-06 16:33:57.939598
4475-NVTLU,45,Two year,19.2,0.0085,Low,0,0.16,510.48,4.34,2026-10-06 16:33:57.939598
9386-LDCZR,43,One year,90.65,0.0877,Low,1,7.95,2410.18,211.42,2026-10-06 16:33:57.939598
9585-KKMFD,41,Two year,20.0,0.0085,Low,0,0.17,531.75,4.53,2026-10-06 16:33:57.939598
5399-ZIMKF,5,Month-to-month,74.65,0.5923,Medium,1,44.21,1984.77,1175.53,2026-10-06 16:33:57.939598
0336-KXKFK,72,Two year,61.2,0.0085,Low,0,0.52,1627.17,13.85,2026-10-06 16:33:57.939598
5619-XZZKR,4,One year,19.95,0.0486,Low,0,0.97,530.43,25.76,2026-10-06 16:33:57.939598
3948-FVVRP,9,Month-to-month,54.8,0.1364,Low,1,7.48,1457.01,198.8,2026-10-06 16:33:57.939598
5327-XOKKY,72,Two year,73.45,0.0486,Low,0,3.57,1952.87,94.84,2026-10-06 16:33:57.939598
0983-TATYJ,33,One year,51.45,0.0486,Low,0,2.5,1367.94,66.43,2026-10-06 16:33:57.939598
1813-JYWTO,72,Two year,80.45,0.0195,Low,0,1.57,2138.98,41.74,2026-10-06 16:33:57.939598
6719-OXYBR,15,Month-to-month,85.3,0.314,Medium,1,26.79,2267.93,712.24,2026-10-06 16:33:57.939598
3312-ZWLGF,29,Month-to-month,79.3,0.5566,Medium,1,44.14,2108.41,1173.55,2026-10-06 16:33:57.939598
6476-YHMGA,15,Month-to-month,76.5,0.1364,Low,1,10.44,2033.96,277.52,2026-10-06 16:33:57.939598
0795-XCCTE,72,Two year,25.4,0.0085,Low,0,0.22,675.33,5.75,2026-10-06 16:33:57.939598
0168-XZKBB,19,Month-to-month,86.85,0.5923,Medium,1,51.44,2309.15,1367.65,2026-10-06 16:33:57.939598
3785-NRHYR,1,Month-to-month,19.65,0.3552,Medium,1,6.98,522.45,185.58,2026-10-06 16:33:57.939598
4537-DKTAL,2,Month-to-month,45.55,0.5103,Medium,1,23.25,1211.07,618.06,2026-10-06 16:33:57.939598
7072-MBHEV,11,Month-to-month,78.1,0.5566,Medium,1,43.47,2076.5,1155.79,2026-10-06 16:33:57.939598
5602-BVFMK,12,One year,19.3,0.0486,Low,0,0.94,513.14,24.92,2026-10-06 16:33:57.939598
6297-NOOPG,70,Two year,110.5,0.1364,Low,1,15.08,2937.95,400.87,2026-10-06 16:33:57.939598
8204-TIFGJ,23,Month-to-month,20.3,0.0486,Low,0,0.99,539.73,26.21,2026-10-06 16:33:57.939598
8050-DVOJX,49,Two year,81.35,0.0195,Low,0,1.59,2162.91,42.2,2026-10-06 16:33:57.939598
8903-XEBGX,2,Month-to-month,55.3,0.6392,High,1,35.35,1470.3,939.78,2026-10-06 16:33:57.939598
8169-SAEJD,69,Two year,56.55,0.0486,Low,0,2.75,1503.54,73.02,2026-10-06 16:33:57.939598
1089-XZWHH,24,Two year,19.7,0.0163,Low,0,0.32,523.78,8.56,2026-10-06 16:33:57.939598
2325-WINES,32,One year,104.05,0.2564,Low,1,26.68,2766.45,709.35,2026-10-06 16:33:57.939598
6064-ZATLR,27,Two year,52.85,0.0195,Low,0,1.03,1405.16,27.42,2026-10-06 16:33:57.939598
7824-PANSQ,58,Month-to-month,80.65,0.1364,Low,1,11.0,2144.3,292.58,2026-10-06 16:33:57.939598
9648-BCHKM,18,Two year,24.65,0.0195,Low,0,0.48,655.39,12.79,2026-10-06 16:33:57.939598
2888-ADFAO,47,Two year,21.3,0.0085,Low,0,0.18,566.32,4.82,2026-10-06 16:33:57.939598
8707-HOEDG,70,Two year,110.2,0.1364,Low,1,15.04,2929.97,399.78,2026-10-06 16:33:57.939598
4072-IPYLT,36,Month-to-month,51.05,0.0877,Low,1,4.48,1357.3,119.06,2026-10-06 16:33:57.939598
7167-PCEYD,67,Two year,19.8,0.0163,Low,0,0.32,526.44,8.6,2026-10-06 16:33:57.939598
4936-YPJNK,10,Month-to-month,19.9,0.1364,Low,1,2.72,529.1,72.19,2026-10-06 16:33:57.939598
1580-BMCMR,19,Month-to-month,87.3,0.464,Medium,1,40.51,2321.11,1076.99,2026-10-06 16:33:57.939598
4817-KEQSP,71,Two year,19.85,0.0085,Low,0,0.17,527.77,4.49,2026-10-06 16:33:57.939598
6408-WHTEF,72,Two year,89.4,0.0,Low,0,0.0,2376.94,0.0,2026-10-06 16:33:57.939598
9251-AWQGT,48,Two year,20.0,0.0085,Low,0,0.17,531.75,4.53,2026-10-06 16:33:57.939598
8749-CLJXC,1,Month-to-month,20.05,0.3789,Medium,1,7.6,533.08,201.99,2026-10-06 16:33:57.939598
7989-VCQOH,18,Month-to-month,83.25,0.1364,Low,1,11.36,2213.43,302.01,2026-10-06 16:33:57.939598
4199-QHJNM,67,Two year,102.9,0.1364,Low,1,14.04,2735.88,373.3,2026-10-06 16:33:57.939598
8882-TLVRW,69,Two year,39.1,0.0163,Low,0,0.64,1039.58,16.99,2026-10-06 16:33:57.939598
5135-GRQJV,72,Two year,114.5,0.0195,Low,0,2.23,3044.3,59.4,2026-10-06 16:33:57.939598
2384-OVPSA,38,Two year,20.2,0.0163,Low,0,0.33,537.07,8.78,2026-10-06 16:33:57.939598
1371-WEPDS,40,One year,55.8,0.1364,Low,1,7.61,1483.6,202.43,2026-10-06 16:33:57.939598
3580-GICBM,61,Two year,24.2,0.0085,Low,0,0.21,643.42,5.48,2026-10-06 16:33:57.939598
9730-DRTMJ,32,One year,72.8,0.1348,Low,1,9.82,1935.59,260.98,2026-10-06 16:33:57.939598
4686-UXDML,21,Month-to-month,99.85,0.5923,Medium,1,59.14,2654.79,1572.36,2026-10-06 16:33:57.939598
3349-ANQNH,59,One year,99.5,0.314,Medium,1,31.25,2645.48,830.81,2026-10-06 16:33:57.939598
0932-YIXYU,47,Two year,20.25,0.0085,Low,0,0.17,538.4,4.58,2026-10-06 16:33:57.939598
7480-SPLEF,69,Two year,26.0,0.0163,Low,0,0.42,691.28,11.3,2026-10-06 16:33:57.939598
7636-XUHWW,2,Month-to-month,19.9,0.1364,Low,1,2.72,529.1,72.19,2026-10-06 16:33:57.939598
1431-CYWMH,22,Month-to-month,19.05,0.0486,Low,0,0.93,506.5,24.6,2026-10-06 16:33:57.939598
5937-EORGB,15,Month-to-month,96.5,0.6154,High,1,59.38,2565.72,1578.9,2026-10-06 16:33:57.939598
6349-JDHQP,53,Two year,19.85,0.0195,Low,0,0.39,527.77,10.3,2026-10-06 16:33:57.939598
5539-HIVAK,28,Month-to-month,25.7,0.0486,Low,0,1.25,683.3,33.18,2026-10-06 16:33:57.939598
5847-MXBEO,22,One year,20.3,0.0195,Low,0,0.4,539.73,10.53,2026-10-06 16:33:57.939598
4583-PARNH,16,Month-to-month,91.55,0.4348,Medium,1,39.8,2434.11,1058.31,2026-10-06 16:33:57.939598
1116-FRYVH,48,Two year,39.4,0.0085,Low,0,0.34,1047.56,8.92,2026-10-06 16:33:57.939598
1421-HCERK,30,Month-to-month,105.7,0.314,Medium,1,33.2,2810.32,882.58,2026-10-06 16:33:57.939598
9633-XQABV,3,Month-to-month,70.25,0.5923,Medium,1,41.61,1867.79,1106.24,2026-10-06 16:33:57.939598
0716-BQNDX,57,Two year,93.75,0.0486,Low,0,4.55,2492.6,121.05,2026-10-06 16:33:57.939598
1183-CANVH,23,One year,60.0,0.0486,Low,0,2.91,1595.26,77.47,2026-10-06 16:33:57.939598
1972-XMUWV,65,Two year,59.8,0.0195,Low,0,1.17,1589.95,31.02,2026-10-06 16:33:57.939598
8679-LZBMD,44,One year,90.65,0.2013,Low,1,18.25,2410.18,485.17,2026-10-06 16:33:57.939598
3407-JMJQQ,71,Two year,109.0,0.0486,Low,0,5.29,2898.06,140.74,2026-10-06 16:33:57.939598
6252-DFGTK,37,One year,68.1,0.0877,Low,1,5.97,1810.63,158.83,2026-10-06 16:33:57.939598
1539-LNKHM,12,Month-to-month,20.4,0.0877,Low,1,1.79,542.39,47.58,2026-10-06 16:33:57.939598
8645-KOMJQ,69,Two year,81.95,0.0877,Low,1,7.19,2178.87,191.13,2026-10-06 16:33:57.939598
0289-IVARM,35,Month-to-month,60.55,0.0877,Low,1,5.31,1609.89,141.22,2026-10-06 16:33:57.939598
9761-XUJWD,5,Month-to-month,65.6,0.2564,Low,1,16.82,1744.16,447.22,2026-10-06 16:33:57.939598
4057-FKCZK,58,Two year,82.5,0.0877,Low,1,7.24,2193.49,192.41,2026-10-06 16:33:57.939598
4291-TPNFG,72,Two year,82.3,0.0163,Low,0,1.34,2188.17,35.75,2026-10-06 16:33:57.939598
6087-YPWHO,72,Two year,68.15,0.0,Low,0,0.0,1811.95,0.0,2026-10-06 16:33:57.939598
3090-QFUVD,1,Month-to-month,20.3,0.2564,Low,1,5.21,539.73,138.39,2026-10-06 16:33:57.939598
1722-LDZJS,53,One year,20.2,0.0195,Low,0,0.39,537.07,10.48,2026-10-06 16:33:57.939598
1818-ESQMW,27,Month-to-month,89.2,0.3789,Medium,1,33.8,2371.63,898.62,2026-10-06 16:33:57.939598
7401-RUBNK,18,Month-to-month,74.8,0.2328,Low,1,17.41,1988.76,462.99,2026-10-06 16:33:57.939598
0506-YLVKJ,46,Two year,20.2,0.0085,Low,0,0.17,537.07,4.57,2026-10-06 16:33:57.939598
8661-BOYNW,72,Two year,84.4,0.0163,Low,0,1.38,2244.01,36.67,2026-10-06 16:33:57.939598
4815-GBTCD,4,Month-to-month,25.15,0.5923,Medium,1,14.9,668.68,396.04,2026-10-06 16:33:57.939598
2805-AUFQN,25,Two year,19.8,0.0163,Low,0,0.32,526.44,8.6,2026-10-06 16:33:57.939598
0980-PVMRC,40,Month-to-month,50.85,0.3552,Medium,1,18.06,1351.99,480.24,2026-10-06 16:33:57.939598
7233-DRTRF,63,Month-to-month,102.4,0.3789,Medium,1,38.8,2722.58,1031.6,2026-10-06 16:33:57.939598
3873-NFTGI,14,Month-to-month,55.5,0.2564,Low,1,14.23,1475.62,378.36,2026-10-06 16:33:57.939598
1162-ECVII,72,Two year,109.75,0.0486,Low,0,5.33,2918.0,141.71,2026-10-06 16:33:57.939598
7048-GXDAY,39,Month-to-month,106.4,0.5,Medium,1,53.2,2828.94,1414.47,2026-10-06 16:33:57.939598
8571-ZCMCX,47,Two year,60.0,0.0486,Low,0,2.91,1595.26,77.47,2026-10-06 16:33:57.939598
1169-WCVAK,19,Month-to-month,88.8,0.314,Medium,1,27.89,2360.99,741.47,2026-10-06 16:33:57.939598
7129-CAKJW,17,Month-to-month,80.05,0.314,Medium,1,25.14,2128.35,668.41,2026-10-06 16:33:57.939598
8695-ARGXZ,34,Month-to-month,75.55,0.5103,Medium,1,38.56,2008.7,1025.13,2026-10-06 16:33:57.939598
3570-YUEKJ,42,Month-to-month,49.55,0.2564,Low,1,12.71,1317.42,337.8,2026-10-06 16:33:57.939598
1555-HAPSU,71,Two year,23.9,0.0085,Low,0,0.2,635.45,5.41,2026-10-06 16:33:57.939598
1697-NVVGY,19,Month-to-month,66.4,0.1364,Low,1,9.06,1765.43,240.88,2026-10-06 16:33:57.939598
8464-EETCQ,57,Two year,18.8,0.0085,Low,0,0.16,499.85,4.25,2026-10-06 16:33:57.939598
2419-FSORS,72,Two year,108.4,0.1348,Low,1,14.62,2882.11,388.6,2026-10-06 16:33:57.939598
8132-YPVBX,6,Month-to-month,85.95,0.6491,High,1,55.79,2285.22,1483.39,2026-10-06 16:33:57.939598
6754-LZUKA,61,Two year,80.9,0.0486,Low,0,3.93,2150.95,104.46,2026-10-06 16:33:57.939598
8099-MZPUJ,48,Two year,111.8,0.0877,Low,1,9.81,2972.51,260.75,2026-10-06 16:33:57.939598
0787-LHDYT,16,Month-to-month,20.6,0.1348,Low,1,2.78,547.71,73.85,2026-10-06 16:33:57.939598
0374-IOEGQ,3,Month-to-month,44.6,0.3789,Medium,1,16.9,1185.81,449.31,2026-10-06 16:33:57.939598
3197-NNYNB,65,Two year,105.1,0.1348,Low,1,14.17,2794.37,376.77,2026-10-06 16:33:57.939598
3396-DKDEL,70,Two year,115.15,0.0877,Low,1,10.1,3061.58,268.56,2026-10-06 16:33:57.939598
1752-OZXFY,60,One year,59.8,0.0195,Low,0,1.17,1589.95,31.02,2026-10-06 16:33:57.939598
9066-QRSDU,69,One year,26.3,0.0195,Low,0,0.51,699.26,13.64,2026-10-06 16:33:57.939598
9112-WSNPU,35,Month-to-month,70.55,0.3552,Medium,1,25.06,1875.77,666.29,2026-10-06 16:33:57.939598
9867-NNXLC,22,Month-to-month,20.05,0.0486,Low,0,0.97,533.08,25.89,2026-10-06 16:33:57.939598
5321-NTRKC,66,Two year,79.85,0.0877,Low,1,7.0,2123.03,186.23,2026-10-06 16:33:57.939598
3161-GETRM,34,Month-to-month,90.05,0.3552,Medium,1,31.99,2394.23,850.46,2026-10-06 16:33:57.939598
0402-OAMEN,72,Two year,24.45,0.0,Low,0,0.0,650.07,0.0,2026-10-06 16:33:57.939598
6933-VLYFX,31,One year,59.95,0.1348,Low,1,8.08,1593.94,214.91,2026-10-06 16:33:57.939598
6754-WKSHP,30,One year,25.35,0.0195,Low,0,0.49,674.0,13.15,2026-10-06 16:33:57.939598
4976-LNFVV,19,Month-to-month,34.3,0.314,Medium,1,10.77,911.96,286.4,2026-10-06 16:33:57.939598
5055-MGMGF,65,Month-to-month,105.05,0.3789,Medium,1,39.8,2793.04,1058.3,2026-10-06 16:33:57.939598
4641-FROLU,30,Two year,19.3,0.0163,Low,0,0.32,513.14,8.38,2026-10-06 16:33:57.939598
2862-JVEOY,6,One year,19.15,0.0195,Low,0,0.37,509.16,9.93,2026-10-06 16:33:57.939598
2969-QWUBZ,2,Month-to-month,51.4,0.5566,Medium,1,28.61,1366.61,760.66,2026-10-06 16:33:57.939598
9822-BIIGN,53,Month-to-month,71.85,0.0877,Low,1,6.3,1910.33,167.57,2026-10-06 16:33:57.939598
2077-MPJQO,7,Month-to-month,75.4,0.6967,High,1,52.53,2004.72,1396.73,2026-10-06 16:33:57.939598
1534-OULXE,61,One year,49.7,0.0195,Low,0,0.97,1321.41,25.78,2026-10-06 16:33:57.939598
2971-SGAFL,13,Month-to-month,78.75,0.314,Medium,1,24.73,2093.78,657.55,2026-10-06 16:33:57.939598
1480-IVEVR,35,One year,81.6,0.2013,Low,1,16.43,2169.56,436.73,2026-10-06 16:33:57.939598
2905-KFQUV,2,Month-to-month,70.4,0.5103,Medium,1,35.93,1871.78,955.25,2026-10-06 16:33:57.939598
3370-HXOPH,3,Month-to-month,76.1,0.6491,High,1,49.4,2023.33,1313.39,2026-10-06 16:33:57.939598
9391-YZEJW,62,One year,94.0,0.1364,Low,1,12.83,2499.25,341.01,2026-10-06 16:33:57.939598
9958-MEKUC,72,Two year,103.95,0.0163,Low,0,1.7,2763.8,45.16,2026-10-06 16:33:57.939598
0281-CNTZX,63,Two year,19.95,0.0163,Low,0,0.33,530.43,8.67,2026-10-06 16:33:57.939598
4118-CEVPF,35,One year,110.8,0.1364,Low,1,15.12,2945.92,401.96,2026-10-06 16:33:57.939598
9114-VEPUF,62,One year,96.1,0.1364,Low,1,13.11,2555.08,348.63,2026-10-06 16:33:57.939598
7876-BEUTG,15,Month-to-month,48.8,0.3552,Medium,1,17.33,1297.48,460.88,2026-10-06 16:33:57.939598
2338-BQEZT,55,Month-to-month,50.55,0.0877,Low,1,4.43,1344.01,117.9,2026-10-06 16:33:57.939598
9873-MNDKV,11,Month-to-month,44.65,0.2564,Low,1,11.45,1187.14,304.4,2026-10-06 16:33:57.939598
8241-JUIQO,61,One year,19.45,0.0195,Low,0,0.38,517.13,10.09,2026-10-06 16:33:57.939598
2194-IIQOF,71,Two year,89.3,0.0085,Low,0,0.76,2374.29,20.21,2026-10-06 16:33:57.939598
9631-RXVJM,35,Two year,19.25,0.0085,Low,0,0.16,511.81,4.36,2026-10-06 16:33:57.939598
9584-EXCDZ,17,Month-to-month,70.5,0.2564,Low,1,18.08,1874.44,480.62,2026-10-06 16:33:57.939598
5093-FEGLU,47,Two year,19.65,0.0195,Low,0,0.38,522.45,10.19,2026-10-06 16:33:57.939598
2621-UDNLU,3,Month-to-month,20.85,0.1348,Low,1,2.81,554.35,74.74,2026-10-06 16:33:57.939598
7526-IVLYU,3,Month-to-month,19.65,0.1364,Low,1,2.68,522.45,71.29,2026-10-06 16:33:57.939598
2428-HYUNX,44,Two year,19.35,0.0195,Low,0,0.38,514.47,10.04,2026-10-06 16:33:57.939598
9214-EKVXR,1,Month-to-month,44.0,0.5103,Medium,1,22.46,1169.86,597.03,2026-10-06 16:33:57.939598
3410-MHHUM,44,One year,94.4,0.2013,Low,1,19.0,2509.88,505.24,2026-10-06 16:33:57.939598
2122-YWVYA,18,Month-to-month,75.4,0.314,Medium,1,23.68,2004.72,629.58,2026-10-06 16:33:57.939598
2296-DKZFP,65,Two year,71.0,0.0195,Low,0,1.39,1887.73,36.83,2026-10-06 16:33:57.939598
8909-BOLNL,3,One year,21.2,0.0486,Low,0,1.03,563.66,27.37,2026-10-06 16:33:57.939598
6603-YRDCJ,33,Two year,61.05,0.0195,Low,0,1.19,1623.18,31.67,2026-10-06 16:33:57.939598
3229-USWAR,34,One year,79.95,0.1364,Low,1,10.91,2125.69,290.04,2026-10-06 16:33:57.939598
2138-VFAPZ,14,Two year,19.7,0.0195,Low,0,0.38,523.78,10.22,2026-10-06 16:33:57.939598
6131-JLWZM,13,Month-to-month,20.3,0.0486,Low,0,0.99,539.73,26.21,2026-10-06 16:33:57.939598
0269-XFESX,23,One year,24.35,0.0486,Low,0,1.18,647.41,31.44,2026-10-06 16:33:57.939598
1709-EJDOX,47,Two year,19.75,0.0085,Low,0,0.17,525.11,4.47,2026-10-06 16:33:57.939598
4316-XCSLJ,17,Month-to-month,50.3,0.1364,Low,1,6.86,1337.36,182.48,2026-10-06 16:33:57.939598
9693-XMUOB,59,Month-to-month,50.25,0.314,Medium,1,15.78,1336.03,419.58,2026-10-06 16:33:57.939598
0383-CLDDA,69,Two year,85.35,0.0486,Low,0,4.15,2269.26,110.21,2026-10-06 16:33:57.939598
2709-UQGNP,10,Month-to-month,51.65,0.2013,Low,1,10.4,1373.26,276.43,2026-10-06 16:33:57.939598
3549-ZTMNH,12,Two year,24.0,0.0486,Low,0,1.17,638.11,30.99,2026-10-06 16:33:57.939598
8033-ATFAS,39,Month-to-month,59.85,0.2013,Low,1,12.05,1591.28,320.32,2026-10-06 16:33:57.939598
1635-NZATJ,71,Two year,25.45,0.0085,Low,0,0.22,676.66,5.76,2026-10-06 16:33:57.939598
0562-HKHML,71,Two year,23.9,0.0085,Low,0,0.2,635.45,5.41,2026-10-06 16:33:57.939598
8277-RVRSV,33,One year,24.15,0.0195,Low,0,0.47,642.09,12.53,2026-10-06 16:33:57.939598
9943-VSZUV,67,Month-to-month,75.7,0.314,Medium,1,23.77,2012.69,632.09,2026-10-06 16:33:57.939598
7054-ENNGU,9,Month-to-month,50.85,0.1364,Low,1,6.94,1351.99,184.47,2026-10-06 16:33:57.939598
1455-HFBXA,52,Two year,91.6,0.0486,Low,0,4.45,2435.44,118.28,2026-10-06 16:33:57.939598
9402-CXWPL,70,One year,98.9,0.1364,Low,1,13.49,2629.53,358.79,2026-10-06 16:33:57.939598
1628-BIZYP,1,Month-to-month,85.0,0.8864,High,1,75.34,2259.96,2003.14,2026-10-06 16:33:57.939598
0082-LDZUE,1,Month-to-month,44.3,0.5103,Medium,1,22.61,1177.84,601.1,2026-10-06 16:33:57.939598
5343-SGUBI,52,One year,80.2,0.1348,Low,1,10.81,2132.34,287.51,2026-10-06 16:33:57.939598
0856-NAOES,6,Month-to-month,60.9,0.3552,Medium,1,21.63,1619.19,575.16,2026-10-06 16:33:57.939598
1976-AZZPJ,7,Month-to-month,34.2,0.1364,Low,1,4.67,909.3,124.07,2026-10-06 16:33:57.939598
6156-UZDLF,26,One year,87.15,0.1348,Low,1,11.75,2317.12,312.42,2026-10-06 16:33:57.939598
3099-OONVS,25,Month-to-month,54.3,0.1348,Low,1,7.32,1443.71,194.66,2026-10-06 16:33:57.939598
9500-WBGRP,69,Two year,19.1,0.0163,Low,0,0.31,507.83,8.3,2026-10-06 16:33:57.939598
5183-KLYEM,72,Two year,112.75,0.0195,Low,0,2.2,2997.77,58.49,2026-10-06 16:33:57.939598
5144-PQCDZ,4,Month-to-month,19.95,0.1364,Low,1,2.72,530.43,72.37,2026-10-06 16:33:57.939598
8514-VZHEB,59,Two year,19.5,0.0195,Low,0,0.38,518.46,10.12,2026-10-06 16:33:57.939598
6625-IUTTT,67,Two year,65.55,0.0195,Low,0,1.28,1742.83,34.01,2026-10-06 16:33:57.939598
9355-NPPFS,26,Month-to-month,78.8,0.3789,Medium,1,29.86,2095.11,793.85,2026-10-06 16:33:57.939598
0068-FIGTF,27,One year,78.2,0.0877,Low,1,6.86,2079.16,182.38,2026-10-06 16:33:57.939598
5965-GGPRW,72,Two year,105.25,0.0486,Low,0,5.11,2798.36,135.9,2026-10-06 16:33:57.939598
8035-PWSEV,6,Month-to-month,89.25,0.6154,High,1,54.92,2372.96,1460.28,2026-10-06 16:33:57.939598
2236-HILPA,62,Two year,20.65,0.0163,Low,0,0.34,549.04,8.97,2026-10-06 16:33:57.939598
1840-BIUOG,20,One year,68.7,0.1364,Low,1,9.37,1826.58,249.23,2026-10-06 16:33:57.939598
1356-MKYSK,6,Month-to-month,78.65,0.2328,Low,1,18.31,2091.13,486.82,2026-10-06 16:33:57.939598
6080-LNESI,51,Two year,24.75,0.0085,Low,0,0.21,658.05,5.6,2026-10-06 16:33:57.939598
1830-IPXVJ,61,Two year,19.75,0.0163,Low,0,0.32,525.11,8.58,2026-10-06 16:33:57.939598
5828-DWPIL,62,Month-to-month,89.1,0.1364,Low,1,12.16,2368.97,323.23,2026-10-06 16:33:57.939598
8398-TBIYD,72,Two year,84.7,0.0195,Low,0,1.65,2251.98,43.94,2026-10-06 16:33:57.939598
2931-FSOHN,13,Month-to-month,59.9,0.3552,Medium,1,21.28,1592.61,565.71,2026-10-06 16:33:57.939598
9418-RUKPH,38,Two year,19.95,0.0085,Low,0,0.17,530.43,4.51,2026-10-06 16:33:57.939598
9971-ZWPBF,34,Month-to-month,108.9,0.3789,Medium,1,41.26,2895.41,1097.09,2026-10-06 16:33:57.939598
4712-AUQZO,18,Month-to-month,33.6,0.1364,Low,1,4.58,893.35,121.89,2026-10-06 16:33:57.939598
9711-FJTBX,56,One year,85.85,0.0486,Low,0,4.17,2282.56,110.85,2026-10-06 16:33:57.939598
2908-ZTPNF,36,Month-to-month,34.85,0.0877,Low,1,3.06,926.58,81.28,2026-10-06 16:33:57.939598
8421-WZOOW,57,Month-to-month,95.3,0.1364,Low,1,13.0,2533.81,345.73,2026-10-06 16:33:57.939598
1414-YADCW,70,Two year,84.6,0.0486,Low,0,4.11,2249.32,109.24,2026-10-06 16:33:57.939598
8756-RDDLT,68,Month-to-month,44.95,0.2013,Low,1,9.05,1195.12,240.58,2026-10-06 16:33:57.939598
2862-PFNIK,1,Month-to-month,24.7,0.6395,High,1,15.8,656.72,419.99,2026-10-06 16:33:57.939598
5816-QVHRX,37,Month-to-month,100.3,0.2564,Low,1,25.72,2666.75,683.78,2026-10-06 16:33:57.939598
4430-YHXGG,4,Month-to-month,25.45,0.1364,Low,1,3.47,676.66,92.33,2026-10-06 16:33:57.939598
6888-SBYAI,1,Month-to-month,50.7,0.3789,Medium,1,19.21,1348.0,510.77,2026-10-06 16:33:57.939598
7395-XWZOY,20,Month-to-month,55.0,0.2013,Low,1,11.07,1462.33,294.36,2026-10-06 16:33:57.939598
7169-YWAMK,72,Two year,68.4,0.0,Low,0,0.0,1818.6,0.0,2026-10-06 16:33:57.939598
6859-RKMZJ,11,Month-to-month,55.05,0.3552,Medium,1,19.55,1463.66,519.91,2026-10-06 16:33:57.939598
2729-VNVAP,33,Two year,19.8,0.0163,Low,0,0.32,526.44,8.6,2026-10-06 16:33:57.939598
2957-JIRMN,62,One year,84.45,0.1348,Low,1,11.39,2245.33,302.74,2026-10-06 16:33:57.939598
2049-BAFNW,1,Month-to-month,35.9,0.464,Medium,1,16.66,954.5,442.89,2026-10-06 16:33:57.939598
3842-QTGDL,16,Month-to-month,80.75,0.2328,Low,1,18.8,2146.96,499.82,2026-10-06 16:33:57.939598
7163-OCEQI,22,One year,78.65,0.1364,Low,1,10.73,2091.13,285.32,2026-10-06 16:33:57.939598
9782-LGXMC,49,Month-to-month,61.75,0.1348,Low,1,8.33,1641.79,221.37,2026-10-06 16:33:57.939598
5975-BAICR,36,One year,63.7,0.0877,Low,1,5.59,1693.64,148.56,2026-10-06 16:33:57.939598
4673-KKSLS,31,Month-to-month,87.6,0.2564,Low,1,22.46,2329.09,597.2,2026-10-06 16:33:57.939598
4853-OITSN,5,Month-to-month,89.15,0.6392,High,1,56.98,2370.3,1515.04,2026-10-06 16:33:57.939598
9800-OUIGR,66,Two year,20.0,0.0085,Low,0,0.17,531.75,4.53,2026-10-06 16:33:57.939598
2324-EFHVG,64,Two year,104.4,0.1364,Low,1,14.24,2775.76,378.74,2026-10-06 16:33:57.939598
7094-MSZAO,10,Month-to-month,20.05,0.1348,Low,1,2.7,533.08,71.88,2026-10-06 16:33:57.939598
6907-CQGPN,29,Month-to-month,34.3,0.1364,Low,1,4.68,911.96,124.43,2026-10-06 16:33:57.939598
0780-XNZFN,57,Two year,20.65,0.0195,Low,0,0.4,549.04,10.71,2026-10-06 16:33:57.939598
0239-OXEXL,46,Month-to-month,84.25,0.1364,Low,1,11.5,2240.02,305.64,2026-10-06 16:33:57.939598
2675-IJRGJ,53,Two year,19.65,0.0195,Low,0,0.38,522.45,10.19,2026-10-06 16:33:57.939598
7049-GKVZY,17,One year,79.85,0.0877,Low,1,7.0,2123.03,186.23,2026-10-06 16:33:57.939598
8577-QSOCG,38,Two year,20.2,0.0085,Low,0,0.17,537.07,4.57,2026-10-06 16:33:57.939598
3721-CNZHX,15,One year,19.8,0.0195,Low,0,0.39,526.44,10.27,2026-10-06 16:33:57.939598
0212-ISBBF,22,Month-to-month,50.35,0.5566,Medium,1,28.03,1338.69,745.12,2026-10-06 16:33:57.939598
3585-YNADK,57,One year,74.6,0.0486,Low,0,3.62,1983.45,96.33,2026-10-06 16:33:57.939598
5271-DBYSJ,11,Month-to-month,79.15,0.4348,Medium,1,34.41,2104.42,914.97,2026-10-06 16:33:57.939598
1099-GODLO,1,Two year,20.35,0.0486,Low,0,0.99,541.06,26.28,2026-10-06 16:33:57.939598
6828-HMKWP,12,Two year,21.05,0.0195,Low,0,0.41,559.67,10.92,2026-10-06 16:33:57.939598
1472-TNCWL,36,Month-to-month,94.7,0.314,Medium,1,29.74,2517.86,790.73,2026-10-06 16:33:57.939598
2080-GKCWQ,2,Month-to-month,74.95,0.5103,Medium,1,38.25,1992.75,1016.99,2026-10-06 16:33:57.939598
2193-SFWQW,72,Two year,111.95,0.0195,Low,0,2.18,2976.5,58.08,2026-10-06 16:33:57.939598
5656-JAMLX,62,Two year,19.85,0.0085,Low,0,0.17,527.77,4.49,2026-10-06 16:33:57.939598
3462-BJQQA,6,Month-to-month,89.75,0.878,High,1,78.8,2386.25,2095.24,2026-10-06 16:33:57.939598
0442-TDYUO,48,Two year,20.05,0.0163,Low,0,0.33,533.08,8.71,2026-10-06 16:33:57.939598
6733-LRIZX,35,Two year,108.95,0.1364,Low,1,14.87,2896.73,395.25,2026-10-06 16:33:57.939598
9503-XJUME,52,One year,19.65,0.0195,Low,0,0.38,522.45,10.19,2026-10-06 16:33:57.939598
4367-NHWMM,1,Month-to-month,24.9,0.6392,High,1,15.92,662.03,423.16,2026-10-06 16:33:57.939598
3779-OSWCF,71,Two year,93.2,0.0163,Low,0,1.52,2477.98,40.49,2026-10-06 16:33:57.939598
6736-DHUQI,67,One year,84.8,0.0486,Low,0,4.12,2254.64,109.5,2026-10-06 16:33:57.939598
3915-ODIYG,60,One year,71.75,0.1364,Low,1,9.79,1907.67,260.29,2026-10-06 16:33:57.939598
1360-RCYRT,23,Month-to-month,30.35,0.1364,Low,1,4.14,806.94,110.1,2026-10-06 16:33:57.939598
2724-FJDYW,39,One year,54.85,0.0625,Low,0,3.43,1458.34,91.17,2026-10-06 16:33:57.939598
4451-RWASJ,15,One year,19.5,0.0195,Low,0,0.38,518.46,10.12,2026-10-06 16:33:57.939598
3460-TJBWI,24,Two year,24.2,0.0163,Low,0,0.4,643.42,10.51,2026-10-06 16:33:57.939598
5917-HBSDW,37,Month-to-month,19.35,0.0877,Low,1,1.7,514.47,45.13,2026-10-06 16:33:57.939598
5671-UUNXD,50,One year,100.65,0.3552,Medium,1,35.75,2676.06,950.57,2026-10-06 16:33:57.939598
0956-ACVZC,54,One year,94.1,0.2013,Low,1,18.94,2501.91,503.63,2026-10-06 16:33:57.939598
2325-NBPZG,3,Month-to-month,74.55,0.5566,Medium,1,41.49,1982.12,1103.25,2026-10-06 16:33:57.939598
4482-FTFFX,5,Month-to-month,56.15,0.2564,Low,1,14.4,1492.9,382.8,2026-10-06 16:33:57.939598
8859-DZTGQ,33,Two year,20.35,0.0085,Low,0,0.17,541.06,4.6,2026-10-06 16:33:57.939598
0440-MOGPM,41,One year,80.55,0.2328,Low,1,18.75,2141.64,498.58,2026-10-06 16:33:57.939598
0020-JDNXP,34,One year,61.25,0.0486,Low,0,2.97,1628.5,79.09,2026-10-06 16:33:57.939598
3752-CQSJI,13,Month-to-month,20.45,0.0568,Low,0,1.16,543.72,30.89,2026-10-06 16:33:57.939598
5025-GOOKI,20,Month-to-month,18.9,0.0486,Low,0,0.92,502.51,24.4,2026-10-06 16:33:57.939598
4698-KVLLG,51,Two year,19.6,0.0195,Low,0,0.38,521.12,10.17,2026-10-06 16:33:57.939598
2887-JPYLU,41,Month-to-month,45.2,0.1364,Low,1,6.17,1201.77,163.98,2026-10-06 16:33:57.939598
4770-QAZXN,13,Month-to-month,19.45,0.0877,Low,1,1.71,517.13,45.36,2026-10-06 16:33:57.939598
4896-CPRPF,35,Two year,25.45,0.0195,Low,0,0.5,676.66,13.2,2026-10-06 16:33:57.939598
9714-EDSUC,4,Month-to-month,94.9,0.3789,Medium,1,35.96,2523.18,956.05,2026-10-06 16:33:57.939598
0282-NVSJS,12,Month-to-month,29.3,0.2564,Low,1,7.51,779.02,199.75,2026-10-06 16:33:57.939598
7353-YOWFP,7,One year,20.25,0.0486,Low,0,0.98,538.4,26.15,2026-10-06 16:33:57.939598
8008-ESFLK,53,One year,110.5,0.2013,Low,1,22.24,2937.95,591.4,2026-10-06 16:33:57.939598
7537-CBQUZ,63,Month-to-month,109.4,0.2564,Low,1,28.05,2908.7,745.82,2026-10-06 16:33:57.939598
3363-EWLGO,5,Month-to-month,19.95,0.1348,Low,1,2.69,530.43,71.52,2026-10-06 16:33:57.939598
4750-UKWJK,37,One year,19.6,0.0195,Low,0,0.38,521.12,10.17,2026-10-06 16:33:57.939598
1689-YQBYY,12,Month-to-month,76.6,0.5923,Medium,1,45.37,2036.62,1206.24,2026-10-06 16:33:57.939598
4487-ZYJZK,38,One year,19.6,0.0163,Low,0,0.32,521.12,8.52,2026-10-06 16:33:57.939598
2959-FENLU,9,Month-to-month,85.3,0.5923,Medium,1,50.52,2267.93,1343.24,2026-10-06 16:33:57.939598
0708-LGSMF,13,Month-to-month,65.85,0.314,Medium,1,20.68,1750.8,549.84,2026-10-06 16:33:57.939598
7634-HLQJR,47,Two year,20.05,0.0085,Low,0,0.17,533.08,4.54,2026-10-06 16:33:57.939598
0487-RPVUM,61,Month-to-month,99.4,0.1364,Low,1,13.56,2642.82,360.6,2026-10-06 16:33:57.939598
4079-ULGFR,16,Month-to-month,20.0,0.0877,Low,1,1.75,531.75,46.65,2026-10-06 16:33:57.939598
2516-XSJKX,41,Two year,78.45,0.0195,Low,0,1.53,2085.81,40.7,2026-10-06 16:33:57.939598
0057-QBUQH,43,Two year,25.1,0.0195,Low,0,0.49,667.35,13.02,2026-10-06 16:33:57.939598
6599-SFQVE,6,Month-to-month,55.0,0.5103,Medium,1,28.07,1462.33,746.29,2026-10-06 16:33:57.939598
8331-ZXFOE,58,One year,71.1,0.0486,Low,0,3.45,1890.39,91.81,2026-10-06 16:33:57.939598
4003-FUSHP,19,Month-to-month,61.55,0.2328,Low,1,14.33,1636.48,380.98,2026-10-06 16:33:57.939598
0356-ERHVT,11,Month-to-month,45.9,0.2328,Low,1,10.69,1220.38,284.11,2026-10-06 16:33:57.939598
7325-ENZFI,39,One year,40.3,0.0486,Low,0,1.96,1071.49,52.04,2026-10-06 16:33:57.939598
4884-ZTHVF,8,Month-to-month,87.1,0.6392,High,1,55.67,2315.79,1480.2,2026-10-06 16:33:57.939598
3920-HIHMQ,26,Month-to-month,49.5,0.1364,Low,1,6.75,1316.09,179.57,2026-10-06 16:33:57.939598
3055-OYMSE,53,Month-to-month,73.8,0.1364,Low,1,10.07,1962.18,267.73,2026-10-06 16:33:57.939598
0613-WUXUM,70,Two year,19.2,0.0085,Low,0,0.16,510.48,4.34,2026-10-06 16:33:57.939598
4458-KVRBJ,59,Two year,25.0,0.0085,Low,0,0.21,664.69,5.66,2026-10-06 16:33:57.939598
1397-XKKWR,7,One year,35.3,0.0486,Low,0,1.71,938.55,45.58,2026-10-06 16:33:57.939598
8097-OMULG,59,One year,76.75,0.0877,Low,1,6.73,2040.61,179.0,2026-10-06 16:33:57.939598
6013-BHCAW,61,Two year,81.0,0.0195,Low,0,1.58,2153.61,42.02,2026-10-06 16:33:57.939598
0401-WDBXM,72,Two year,105.55,0.0486,Low,0,5.13,2806.34,136.29,2026-10-06 16:33:57.939598
3387-PLKUI,13,Month-to-month,18.8,0.0486,Low,0,0.91,499.85,24.28,2026-10-06 16:33:57.939598
6096-EGVTU,64,One year,24.9,0.0195,Low,0,0.49,662.03,12.92,2026-10-06 16:33:57.939598
5081-NWSUP,10,One year,64.9,0.1348,Low,1,8.75,1725.54,232.66,2026-10-06 16:33:57.939598
2580-ATZSQ,65,One year,61.35,0.0195,Low,0,1.2,1631.16,31.83,2026-10-06 16:33:57.939598
8085-MSNLK,62,Two year,113.95,0.0486,Low,0,5.53,3029.67,147.14,2026-10-06 16:33:57.939598
9691-HKOVS,55,One year,90.15,0.0877,Low,1,7.91,2396.88,210.25,2026-10-06 16:33:57.939598
9881-VCZEP,25,Month-to-month,54.1,0.2564,Low,1,13.87,1438.4,368.82,2026-10-06 16:33:57.939598
8757-TFHHJ,1,Month-to-month,49.8,0.3552,Medium,1,17.69,1324.07,470.33,2026-10-06 16:33:57.939598
1468-DEFNC,64,Two year,24.4,0.0163,Low,0,0.4,648.74,10.6,2026-10-06 16:33:57.939598
5119-KEPFY,36,Month-to-month,95.0,0.3789,Medium,1,36.0,2525.84,957.05,2026-10-06 16:33:57.939598
0916-KNFAJ,61,Two year,69.9,0.0486,Low,0,3.39,1858.48,90.26,2026-10-06 16:33:57.939598
8319-QBEHW,26,One year,39.95,0.1348,Low,1,5.39,1062.18,143.22,2026-10-06 16:33:57.939598
9625-QNLUX,68,Two year,103.25,0.0877,Low,1,9.06,2745.18,240.81,2026-10-06 16:33:57.939598
4024-CSNBY,72,Two year,94.25,0.0085,Low,0,0.8,2505.89,21.33,2026-10-06 16:33:57.939598
7110-BDTWG,71,Two year,47.05,0.0877,Low,1,4.13,1250.95,109.73,2026-10-06 16:33:57.939598
7493-GVFIO,57,Two year,20.55,0.0085,Low,0,0.17,546.38,4.65,2026-10-06 16:33:57.939598
0690-SRQID,4,Month-to-month,19.65,0.1364,Low,1,2.68,522.45,71.29,2026-10-06 16:33:57.939598
9605-WGJVW,1,Month-to-month,70.2,0.878,High,1,61.64,1866.46,1638.84,2026-10-06 16:33:57.939598
9114-DPSIA,72,Two year,81.0,0.0163,Low,0,1.32,2153.61,35.19,2026-10-06 16:33:57.939598
4700-UBQMV,21,One year,75.9,0.1364,Low,1,10.36,2018.01,275.35,2026-10-06 16:33:57.939598
7711-GQBZC,71,Two year,24.7,0.0085,Low,0,0.21,656.72,5.59,2026-10-06 16:33:57.939598
4627-MIHJH,69,Two year,110.25,0.1364,Low,1,15.04,2931.3,399.96,2026-10-06 16:33:57.939598
9795-NREXC,64,Two year,85.0,0.0195,Low,0,1.66,2259.96,44.1,2026-10-06 16:33:57.939598
8573-CGOCC,16,Month-to-month,19.75,0.1348,Low,1,2.66,525.11,70.8,2026-10-06 16:33:57.939598
7356-AYNJP,4,One year,23.9,0.0877,Low,1,2.1,635.45,55.74,2026-10-06 16:33:57.939598
6286-SUUWT,1,Month-to-month,19.95,0.3789,Medium,1,7.56,530.43,200.98,2026-10-06 16:33:57.939598
4819-HJPIW,18,Month-to-month,25.15,0.2013,Low,1,5.06,668.68,134.6,2026-10-06 16:33:57.939598
8654-DHAOW,2,Month-to-month,54.15,0.3552,Medium,1,19.23,1439.73,511.41,2026-10-06 16:33:57.939598
5438-QMDDL,19,Month-to-month,59.8,0.2564,Low,1,15.33,1589.95,407.68,2026-10-06 16:33:57.939598
9812-GHVRI,40,Month-to-month,83.85,0.3552,Medium,1,29.78,2229.38,791.9,2026-10-06 16:33:57.939598
5553-AOINX,66,One year,104.9,0.2328,Low,1,24.42,2789.05,649.3,2026-10-06 16:33:57.939598
1228-ZLNBX,21,Month-to-month,75.3,0.314,Medium,1,23.65,2002.06,628.75,2026-10-06 16:33:57.939598
4226-KKDON,8,Month-to-month,66.65,0.2564,Low,1,17.09,1772.07,454.38,2026-10-06 16:33:57.939598
3831-YCPUO,72,Two year,109.5,0.0195,Low,0,2.14,2911.36,56.81,2026-10-06 16:33:57.939598
7445-WMRBW,48,One year,73.85,0.0486,Low,0,3.59,1963.5,95.36,2026-10-06 16:33:57.939598
3308-DGHKL,69,Two year,19.3,0.0163,Low,0,0.32,513.14,8.38,2026-10-06 16:33:57.939598
9924-JPRMC,72,Two year,118.2,0.0195,Low,0,2.31,3142.67,61.32,2026-10-06 16:33:57.939598
0080-EMYVY,14,One year,51.45,0.1348,Low,1,6.94,1367.94,184.44,2026-10-06 16:33:57.939598
6218-KNUBD,6,Month-to-month,59.45,0.314,Medium,1,18.67,1580.64,496.4,2026-10-06 16:33:57.939598
7337-CINUD,8,Two year,19.5,0.0195,Low,0,0.38,518.46,10.12,2026-10-06 16:33:57.939598
7609-NRNCA,17,One year,19.55,0.0195,Low,0,0.38,519.79,10.14,2026-10-06 16:33:57.939598
0623-EJQEG,65,One year,93.55,0.1348,Low,1,12.61,2487.28,335.36,2026-10-06 16:33:57.939598
7153-CHRBV,57,One year,59.3,0.0195,Low,0,1.16,1576.65,30.76,2026-10-06 16:33:57.939598
6198-PNNSZ,56,One year,109.8,0.1364,Low,1,14.98,2919.33,398.33,2026-10-06 16:33:57.939598
3317-VLGQT,14,Month-to-month,78.1,0.5758,Medium,1,44.97,2076.5,1195.56,2026-10-06 16:33:57.939598
4132-POCZS,52,Month-to-month,39.9,0.2564,Low,1,10.23,1060.85,272.01,2026-10-06 16:33:57.939598
5614-DNZCE,58,Two year,64.9,0.0195,Low,0,1.27,1725.54,33.67,2026-10-06 16:33:57.939598
3896-RCYYE,67,Month-to-month,53.4,0.1364,Low,1,7.29,1419.79,193.72,2026-10-06 16:33:57.939598
9638-JIQYA,2,Month-to-month,24.9,0.5758,Medium,1,14.34,662.03,381.17,2026-10-06 16:33:57.939598
3258-SANFR,6,Month-to-month,44.7,0.2013,Low,1,9.0,1188.47,239.24,2026-10-06 16:33:57.939598
3726-TBHQT,71,Two year,114.0,0.0486,Low,0,5.54,3031.0,147.2,2026-10-06 16:33:57.939598
3190-ITQXP,46,Two year,20.25,0.0163,Low,0,0.33,538.4,8.8,2026-10-06 16:33:57.939598
4833-QTJNO,67,Month-to-month,83.85,0.2328,Low,1,19.52,2229.38,519.01,2026-10-06 16:33:57.939598
3039-MJSLN,3,Month-to-month,20.2,0.1364,Low,1,2.76,537.07,73.28,2026-10-06 16:33:57.939598
0178-CIIKR,3,Month-to-month,19.95,0.2013,Low,1,4.02,530.43,106.77,2026-10-06 16:33:57.939598
5774-QPLTF,50,One year,20.35,0.0195,Low,0,0.4,541.06,10.56,2026-10-06 16:33:57.939598
2322-VCZHZ,23,Month-to-month,90.0,0.3552,Medium,1,31.97,2392.9,849.99,2026-10-06 16:33:57.939598
5010-IPEAQ,67,Two year,54.2,0.0163,Low,0,0.89,1441.06,23.55,2026-10-06 16:33:57.939598
6383-ZTSIW,39,One year,99.1,0.1364,Low,1,13.52,2634.85,359.51,2026-10-06 16:33:57.939598
8990-YOZLV,69,Two year,66.9,0.0163,Low,0,1.09,1778.72,29.06,2026-10-06 16:33:57.939598
3069-SSVSN,1,One year,25.85,0.2328,Low,1,6.02,687.29,160.0,2026-10-06 16:33:57.939598
5222-IMUKT,32,Month-to-month,91.05,0.3552,Medium,1,32.34,2420.81,859.9,2026-10-06 16:33:57.939598
6685-XSHHU,60,Two year,20.95,0.0085,Low,0,0.18,557.01,4.74,2026-10-06 16:33:57.939598
8901-UPRHR,72,Two year,109.2,0.0486,Low,0,5.3,2903.38,141.0,2026-10-06 16:33:57.939598
0118-JPNOY,26,Month-to-month,85.8,0.3552,Medium,1,30.48,2281.23,810.32,2026-10-06 16:33:57.939598
3845-FXCYS,2,Month-to-month,19.65,0.2328,Low,1,4.57,522.45,121.63,2026-10-06 16:33:57.939598
5857-XRECV,2,One year,20.5,0.0486,Low,0,1.0,545.05,26.47,2026-10-06 16:33:57.939598
0725-CXOTM,36,One year,89.65,0.0877,Low,1,7.86,2383.59,209.09,2026-10-06 16:33:57.939598
4343-EJVQB,7,Month-to-month,74.35,0.3552,Medium,1,26.41,1976.8,702.18,2026-10-06 16:33:57.939598
9000-PLFUZ,60,Two year,49.45,0.0486,Low,0,2.4,1314.76,63.85,2026-10-06 16:33:57.939598
3427-GGZZI,19,Month-to-month,89.1,0.5566,Medium,1,49.59,2368.97,1318.58,2026-10-06 16:33:57.939598
7779-ORAEL,45,Two year,75.15,0.0195,Low,0,1.47,1998.07,38.99,2026-10-06 16:33:57.939598
0644-OQMDK,4,Month-to-month,70.65,0.5923,Medium,1,41.84,1878.42,1112.54,2026-10-06 16:33:57.939598
3154-CFSZG,47,Month-to-month,90.05,0.2328,Low,1,20.96,2394.23,557.39,2026-10-06 16:33:57.939598
2220-IAHLS,1,Month-to-month,19.4,0.314,Medium,1,6.09,515.8,161.99,2026-10-06 16:33:57.939598
1658-XUHBX,59,Month-to-month,88.75,0.2328,Low,1,20.66,2359.66,549.34,2026-10-06 16:33:57.939598
2378-HTWFW,35,Month-to-month,91.0,0.2564,Low,1,23.33,2419.48,620.38,2026-10-06 16:33:57.939598
4377-VDHYI,32,One year,90.8,0.1364,Low,1,12.39,2414.17,329.4,2026-10-06 16:33:57.939598
3719-TDVQB,54,Two year,18.95,0.0195,Low,0,0.37,503.84,9.83,2026-10-06 16:33:57.939598
0201-MIBOL,66,Two year,102.4,0.1348,Low,1,13.81,2722.58,367.09,2026-10-06 16:33:57.939598
4937-QPZPO,61,One year,99.9,0.314,Medium,1,31.37,2656.12,834.15,2026-10-06 16:33:57.939598
2925-VDZHY,72,Two year,88.7,0.0085,Low,0,0.75,2358.33,20.07,2026-10-06 16:33:57.939598
6981-TDRFT,44,One year,54.3,0.1348,Low,1,7.32,1443.71,194.66,2026-10-06 16:33:57.939598
3413-CSSTH,41,Month-to-month,55.7,0.1364,Low,1,7.6,1480.94,202.07,2026-10-06 16:33:57.939598
8033-VCZGH,50,One year,103.95,0.3789,Medium,1,39.39,2763.8,1047.22,2026-10-06 16:33:57.939598
0224-NIJLP,8,Two year,20.15,0.0195,Low,0,0.39,535.74,10.45,2026-10-06 16:33:57.939598
7542-CYDDM,18,Month-to-month,20.05,0.1364,Low,1,2.74,533.08,72.74,2026-10-06 16:33:57.939598
4718-WXBGI,72,Two year,91.95,0.0,Low,0,0.0,2444.74,0.0,2026-10-06 16:33:57.939598
8495-PRWFH,42,Month-to-month,55.65,0.3552,Medium,1,19.77,1479.61,525.57,2026-10-06 16:33:57.939598
0439-IFYUN,18,Month-to-month,74.7,0.464,Medium,1,34.66,1986.1,921.55,2026-10-06 16:33:57.939598
5716-LIBJC,13,One year,104.15,0.314,Medium,1,32.71,2769.11,869.64,2026-10-06 16:33:57.939598
2868-LLSKM,68,One year,83.65,0.0877,Low,1,7.34,2224.06,195.09,2026-10-06 16:33:57.939598
2988-QRAJY,69,Two year,110.05,0.1364,Low,1,15.02,2925.98,399.24,2026-10-06 16:33:57.939598
0071-NDAFP,25,Two year,25.5,0.0195,Low,0,0.5,677.99,13.23,2026-10-06 16:33:57.939598
7328-ZJAJO,59,Two year,19.5,0.0163,Low,0,0.32,518.46,8.47,2026-10-06 16:33:57.939598
6458-CYIDZ,5,Month-to-month,80.7,0.3552,Medium,1,28.67,2145.63,762.15,2026-10-06 16:33:57.939598
1090-PYKCI,69,One year,105.1,0.0877,Low,1,9.22,2794.37,245.12,2026-10-06 16:33:57.939598
3058-WQDRE,13,Month-to-month,25.15,0.314,Medium,1,7.9,668.68,210.0,2026-10-06 16:33:57.939598
2279-AXJJK,52,Month-to-month,95.65,0.2564,Low,1,24.53,2543.12,652.08,2026-10-06 16:33:57.939598
0909-SELIE,61,Two year,80.8,0.0195,Low,0,1.58,2148.29,41.92,2026-10-06 16:33:57.939598
3417-TSCIC,29,One year,24.85,0.0877,Low,1,2.18,660.71,57.96,2026-10-06 16:33:57.939598
1042-HFUCW,25,One year,54.75,0.0877,Low,1,4.8,1455.68,127.69,2026-10-06 16:33:57.939598
6537-OTKMY,15,One year,50.75,0.2564,Low,1,13.01,1349.33,345.98,2026-10-06 16:33:57.939598
8999-EXMNO,19,Two year,20.15,0.0195,Low,0,0.39,535.74,10.45,2026-10-06 16:33:57.939598
6725-TPKJO,44,Two year,20.05,0.0085,Low,0,0.17,533.08,4.54,2026-10-06 16:33:57.939598
7162-WPHPM,58,Two year,71.6,0.0163,Low,0,1.17,1903.68,31.11,2026-10-06 16:33:57.939598
1599-MMYRQ,62,One year,81.45,0.0486,Low,0,3.96,2165.57,105.17,2026-10-06 16:33:57.939598
8821-KVZKQ,70,One year,58.4,0.0486,Low,0,2.84,1552.72,75.41,2026-10-06 16:33:57.939598
6434-TTGJP,10,Two year,53.7,0.0195,Low,0,1.05,1427.76,27.86,2026-10-06 16:33:57.939598
0042-JVWOJ,26,One year,19.6,0.0486,Low,0,0.95,521.12,25.31,2026-10-06 16:33:57.939598
0130-SXOUN,66,Month-to-month,89.4,0.2564,Low,1,22.92,2376.94,609.47,2026-10-06 16:33:57.939598
2330-PQGDQ,51,One year,84.2,0.1348,Low,1,11.35,2238.69,301.85,2026-10-06 16:33:57.939598
1452-UZOSF,72,Two year,106.1,0.0195,Low,0,2.07,2820.96,55.04,2026-10-06 16:33:57.939598
2097-YVPKN,65,Two year,25.75,0.0163,Low,0,0.42,684.63,11.19,2026-10-06 16:33:57.939598
8597-CTXVJ,70,One year,64.95,0.0195,Low,0,1.27,1726.87,33.7,2026-10-06 16:33:57.939598
6631-HMANX,72,Two year,85.45,0.0195,Low,0,1.67,2271.92,44.33,2026-10-06 16:33:57.939598
9962-BFPDU,1,Month-to-month,20.05,0.3789,Medium,1,7.6,533.08,201.99,2026-10-06 16:33:57.939598
6394-HHHZM,3,Month-to-month,20.7,0.1364,Low,1,2.82,550.37,75.09,2026-10-06 16:33:57.939598
5995-LFTLE,58,Two year,25.3,0.0163,Low,0,0.41,672.67,10.99,2026-10-06 16:33:57.939598
1932-UEDCX,33,Month-to-month,100.6,0.3789,Medium,1,38.12,2674.73,1013.47,2026-10-06 16:33:57.939598
5188-HGMLP,54,Month-to-month,74.0,0.2328,Low,1,17.23,1967.49,458.04,2026-10-06 16:33:57.939598
0665-XHDJU,72,Two year,99.4,0.1348,Low,1,13.4,2642.82,356.34,2026-10-06 16:33:57.939598
8265-HKSOW,72,Two year,107.45,0.0163,Low,0,1.76,2856.85,46.68,2026-10-06 16:33:57.939598
3544-FBCAS,72,Two year,83.6,0.0195,Low,0,1.63,2222.74,43.37,2026-10-06 16:33:57.939598
5331-RGMTT,54,Month-to-month,99.05,0.5923,Medium,1,58.66,2633.52,1559.76,2026-10-06 16:33:57.939598
4759-PXTAN,59,One year,80.1,0.0877,Low,1,7.03,2129.68,186.81,2026-10-06 16:33:57.939598
7054-DMVAS,54,Two year,65.3,0.0486,Low,0,3.17,1736.18,84.32,2026-10-06 16:33:57.939598
3428-MMGUB,60,Two year,89.55,0.0877,Low,1,7.86,2380.93,208.85,2026-10-06 16:33:57.939598
6549-BTYPG,60,Two year,60.8,0.0195,Low,0,1.19,1616.53,31.54,2026-10-06 16:33:57.939598
7823-JSOAG,3,Month-to-month,74.5,0.5923,Medium,1,44.12,1980.79,1173.17,2026-10-06 16:33:57.939598
3705-RHRFR,69,Two year,99.15,0.0877,Low,1,8.7,2636.17,231.24,2026-10-06 16:33:57.939598
9374-YOLBJ,1,Month-to-month,19.25,0.2328,Low,1,4.48,511.81,119.15,2026-10-06 16:33:57.939598
9074-KGVOX,50,Month-to-month,39.45,0.1364,Low,1,5.38,1048.89,143.12,2026-10-06 16:33:57.939598
6128-DAFVY,56,Month-to-month,44.85,0.2328,Low,1,10.44,1192.46,277.61,2026-10-06 16:33:57.939598
9933-QRGTX,60,Two year,97.2,0.0486,Low,0,4.72,2584.33,125.51,2026-10-06 16:33:57.939598
4476-OSWTN,69,One year,110.55,0.314,Medium,1,34.72,2939.27,923.08,2026-10-06 16:33:57.939598
5066-GFJMM,3,Month-to-month,19.9,0.1364,Low,1,2.72,529.1,72.19,2026-10-06 16:33:57.939598
2661-GKBTK,60,Two year,76.95,0.0195,Low,0,1.5,2045.93,39.92,2026-10-06 16:33:57.939598
0458-HEUZG,13,Two year,35.4,0.0486,Low,0,1.72,941.21,45.71,2026-10-06 16:33:57.939598
7268-WNTCP,62,Two year,20.45,0.0085,Low,0,0.17,543.72,4.63,2026-10-06 16:33:57.939598
0824-VWDPO,45,One year,96.75,0.1348,Low,1,13.04,2572.36,346.84,2026-10-06 16:33:57.939598
8409-WQJUX,25,One year,54.2,0.1364,Low,1,7.4,1441.06,196.63,2026-10-06 16:33:57.939598
2578-JQPHZ,44,Two year,100.1,0.1348,Low,1,13.5,2661.43,358.84,2026-10-06 16:33:57.939598
3278-FSIXX,2,Month-to-month,45.25,0.5923,Medium,1,26.8,1203.1,712.56,2026-10-06 16:33:57.939598
9746-UGFAC,22,One year,20.85,0.0195,Low,0,0.41,554.35,10.82,2026-10-06 16:33:57.939598
2946-KIQSP,35,Month-to-month,33.45,0.1364,Low,1,4.56,889.36,121.35,2026-10-06 16:33:57.939598
0625-AFOHS,29,Two year,20.2,0.0163,Low,0,0.33,537.07,8.78,2026-10-06 16:33:57.939598
6726-WEXXK,27,One year,85.9,0.1364,Low,1,11.72,2283.89,311.63,2026-10-06 16:33:57.939598
4636-OLWOE,54,One year,61.0,0.0877,Low,1,5.35,1621.85,142.27,2026-10-06 16:33:57.939598
4685-ERGHK,57,One year,86.9,0.2013,Low,1,17.49,2310.47,465.1,2026-10-06 16:33:57.939598
0885-HMGPY,62,Two year,69.4,0.0195,Low,0,1.35,1845.19,36.0,2026-10-06 16:33:57.939598
5003-OKNNK,15,One year,20.35,0.0195,Low,0,0.4,541.06,10.56,2026-10-06 16:33:57.939598
7208-PSIHR,70,Two year,104.3,0.1364,Low,1,14.23,2773.1,378.38,2026-10-06 16:33:57.939598
4012-ZTHBR,21,Month-to-month,44.95,0.3552,Medium,1,15.97,1195.12,424.52,2026-10-06 16:33:57.939598
0489-WMEMG,23,One year,49.45,0.1364,Low,1,6.75,1314.76,179.39,2026-10-06 16:33:57.939598
7435-ZNUYY,6,One year,20.6,0.0486,Low,0,1.0,547.71,26.6,2026-10-06 16:33:57.939598
1354-YZFNB,4,Two year,19.55,0.0195,Low,0,0.38,519.79,10.14,2026-10-06 16:33:57.939598
2985-FMWYF,23,Month-to-month,93.5,0.6392,High,1,59.76,2485.95,1588.96,2026-10-06 16:33:57.939598
2812-ENYMO,26,One year,54.55,0.0877,Low,1,4.79,1450.36,127.22,2026-10-06 16:33:57.939598
2717-HVIZY,8,Month-to-month,20.05,0.0877,Low,1,1.76,533.08,46.76,2026-10-06 16:33:57.939598
3422-GALYP,2,Month-to-month,79.45,0.6491,High,1,51.57,2112.4,1371.2,2026-10-06 16:33:57.939598
2890-WFBHU,59,One year,79.85,0.0486,Low,0,3.88,2123.03,103.11,2026-10-06 16:33:57.939598
0327-WFZSY,39,One year,100.0,0.314,Medium,1,31.4,2658.77,834.99,2026-10-06 16:33:57.939598
7977-HXJKU,21,Two year,19.6,0.0195,Low,0,0.38,521.12,10.17,2026-10-06 16:33:57.939598
7033-CLAMM,48,Two year,20.2,0.0085,Low,0,0.17,537.07,4.57,2026-10-06 16:33:57.939598
4023-RTIQM,31,One year,50.4,0.1348,Low,1,6.8,1340.02,180.68,2026-10-06 16:33:57.939598
0864-FVJNJ,64,One year,113.35,0.1348,Low,1,15.28,3013.72,406.34,2026-10-06 16:33:57.939598
7356-IWLFW,46,Month-to-month,80.0,0.2564,Low,1,20.51,2127.02,545.39,2026-10-06 16:33:57.939598
9541-PWTWO,52,Two year,80.95,0.0486,Low,0,3.93,2152.28,104.53,2026-10-06 16:33:57.939598
3967-VQOGC,67,Two year,24.9,0.0085,Low,0,0.21,662.03,5.63,2026-10-06 16:33:57.939598
7872-RDDLZ,67,Month-to-month,54.9,0.2013,Low,1,11.05,1459.67,293.83,2026-10-06 16:33:57.939598
6308-CQRBU,71,Two year,109.25,0.1348,Low,1,14.73,2904.71,391.65,2026-10-06 16:33:57.939598
0186-CAERR,71,One year,116.3,0.1348,Low,1,15.68,3092.15,416.92,2026-10-06 16:33:57.939598
3043-SUDUA,32,Month-to-month,19.9,0.0486,Low,0,0.97,529.1,25.7,2026-10-06 16:33:57.939598
5442-BHQNG,2,Month-to-month,70.35,0.5923,Medium,1,41.67,1870.45,1107.82,2026-10-06 16:33:57.939598
2169-RRLFW,71,Two year,25.6,0.0085,Low,0,0.22,680.65,5.79,2026-10-06 16:33:57.939598
5872-OEQNH,60,One year,44.45,0.1364,Low,1,6.06,1181.83,161.25,2026-10-06 16:33:57.939598
3162-KKZXO,55,One year,100.15,0.3789,Medium,1,37.95,2662.76,1008.94,2026-10-06 16:33:57.939598
8873-GLDMH,6,Month-to-month,73.85,0.6395,High,1,47.23,1963.5,1255.73,2026-10-06 16:33:57.939598
5696-JVVQY,48,Two year,70.1,0.0195,Low,0,1.37,1863.8,36.37,2026-10-06 16:33:57.939598
8946-BFWSG,63,Two year,25.25,0.0085,Low,0,0.21,671.34,5.71,2026-10-06 16:33:57.939598
0547-HURJB,12,Month-to-month,21.05,0.0877,Low,1,1.85,559.67,49.09,2026-10-06 16:33:57.939598
8904-OPDCK,54,Month-to-month,24.95,0.2328,Low,1,5.81,663.36,154.43,2026-10-06 16:33:57.939598
8845-LWKGE,30,One year,64.5,0.0877,Low,1,5.66,1714.91,150.43,2026-10-06 16:33:57.939598
0691-NIKRI,40,One year,105.95,0.3552,Medium,1,37.63,2816.97,1000.62,2026-10-06 16:33:57.939598
5022-JNQEQ,9,Month-to-month,75.85,0.464,Medium,1,35.19,2016.68,935.74,2026-10-06 16:33:57.939598
3249-VHRIP,62,Two year,43.6,0.1348,Low,1,5.88,1159.23,156.3,2026-10-06 16:33:57.939598
3736-BLEPA,28,One year,91.25,0.1364,Low,1,12.45,2426.13,331.03,2026-10-06 16:33:57.939598
4701-LKOZD,70,Two year,89.75,0.0195,Low,0,1.75,2386.25,46.56,2026-10-06 16:33:57.939598
6603-QWSPR,46,Two year,104.4,0.1364,Low,1,14.24,2775.76,378.74,2026-10-06 16:33:57.939598
9921-QFQUL,23,Month-to-month,90.15,0.2564,Low,1,23.12,2396.88,614.59,2026-10-06 16:33:57.939598
1929-ZCBHE,47,One year,40.3,0.0195,Low,0,0.79,1071.49,20.91,2026-10-06 16:33:57.939598
4378-MYPGO,68,Two year,105.25,0.1364,Low,1,14.36,2798.36,381.82,2026-10-06 16:33:57.939598
4129-LYCOI,67,Two year,104.0,0.1364,Low,1,14.19,2765.13,377.29,2026-10-06 16:33:57.939598
7798-JVXYM,14,Month-to-month,69.65,0.2564,Low,1,17.86,1851.84,474.83,2026-10-06 16:33:57.939598
8647-SDTWQ,57,Month-to-month,74.3,0.314,Medium,1,23.33,1975.47,620.4,2026-10-06 16:33:57.939598
2696-ECXKC,55,One year,100.9,0.1364,Low,1,13.77,2682.7,366.04,2026-10-06 16:33:57.939598
2081-KJSQF,1,Month-to-month,20.25,0.3789,Medium,1,7.67,538.4,204.0,2026-10-06 16:33:57.939598
3323-CPBWR,23,Month-to-month,96.9,0.3789,Medium,1,36.72,2576.35,976.2,2026-10-06 16:33:57.939598
3384-CTMSF,47,Month-to-month,104.1,0.6,High,1,62.46,2767.78,1660.67,2026-10-06 16:33:57.939598
0902-RFHOF,38,One year,20.1,0.0195,Low,0,0.39,534.41,10.43,2026-10-06 16:33:57.939598
6048-QBXKL,2,Month-to-month,56.55,0.6392,High,1,36.15,1503.54,961.02,2026-10-06 16:33:57.939598
7718-RXDGG,15,Month-to-month,68.6,0.314,Medium,1,21.54,1823.92,572.8,2026-10-06 16:33:57.939598
1025-FALIX,26,Month-to-month,69.05,0.314,Medium,1,21.69,1835.88,576.56,2026-10-06 16:33:57.939598
3451-VAWLI,35,Two year,19.7,0.0085,Low,0,0.17,523.78,4.46,2026-10-06 16:33:57.939598
3407-QGWLG,3,Month-to-month,20.05,0.1364,Low,1,2.74,533.08,72.74,2026-10-06 16:33:57.939598
2347-WKKAE,42,Month-to-month,94.4,0.3789,Medium,1,35.77,2509.88,951.01,2026-10-06 16:33:57.939598
8735-DCXNF,10,Month-to-month,54.95,0.1364,Low,1,7.5,1461.0,199.35,2026-10-06 16:33:57.939598
3214-IYUUQ,61,One year,93.7,0.0486,Low,0,4.55,2491.27,120.99,2026-10-06 16:33:57.939598
1936-UAFEH,68,Two year,110.25,0.0877,Low,1,9.67,2931.3,257.13,2026-10-06 16:33:57.939598
3587-PMCOY,10,One year,98.9,0.3789,Medium,1,37.47,2629.53,996.34,2026-10-06 16:33:57.939598
1027-LKKQQ,72,Two year,80.45,0.0163,Low,0,1.31,2138.98,34.95,2026-10-06 16:33:57.939598
7148-XZPHA,55,Month-to-month,79.4,0.1364,Low,1,10.83,2111.07,288.05,2026-10-06 16:33:57.939598
5309-TAIKL,7,Month-to-month,62.8,0.1364,Low,1,8.57,1669.71,227.82,2026-10-06 16:33:57.939598
6856-RAURS,2,Month-to-month,74.9,0.6392,High,1,47.87,1991.42,1272.87,2026-10-06 16:33:57.939598
8778-LMWTJ,9,Month-to-month,74.85,0.464,Medium,1,34.73,1990.09,923.4,2026-10-06 16:33:57.939598
9717-IOAAF,27,Two year,25.85,0.0195,Low,0,0.5,687.29,13.41,2026-10-06 16:33:57.939598
2845-KDHVX,64,Two year,68.3,0.0195,Low,0,1.33,1815.94,35.43,2026-10-06 16:33:57.939598
0848-SOMKO,70,Two year,48.4,0.0195,Low,0,0.94,1286.85,25.11,2026-10-06 16:33:57.939598
6734-FQAJX,67,Two year,105.05,0.1364,Low,1,14.33,2793.04,381.1,2026-10-06 16:33:57.939598
1535-VTJOQ,24,Two year,25.15,0.0195,Low,0,0.49,668.68,13.05,2026-10-06 16:33:57.939598
6368-TZZDT,4,Two year,19.5,0.0195,Low,0,0.38,518.46,10.12,2026-10-06 16:33:57.939598
0943-ZQPXH,44,Month-to-month,92.95,0.314,Medium,1,29.19,2471.33,776.12,2026-10-06 16:33:57.939598
1293-BSEUN,72,Two year,20.7,0.0,Low,0,0.0,550.37,0.0,2026-10-06 16:33:57.939598
1302-TPUBN,66,Two year,19.35,0.0195,Low,0,0.38,514.47,10.04,2026-10-06 16:33:57.939598
2378-VTKDH,65,Month-to-month,104.35,0.3789,Medium,1,39.54,2774.43,1051.25,2026-10-06 16:33:57.939598
0927-CNGRH,1,Month-to-month,19.55,0.314,Medium,1,6.14,519.79,163.24,2026-10-06 16:33:57.939598
8608-OZTLB,38,One year,74.05,0.1348,Low,1,9.98,1968.82,265.46,2026-10-06 16:33:57.939598
2335-GSODA,23,Two year,40.1,0.0195,Low,0,0.78,1066.17,20.8,2026-10-06 16:33:57.939598
1952-DVVSW,10,One year,20.1,0.0486,Low,0,0.98,534.41,25.95,2026-10-06 16:33:57.939598
6656-GULJQ,72,Two year,83.55,0.0163,Low,0,1.37,2221.41,36.3,2026-10-06 16:33:57.939598
9853-JFZDU,35,Month-to-month,56.85,0.0877,Low,1,4.99,1511.51,132.59,2026-10-06 16:33:57.939598
3777-XROBG,58,Two year,19.55,0.0195,Low,0,0.38,519.79,10.14,2026-10-06 16:33:57.939598
6994-FGRHH,70,One year,106.15,0.2564,Low,1,27.22,2822.29,723.66,2026-10-06 16:33:57.939598
4000-VGMQP,38,One year,78.95,0.1348,Low,1,10.64,2099.1,283.03,2026-10-06 16:33:57.939598
3999-WRNGR,60,Month-to-month,49.75,0.2328,Low,1,11.58,1322.74,307.94,2026-10-06 16:33:57.939598
3466-RITXD,26,Month-to-month,92.4,0.3552,Medium,1,32.82,2456.71,872.65,2026-10-06 16:33:57.939598
2680-XKKNJ,8,One year,58.2,0.0486,Low,0,2.83,1547.41,75.15,2026-10-06 16:33:57.939598
2974-GGUXS,36,Month-to-month,91.95,0.3552,Medium,1,32.66,2444.74,868.4,2026-10-06 16:33:57.939598
7994-XIRTR,54,One year,65.25,0.1348,Low,1,8.8,1734.85,233.91,2026-10-06 16:33:57.939598
2101-RANCD,55,Month-to-month,73.1,0.3552,Medium,1,25.97,1943.56,690.38,2026-10-06 16:33:57.939598
7921-BEPCI,72,Two year,59.75,0.0085,Low,0,0.51,1588.62,13.52,2026-10-06 16:33:57.939598
8510-TMWYB,54,Two year,59.8,0.0486,Low,0,2.9,1589.95,77.22,2026-10-06 16:33:57.939598
3258-ZKPAI,72,Two year,116.6,0.0163,Low,0,1.91,3100.13,50.66,2026-10-06 16:33:57.939598
1428-IEDPR,52,Two year,109.3,0.2328,Low,1,25.45,2906.04,676.54,2026-10-06 16:33:57.939598
5298-GSTLM,60,One year,101.4,0.2013,Low,1,20.41,2696.0,542.7,2026-10-06 16:33:57.939598
4450-YOOHP,39,Month-to-month,50.65,0.2564,Low,1,12.99,1346.67,345.3,2026-10-06 16:33:57.939598
6728-CZFEI,15,One year,56.15,0.0877,Low,1,4.93,1492.9,130.96,2026-10-06 16:33:57.939598
3653-NCRDJ,43,One year,19.2,0.0195,Low,0,0.37,510.48,9.96,2026-10-06 16:33:57.939598
6121-TNHBO,63,One year,83.0,0.0486,Low,0,4.03,2206.78,107.17,2026-10-06 16:33:57.939598
5119-NZPTV,2,Month-to-month,70.1,0.5566,Medium,1,39.02,1863.8,1037.4,2026-10-06 16:33:57.939598
6519-ZHPXP,72,Two year,108.3,0.0195,Low,0,2.11,2879.45,56.18,2026-10-06 16:33:57.939598
3472-QPRCH,40,Two year,25.25,0.0195,Low,0,0.49,671.34,13.1,2026-10-06 16:33:57.939598
8224-UAXBZ,58,One year,45.35,0.1364,Low,1,6.19,1205.75,164.52,2026-10-06 16:33:57.939598
9610-WCESF,67,Two year,43.9,0.0195,Low,0,0.86,1167.2,22.77,2026-10-06 16:33:57.939598
2486-WYVVE,31,One year,79.3,0.1364,Low,1,10.82,2108.41,287.68,2026-10-06 16:33:57.939598
3865-ZYKAD,69,Month-to-month,84.9,0.2328,Low,1,19.77,2257.3,525.51,2026-10-06 16:33:57.939598
1422-DGUBX,32,One year,79.25,0.2328,Low,1,18.45,2107.08,490.54,2026-10-06 16:33:57.939598
2999-AANRQ,21,Two year,71.05,0.0195,Low,0,1.39,1889.06,36.86,2026-10-06 16:33:57.939598
8668-KNZTI,52,One year,53.75,0.0877,Low,1,4.71,1429.09,125.36,2026-10-06 16:33:57.939598
0480-KYJVA,72,Two year,24.25,0.0,Low,0,0.0,644.75,0.0,2026-10-06 16:33:57.939598
9746-YKGXB,52,One year,44.25,0.0877,Low,1,3.88,1176.51,103.2,2026-10-06 16:33:57.939598
3926-YZVVX,41,One year,50.05,0.0486,Low,0,2.43,1330.72,64.63,2026-10-06 16:33:57.939598
6000-UKLWI,41,Two year,20.15,0.0085,Low,0,0.17,535.74,4.56,2026-10-06 16:33:57.939598
6332-FBZRI,67,One year,69.35,0.0486,Low,0,3.37,1843.86,89.55,2026-10-06 16:33:57.939598
2096-XOTMO,16,Month-to-month,19.35,0.0877,Low,1,1.7,514.47,45.13,2026-10-06 16:33:57.939598
3266-FTKHB,17,Two year,19.15,0.0163,Low,0,0.31,509.16,8.32,2026-10-06 16:33:57.939598
8221-EQDGL,35,Month-to-month,61.0,0.1348,Low,1,8.22,1621.85,218.68,2026-10-06 16:33:57.939598
2346-LOCWC,58,Two year,20.5,0.0195,Low,0,0.4,545.05,10.64,2026-10-06 16:33:57.939598
0298-XACET,52,Two year,50.2,0.0195,Low,0,0.98,1334.7,26.04,2026-10-06 16:33:57.939598
7560-QJAVJ,70,Two year,79.6,0.0486,Low,0,3.87,2116.38,102.78,2026-10-06 16:33:57.939598
2995-YWTCD,19,Two year,24.9,0.0195,Low,0,0.49,662.03,12.92,2026-10-06 16:33:57.939598
9137-UIYPG,35,Month-to-month,106.9,0.314,Medium,1,33.57,2842.23,892.6,2026-10-06 16:33:57.939598
2809-ZMYOQ,32,Month-to-month,101.35,0.5923,Medium,1,60.03,2694.67,1595.98,2026-10-06 16:33:57.939598
5084-OOVCJ,17,Month-to-month,55.35,0.2013,Low,1,11.14,1471.63,296.24,2026-10-06 16:33:57.939598
0254-WWRKD,67,One year,50.55,0.0877,Low,1,4.43,1344.01,117.9,2026-10-06 16:33:57.939598
7727-SHVZV,9,Month-to-month,19.5,0.0877,Low,1,1.71,518.46,45.48,2026-10-06 16:33:57.939598
5339-PXDVH,4,Month-to-month,90.65,0.6154,High,1,55.78,2410.18,1483.19,2026-10-06 16:33:57.939598
2205-LPVGL,58,One year,89.85,0.0486,Low,0,4.36,2388.91,116.02,2026-10-06 16:33:57.939598
8782-NUUOL,60,One year,79.0,0.0486,Low,0,3.84,2100.43,102.01,2026-10-06 16:33:57.939598
7601-WFVZV,1,Month-to-month,19.55,0.3552,Medium,1,6.94,519.79,184.64,2026-10-06 16:33:57.939598
4609-KNNWG,27,Two year,19.9,0.0163,Low,0,0.33,529.1,8.65,2026-10-06 16:33:57.939598
4868-AADLV,66,One year,116.25,0.2564,Low,1,29.81,3090.83,792.52,2026-10-06 16:33:57.939598
9529-OFXHY,15,Month-to-month,87.75,0.3552,Medium,1,31.17,2333.07,828.74,2026-10-06 16:33:57.939598
2669-QVCRG,41,Month-to-month,81.3,0.2564,Low,1,20.85,2161.58,554.25,2026-10-06 16:33:57.939598
2478-EEWWM,59,Month-to-month,44.3,0.464,Medium,1,20.56,1177.84,546.52,2026-10-06 16:33:57.939598
9174-IHETN,50,Two year,70.35,0.0486,Low,0,3.42,1870.45,90.84,2026-10-06 16:33:57.939598
2233-TXSIU,17,One year,44.45,0.0877,Low,1,3.9,1181.83,103.67,2026-10-06 16:33:57.939598
9644-UMGQA,6,Month-to-month,49.15,0.3552,Medium,1,17.46,1306.79,464.19,2026-10-06 16:33:57.939598
3256-EZDBI,51,Month-to-month,29.45,0.2328,Low,1,6.86,783.01,182.29,2026-10-06 16:33:57.939598
0419-YAAPX,49,Month-to-month,85.3,0.2564,Low,1,21.87,2267.93,581.52,2026-10-06 16:33:57.939598
0872-CASZJ,59,One year,69.1,0.0486,Low,0,3.36,1837.21,89.22,2026-10-06 16:33:57.939598
4726-DLWQN,50,Month-to-month,70.35,0.1348,Low,1,9.49,1870.45,252.2,2026-10-06 16:33:57.939598
8164-OCKUJ,59,Two year,20.6,0.0085,Low,0,0.18,547.71,4.66,2026-10-06 16:33:57.939598
3094-JOJAI,18,Month-to-month,74.15,0.2564,Low,1,19.01,1971.48,505.51,2026-10-06 16:33:57.939598
9494-MRNYX,10,Month-to-month,75.05,0.464,Medium,1,34.82,1995.41,925.87,2026-10-06 16:33:57.939598
2599-CZABP,14,One year,44.6,0.1348,Low,1,6.01,1185.81,159.88,2026-10-06 16:33:57.939598
7945-PRBVF,35,Two year,21.45,0.0163,Low,0,0.35,570.31,9.32,2026-10-06 16:33:57.939598
4544-RXFMG,8,One year,43.45,0.1364,Low,1,5.93,1155.24,157.63,2026-10-06 16:33:57.939598
0859-YGKFW,18,One year,20.05,0.0486,Low,0,0.97,533.08,25.89,2026-10-06 16:33:57.939598
1150-FTQGN,60,One year,94.15,0.0486,Low,0,4.57,2503.24,121.57,2026-10-06 16:33:57.939598
7196-LIWRH,6,Two year,19.55,0.0195,Low,0,0.38,519.79,10.14,2026-10-06 16:33:57.939598
5448-VWNAM,19,Month-to-month,75.9,0.1348,Low,1,10.23,2018.01,272.09,2026-10-06 16:33:57.939598
1177-XZBJL,53,One year,64.15,0.0486,Low,0,3.12,1705.6,82.83,2026-10-06 16:33:57.939598
3518-FSTWG,72,Two year,109.55,0.0195,Low,0,2.14,2912.69,56.83,2026-10-06 16:33:57.939598
9330-VOFSZ,60,Two year,110.8,0.1348,Low,1,14.94,2945.92,397.2,2026-10-06 16:33:57.939598
0939-EREMR,13,Month-to-month,53.45,0.1364,Low,1,7.29,1421.11,193.9,2026-10-06 16:33:57.939598
9389-ACWBI,5,Month-to-month,69.95,0.464,Medium,1,32.46,1859.81,862.95,2026-10-06 16:33:57.939598
3644-QXEHN,13,Month-to-month,97.0,0.464,Medium,1,45.01,2579.01,1196.66,2026-10-06 16:33:57.939598
2911-IJORQ,37,One year,90.6,0.1348,Low,1,12.22,2408.85,324.79,2026-10-06 16:33:57.939598
5921-NGYRH,64,Month-to-month,73.55,0.1364,Low,1,10.04,1955.53,266.82,2026-10-06 16:33:57.939598
5998-DZLYR,61,Two year,94.35,0.0486,Low,0,4.58,2508.55,121.83,2026-10-06 16:33:57.939598
3985-HOYPM,26,One year,19.4,0.0195,Low,0,0.38,515.8,10.06,2026-10-06 16:33:57.939598
9548-LERKT,24,Two year,19.75,0.0163,Low,0,0.32,525.11,8.58,2026-10-06 16:33:57.939598
6576-FBXOJ,17,One year,54.6,0.2328,Low,1,12.71,1451.69,337.96,2026-10-06 16:33:57.939598
4310-KEDTB,26,Month-to-month,29.8,0.2564,Low,1,7.64,792.31,203.16,2026-10-06 16:33:57.939598
4062-HBMOS,52,Month-to-month,103.05,0.5923,Medium,1,61.03,2739.87,1622.75,2026-10-06 16:33:57.939598
2676-ISHSF,1,Month-to-month,20.3,0.314,Medium,1,6.38,539.73,169.5,2026-10-06 16:33:57.939598
9236-NDUCW,21,Two year,35.1,0.0195,Low,0,0.68,933.23,18.21,2026-10-06 16:33:57.939598
4753-PADAS,67,One year,105.7,0.2564,Low,1,27.1,2810.32,720.6,2026-10-06 16:33:57.939598
6103-QCKFX,44,Month-to-month,56.25,0.0877,Low,1,4.93,1495.56,131.19,2026-10-06 16:33:57.939598
7781-EWARA,70,One year,60.35,0.0486,Low,0,2.93,1604.57,77.93,2026-10-06 16:33:57.939598
7018-FPXHH,56,Two year,59.8,0.0195,Low,0,1.17,1589.95,31.02,2026-10-06 16:33:57.939598
0572-ZJKLT,46,Two year,99.65,0.0486,Low,0,4.84,2649.47,128.67,2026-10-06 16:33:57.939598
5135-RDDQL,63,Two year,50.65,0.0195,Low,0,0.99,1346.67,26.28,2026-10-06 16:33:57.939598
1353-LJWEM,11,Month-to-month,60.9,0.1364,Low,1,8.31,1619.19,220.93,2026-10-06 16:33:57.939598
1794-SWWKL,15,Month-to-month,59.65,0.2013,Low,1,12.01,1585.96,319.25,2026-10-06 16:33:57.939598
6166-YIPFO,72,Two year,64.7,0.0163,Low,0,1.06,1720.23,28.11,2026-10-06 16:33:57.939598
9332-GYWLO,6,Month-to-month,54.85,0.3552,Medium,1,19.48,1458.34,518.02,2026-10-06 16:33:57.939598
4184-VODJZ,63,One year,91.35,0.1364,Low,1,12.46,2428.79,331.4,2026-10-06 16:33:57.939598
1092-WPIVQ,18,Two year,25.1,0.0163,Low,0,0.41,667.35,10.9,2026-10-06 16:33:57.939598
7233-IOQNP,43,Month-to-month,34.0,0.0877,Low,1,2.98,903.98,79.3,2026-10-06 16:33:57.939598
2834-JKOOW,15,One year,45.9,0.0877,Low,1,4.03,1220.38,107.05,2026-10-06 16:33:57.939598
2400-FEQME,55,Two year,20.5,0.0085,Low,0,0.17,545.05,4.64,2026-10-06 16:33:57.939598
4957-SREEC,70,Two year,20.35,0.0085,Low,0,0.17,541.06,4.6,2026-10-06 16:33:57.939598
0230-UBYPQ,63,One year,36.1,0.0195,Low,0,0.7,959.82,18.73,2026-10-06 16:33:57.939598
4923-ADWXJ,25,Month-to-month,65.8,0.1364,Low,1,8.98,1749.47,238.71,2026-10-06 16:33:57.939598
1763-KUAAW,18,One year,20.35,0.0486,Low,0,0.99,541.06,26.28,2026-10-06 16:33:57.939598
1104-TNLZA,28,Month-to-month,105.8,0.5758,Medium,1,60.92,2812.98,1619.6,2026-10-06 16:33:57.939598
5195-KPUNQ,53,One year,96.75,0.1364,Low,1,13.2,2572.36,350.99,2026-10-06 16:33:57.939598
3439-GVUSX,1,Month-to-month,24.4,0.5923,Medium,1,14.45,648.74,384.23,2026-10-06 16:33:57.939598
5949-HGVJL,26,Month-to-month,73.05,0.1364,Low,1,9.97,1942.23,265.01,2026-10-06 16:33:57.939598
5203-XEHAX,34,One year,64.35,0.0486,Low,0,3.13,1710.92,83.09,2026-10-06 16:33:57.939598
1635-HDGFT,19,Two year,20.5,0.0163,Low,0,0.33,545.05,8.91,2026-10-06 16:33:57.939598
8050-XGRVL,62,One year,54.75,0.0195,Low,0,1.07,1455.68,28.4,2026-10-06 16:33:57.939598
9828-QHFBK,24,Month-to-month,51.15,0.1364,Low,1,6.98,1359.96,185.56,2026-10-06 16:33:57.939598
3908-MKIMJ,68,Two year,41.95,0.0877,Low,1,3.68,1115.36,97.84,2026-10-06 16:33:57.939598
5012-YSPJJ,31,Month-to-month,54.35,0.0877,Low,1,4.77,1445.04,126.76,2026-10-06 16:33:57.939598
6728-VOIFY,63,One year,96.0,0.2013,Low,1,19.32,2552.42,513.8,2026-10-06 16:33:57.939598
4891-NLUBA,61,Two year,61.45,0.0195,Low,0,1.2,1633.82,31.88,2026-10-06 16:33:57.939598
8969-PRHFK,18,One year,19.65,0.0486,Low,0,0.95,522.45,25.37,2026-10-06 16:33:57.939598
0661-KQHNK,6,One year,19.0,0.0195,Low,0,0.37,505.17,9.86,2026-10-06 16:33:57.939598
8709-KRDVL,33,Month-to-month,100.0,0.5758,Medium,1,57.58,2658.77,1530.81,2026-10-06 16:33:57.939598
1427-VERSM,56,Month-to-month,98.7,0.3552,Medium,1,35.06,2624.21,932.15,2026-10-06 16:33:57.939598
9801-NOSHQ,23,One year,19.8,0.0195,Low,0,0.39,526.44,10.27,2026-10-06 16:33:57.939598
6339-YPSAH,9,Month-to-month,73.8,0.5103,Medium,1,37.66,1962.18,1001.39,2026-10-06 16:33:57.939598
2159-TURXX,5,Month-to-month,20.05,0.1364,Low,1,2.74,533.08,72.74,2026-10-06 16:33:57.939598
1548-FEHVL,61,Month-to-month,106.2,0.314,Medium,1,33.35,2823.62,886.76,2026-10-06 16:33:57.939598
3795-CAWEX,70,Two year,116.55,0.0877,Low,1,10.22,3098.8,271.82,2026-10-06 16:33:57.939598
6215-NQCPY,15,Month-to-month,99.7,0.6395,High,1,63.76,2650.8,1695.28,2026-10-06 16:33:57.939598
5647-URDKA,8,Two year,19.7,0.0195,Low,0,0.38,523.78,10.22,2026-10-06 16:33:57.939598
2229-DPMBI,8,Two year,19.5,0.0195,Low,0,0.38,518.46,10.12,2026-10-06 16:33:57.939598
9626-WEQRM,4,Month-to-month,29.15,0.2564,Low,1,7.47,775.03,198.73,2026-10-06 16:33:57.939598
2188-SXWVT,34,One year,55.0,0.0486,Low,0,2.67,1462.33,71.02,2026-10-06 16:33:57.939598
6258-PVZWJ,68,Two year,90.8,0.0195,Low,0,1.77,2414.17,47.11,2026-10-06 16:33:57.939598
1094-BKOSX,45,One year,51.0,0.1348,Low,1,6.88,1355.97,182.83,2026-10-06 16:33:57.939598
6969-MVBAI,9,Month-to-month,90.1,0.878,High,1,79.11,2395.56,2103.41,2026-10-06 16:33:57.939598
2978-XXSOG,22,Month-to-month,59.05,0.1364,Low,1,8.06,1570.01,214.22,2026-10-06 16:33:57.939598
2342-CKIAO,2,Month-to-month,20.3,0.1348,Low,1,2.74,539.73,72.77,2026-10-06 16:33:57.939598
6953-PBDIN,70,Two year,72.95,0.0486,Low,0,3.54,1939.58,94.2,2026-10-06 16:33:57.939598
3898-BSJYF,10,One year,73.55,0.0486,Low,0,3.57,1955.53,94.97,2026-10-06 16:33:57.939598
3938-YFPXD,72,Two year,84.3,0.0195,Low,0,1.64,2241.35,43.73,2026-10-06 16:33:57.939598
7696-AMHOD,49,One year,78.0,0.1364,Low,1,10.64,2073.84,282.97,2026-10-06 16:33:57.939598
2453-SAFNS,54,One year,72.1,0.0486,Low,0,3.5,1916.98,93.1,2026-10-06 16:33:57.939598
9558-IHEZX,71,Two year,106.75,0.0486,Low,0,5.18,2838.24,137.84,2026-10-06 16:33:57.939598
9617-UDPEU,22,One year,19.25,0.0195,Low,0,0.38,511.81,9.99,2026-10-06 16:33:57.939598
6340-DACFT,50,Two year,20.55,0.0085,Low,0,0.17,546.38,4.65,2026-10-06 16:33:57.939598
4955-VCWBI,43,One year,20.0,0.0195,Low,0,0.39,531.75,10.38,2026-10-06 16:33:57.939598
6813-GZQCG,45,Two year,24.65,0.0163,Low,0,0.4,655.39,10.71,2026-10-06 16:33:57.939598
7426-GSWPO,64,Month-to-month,103.5,0.2013,Low,1,20.83,2751.83,553.94,2026-10-06 16:33:57.939598
3389-KTRXV,23,Two year,23.85,0.0195,Low,0,0.47,634.12,12.37,2026-10-06 16:33:57.939598
3118-UHVVQ,68,Two year,25.8,0.0163,Low,0,0.42,685.96,11.21,2026-10-06 16:33:57.939598
3205-MXZRA,26,One year,59.45,0.0486,Low,0,2.89,1580.64,76.76,2026-10-06 16:33:57.939598
8317-BVKSO,14,Month-to-month,20.05,0.0877,Low,1,1.76,533.08,46.76,2026-10-06 16:33:57.939598
5702-KVQRD,71,Two year,82.55,0.0195,Low,0,1.61,2194.82,42.83,2026-10-06 16:33:57.939598
0083-PIVIK,64,One year,81.25,0.0486,Low,0,3.95,2160.25,104.91,2026-10-06 16:33:57.939598
6169-PGNCD,57,Two year,74.3,0.0195,Low,0,1.45,1975.47,38.55,2026-10-06 16:33:57.939598
4909-JOUPP,72,Two year,109.7,0.0486,Low,0,5.33,2916.68,141.65,2026-10-06 16:33:57.939598
4657-FWVFY,40,Month-to-month,96.35,0.3552,Medium,1,34.22,2561.73,909.96,2026-10-06 16:33:57.939598
2257-BOVXD,14,Month-to-month,66.6,0.2564,Low,1,17.08,1770.74,454.04,2026-10-06 16:33:57.939598
7729-JTEEC,2,Month-to-month,44.5,0.5103,Medium,1,22.71,1183.15,603.82,2026-10-06 16:33:57.939598
9696-RMYBA,5,Month-to-month,80.1,0.6436,High,1,51.56,2129.68,1370.74,2026-10-06 16:33:57.939598
8690-UPCZI,29,One year,69.05,0.0486,Low,0,3.35,1835.88,89.16,2026-10-06 16:33:57.939598
9770-LXDBK,3,Month-to-month,20.4,0.1364,Low,1,2.78,542.39,74.01,2026-10-06 16:33:57.939598
4086-WITJG,71,Two year,19.7,0.0085,Low,0,0.17,523.78,4.46,2026-10-06 16:33:57.939598
8344-WFMFH,9,Month-to-month,50.1,0.2328,Low,1,11.66,1332.05,310.11,2026-10-06 16:33:57.939598
8822-KNBHV,48,One year,83.45,0.0877,Low,1,7.32,2218.75,194.63,2026-10-06 16:33:57.939598
8404-FYDIB,26,Month-to-month,86.65,0.2564,Low,1,22.22,2303.83,590.73,2026-10-06 16:33:57.939598
2791-SFVEW,9,Month-to-month,20.15,0.1364,Low,1,2.75,535.74,73.1,2026-10-06 16:33:57.939598
6762-NSODU,46,Two year,19.4,0.0163,Low,0,0.32,515.8,8.43,2026-10-06 16:33:57.939598
9888-ZCUMM,64,Two year,60.05,0.0195,Low,0,1.17,1596.59,31.15,2026-10-06 16:33:57.939598
1074-WVEVG,59,One year,20.35,0.0195,Low,0,0.4,541.06,10.56,2026-10-06 16:33:57.939598
9979-RGMZT,7,One year,94.05,0.3789,Medium,1,35.64,2500.58,947.48,2026-10-06 16:33:57.939598
6437-UDQJM,72,Two year,84.1,0.0195,Low,0,1.64,2236.03,43.63,2026-10-06 16:33:57.939598
1226-IENZN,16,Month-to-month,78.75,0.5566,Medium,1,43.83,2093.78,1165.41,2026-10-06 16:33:57.939598
2108-GLPQB,25,Month-to-month,55.55,0.1364,Low,1,7.58,1476.95,201.52,2026-10-06 16:33:57.939598
5474-LAMUQ,24,One year,20.1,0.0195,Low,0,0.39,534.41,10.43,2026-10-06 16:33:57.939598
3468-DRVQJ,10,One year,70.3,0.0877,Low,1,6.17,1869.12,163.96,2026-10-06 16:33:57.939598
1122-YJBCS,69,One year,53.65,0.0486,Low,0,2.61,1426.43,69.27,2026-10-06 16:33:57.939598
4990-ALDGW,57,Two year,20.75,0.0195,Low,0,0.4,551.7,10.76,2026-10-06 16:33:57.939598
4816-OKWNX,50,One year,103.4,0.2328,Low,1,24.07,2749.17,640.02,2026-10-06 16:33:57.939598
3315-IKYZQ,28,One year,50.8,0.0486,Low,0,2.47,1350.66,65.59,2026-10-06 16:33:57.939598
4747-LCAQL,25,Month-to-month,79.0,0.1364,Low,1,10.78,2100.43,286.59,2026-10-06 16:33:57.939598
3411-WLRSQ,3,Month-to-month,74.6,0.5923,Medium,1,44.18,1983.45,1174.74,2026-10-06 16:33:57.939598
0898-XCGTF,61,One year,96.5,0.2328,Low,1,22.47,2565.72,597.31,2026-10-06 16:33:57.939598
8006-PYCSW,2,Month-to-month,20.1,0.1364,Low,1,2.74,534.41,72.92,2026-10-06 16:33:57.939598
8249-THVEC,51,One year,19.4,0.0195,Low,0,0.38,515.8,10.06,2026-10-06 16:33:57.939598
8722-PRFDV,71,Two year,77.55,0.0195,Low,0,1.51,2061.88,40.23,2026-10-06 16:33:57.939598
2164-SOQXL,20,Month-to-month,20.05,0.0877,Low,1,1.76,533.08,46.76,2026-10-06 16:33:57.939598
4020-KIUDI,6,Month-to-month,19.85,0.1348,Low,1,2.68,527.77,71.16,2026-10-06 16:33:57.939598
5850-BDWCY,6,Month-to-month,20.2,0.0877,Low,1,1.77,537.07,47.11,2026-10-06 16:33:57.939598
2038-YSEZE,29,Month-to-month,67.45,0.0486,Low,0,3.28,1793.34,87.09,2026-10-06 16:33:57.939598
0827-ITJPH,36,Two year,18.55,0.0,Low,0,0.0,493.2,0.0,2026-10-06 16:33:57.939598
8799-OXZMD,28,Month-to-month,29.75,0.2328,Low,1,6.93,790.99,184.14,2026-10-06 16:33:57.939598
1705-GUHPV,63,Two year,24.2,0.0085,Low,0,0.21,643.42,5.48,2026-10-06 16:33:57.939598
4779-ZGICK,48,Two year,23.55,0.0163,Low,0,0.38,626.14,10.23,2026-10-06 16:33:57.939598
0048-PIHNL,49,One year,20.45,0.0195,Low,0,0.4,543.72,10.61,2026-10-06 16:33:57.939598
3967-KXAPS,72,Two year,92.3,0.0085,Low,0,0.79,2454.05,20.89,2026-10-06 16:33:57.939598
3704-IEAXF,72,Two year,53.65,0.0195,Low,0,1.05,1426.43,27.83,2026-10-06 16:33:57.939598
6810-VCAEX,47,One year,39.65,0.0195,Low,0,0.77,1054.2,20.57,2026-10-06 16:33:57.939598
0674-EYYZV,1,Month-to-month,54.65,0.6395,High,1,34.95,1453.02,929.26,2026-10-06 16:33:57.939598
4480-MBMLB,36,One year,104.8,0.2564,Low,1,26.87,2786.4,714.46,2026-10-06 16:33:57.939598
1395-OFUWC,43,Month-to-month,29.3,0.2328,Low,1,6.82,779.02,181.36,2026-10-06 16:33:57.939598
0822-QGCXA,27,Month-to-month,83.85,0.2524,Low,1,21.16,2229.38,562.72,2026-10-06 16:33:57.939598
2832-KJCRD,38,Month-to-month,103.65,0.5923,Medium,1,61.39,2755.82,1632.2,2026-10-06 16:33:57.939598
3588-WSTTJ,35,Month-to-month,99.05,0.5103,Medium,1,50.55,2633.52,1344.0,2026-10-06 16:33:57.939598
4075-WKNIU,0,Two year,73.35,0.0877,Low,1,6.43,1950.21,171.07,2026-10-06 16:33:57.939598
5090-EMGTC,59,Two year,100.05,0.0486,Low,0,4.86,2660.1,129.19,2026-10-06 16:33:57.939598
2346-CZYIL,27,Two year,20.35,0.0163,Low,0,0.33,541.06,8.84,2026-10-06 16:33:57.939598
3798-EPWRR,2,Month-to-month,43.95,0.5758,Medium,1,25.3,1168.53,672.79,2026-10-06 16:33:57.939598
6258-NGCNG,7,Month-to-month,23.5,0.1364,Low,1,3.21,624.81,85.25,2026-10-06 16:33:57.939598
4186-ZBUEW,36,One year,70.7,0.1348,Low,1,9.53,1879.75,253.45,2026-10-06 16:33:57.939598
5274-XHAKY,41,Month-to-month,94.3,0.2564,Low,1,24.18,2507.22,642.88,2026-10-06 16:33:57.939598
1442-BQPVU,13,Month-to-month,29.15,0.2564,Low,1,7.47,775.03,198.73,2026-10-06 16:33:57.939598
3978-YNKDD,19,Two year,20.85,0.0195,Low,0,0.41,554.35,10.82,2026-10-06 16:33:57.939598
4940-KHCWD,60,Two year,37.7,0.0195,Low,0,0.74,1002.36,19.56,2026-10-06 16:33:57.939598
9589-ABEPT,69,Two year,92.45,0.0195,Low,0,1.8,2458.04,47.96,2026-10-06 16:33:57.939598
9388-ZEYVT,43,One year,44.15,0.0877,Low,1,3.87,1173.85,102.97,2026-10-06 16:33:57.939598
0305-SQECB,11,One year,36.05,0.0486,Low,0,1.75,958.49,46.55,2026-10-06 16:33:57.939598
7605-SNLQG,45,Month-to-month,50.25,0.2013,Low,1,10.12,1336.03,268.94,2026-10-06 16:33:57.939598
4670-TABXH,72,Two year,109.75,0.0877,Low,1,9.63,2918.0,255.97,2026-10-06 16:33:57.939598
0064-SUDOG,12,Two year,20.3,0.0195,Low,0,0.4,539.73,10.53,2026-10-06 16:33:57.939598
8561-NMTBD,67,One year,112.35,0.1364,Low,1,15.33,2987.13,407.58,2026-10-06 16:33:57.939598
5161-XEUVX,37,Two year,94.3,0.0486,Low,0,4.58,2507.22,121.76,2026-10-06 16:33:57.939598
8292-FRFZQ,39,One year,41.15,0.0486,Low,0,2.0,1094.09,53.13,2026-10-06 16:33:57.939598
8591-NXRCV,41,Month-to-month,74.65,0.1364,Low,1,10.19,1984.77,270.81,2026-10-06 16:33:57.939598
7895-VONWT,25,Month-to-month,48.25,0.3552,Medium,1,17.14,1282.86,455.69,2026-10-06 16:33:57.939598
4526-RMTLL,8,Two year,76.15,0.0486,Low,0,3.7,2024.66,98.33,2026-10-06 16:33:57.939598
6253-GNHWH,71,Two year,71.1,0.0163,Low,0,1.16,1890.39,30.89,2026-10-06 16:33:57.939598
4566-NECEV,5,Month-to-month,96.55,0.6491,High,1,62.67,2567.05,1666.33,2026-10-06 16:33:57.939598
8080-POTJR,30,One year,79.3,0.1364,Low,1,10.82,2108.41,287.68,2026-10-06 16:33:57.939598
6906-MPARY,40,One year,89.6,0.1364,Low,1,12.23,2382.26,325.05,2026-10-06 16:33:57.939598
3662-FXJFO,54,Two year,20.5,0.0195,Low,0,0.4,545.05,10.64,2026-10-06 16:33:57.939598
8107-RZLNV,72,Two year,106.3,0.0877,Low,1,9.32,2826.28,247.92,2026-10-06 16:33:57.939598
0516-OOHAR,28,One year,100.35,0.2013,Low,1,20.2,2668.08,537.08,2026-10-06 16:33:57.939598
2027-CWDNU,18,Month-to-month,85.6,0.3789,Medium,1,32.43,2275.91,862.36,2026-10-06 16:33:57.939598
9912-OMZDS,59,One year,106.15,0.314,Medium,1,33.34,2822.29,886.34,2026-10-06 16:33:57.939598
3733-ZEECP,22,Month-to-month,51.1,0.1364,Low,1,6.97,1358.63,185.38,2026-10-06 16:33:57.939598
7878-RTCZG,1,Month-to-month,19.9,0.3789,Medium,1,7.54,529.1,200.48,2026-10-06 16:33:57.939598
2452-MRMZF,72,Two year,25.7,0.0085,Low,0,0.22,683.3,5.82,2026-10-06 16:33:57.939598
7103-IPXPJ,50,One year,99.4,0.2564,Low,1,25.49,2642.82,677.65,2026-10-06 16:33:57.939598
4342-HFXWS,48,One year,69.7,0.0486,Low,0,3.38,1853.17,90.0,2026-10-06 16:33:57.939598
3545-CNWRG,49,Month-to-month,98.35,0.5103,Medium,1,50.19,2614.9,1334.5,2026-10-06 16:33:57.939598
1785-BPHTP,28,Month-to-month,85.45,0.2564,Low,1,21.91,2271.92,582.54,2026-10-06 16:33:57.939598
4989-LIXVT,68,Month-to-month,95.9,0.3789,Medium,1,36.34,2549.76,966.12,2026-10-06 16:33:57.939598
7315-WYOAW,13,Month-to-month,100.75,0.6154,High,1,62.0,2678.72,1648.44,2026-10-06 16:33:57.939598
1173-XZPYF,11,Month-to-month,89.2,0.6491,High,1,57.9,2371.63,1539.48,2026-10-06 16:33:57.939598
2509-TFPJU,72,Two year,25.75,0.0,Low,0,0.0,684.63,0.0,2026-10-06 16:33:57.939598
9530-GRMJG,70,Two year,84.1,0.0877,Low,1,7.38,2236.03,196.14,2026-10-06 16:33:57.939598
6898-RBTLU,49,Two year,79.3,0.0195,Low,0,1.55,2108.41,41.14,2026-10-06 16:33:57.939598
5481-NTDOH,67,One year,107.05,0.2013,Low,1,21.55,2846.22,572.94,2026-10-06 16:33:57.939598
2068-WWXQZ,46,Two year,20.05,0.0163,Low,0,0.33,533.08,8.71,2026-10-06 16:33:57.939598
2061-VVFST,37,Month-to-month,19.5,0.0877,Low,1,1.71,518.46,45.48,2026-10-06 16:33:57.939598
0749-IRGQE,13,Month-to-month,45.3,0.5923,Medium,1,26.83,1204.42,713.35,2026-10-06 16:33:57.939598
2380-DAMQP,72,Two year,115.15,0.0195,Low,0,2.25,3061.58,59.74,2026-10-06 16:33:57.939598
2256-YLYLP,68,Two year,72.95,0.0486,Low,0,3.54,1939.58,94.2,2026-10-06 16:33:57.939598
1272-ILHFG,15,One year,19.65,0.0486,Low,0,0.95,522.45,25.37,2026-10-06 16:33:57.939598
0164-XAIRP,24,Two year,19.55,0.0195,Low,0,0.38,519.79,10.14,2026-10-06 16:33:57.939598
5666-CYCYZ,24,Month-to-month,89.55,0.5758,Medium,1,51.56,2380.93,1370.84,2026-10-06 16:33:57.939598
4011-ARPHK,27,Month-to-month,50.35,0.0877,Low,1,4.42,1338.69,117.43,2026-10-06 16:33:57.939598
6365-HITVU,71,Two year,87.25,0.0163,Low,0,1.43,2319.78,37.9,2026-10-06 16:33:57.939598
7558-IMLMT,67,Two year,20.8,0.0085,Low,0,0.18,553.03,4.71,2026-10-06 16:33:57.939598
9488-FYQAU,63,Two year,109.25,0.1348,Low,1,14.73,2904.71,391.65,2026-10-06 16:33:57.939598
3590-TCXTB,1,Month-to-month,20.35,0.314,Medium,1,6.39,541.06,169.92,2026-10-06 16:33:57.939598
6994-KERXL,4,Month-to-month,55.9,0.3789,Medium,1,21.18,1486.25,563.15,2026-10-06 16:33:57.939598
1960-UOTYM,52,Two year,79.2,0.0195,Low,0,1.55,2105.75,41.09,2026-10-06 16:33:57.939598
2740-JFBOK,10,Month-to-month,24.0,0.2328,Low,1,5.59,638.11,148.55,2026-10-06 16:33:57.939598
6500-JVEGC,68,One year,101.35,0.1364,Low,1,13.83,2694.67,367.67,2026-10-06 16:33:57.939598
5245-VDBUR,52,One year,35.45,0.0486,Low,0,1.72,942.54,45.77,2026-10-06 16:33:57.939598
8469-SNFFH,70,One year,79.4,0.0877,Low,1,6.96,2111.07,185.18,2026-10-06 16:33:57.939598
2144-ESWKO,43,One year,35.2,0.0486,Low,0,1.71,935.89,45.45,2026-10-06 16:33:57.939598
1241-FPMOF,52,Two year,19.65,0.0195,Low,0,0.38,522.45,10.19,2026-10-06 16:33:57.939598
9928-BZVLZ,12,Two year,49.85,0.0195,Low,0,0.97,1325.4,25.86,2026-10-06 16:33:57.939598
4114-QMKVN,56,One year,68.75,0.0877,Low,1,6.03,1827.91,160.34,2026-10-06 16:33:57.939598
2775-SEFEE,0,Two year,61.9,0.0486,Low,0,3.01,1645.78,79.93,2026-10-06 16:33:57.939598
9003-CPATH,42,Month-to-month,79.9,0.3552,Medium,1,28.38,2124.36,754.6,2026-10-06 16:33:57.939598
1754-GKYPY,22,Month-to-month,89.75,0.3789,Medium,1,34.01,2386.25,904.16,2026-10-06 16:33:57.939598
7956-XQWGU,27,Month-to-month,19.4,0.0877,Low,1,1.7,515.8,45.25,2026-10-06 16:33:57.939598
1591-MQJTP,51,One year,93.65,0.2328,Low,1,21.8,2489.94,579.67,2026-10-06 16:33:57.939598
2369-FEVNO,1,Month-to-month,19.9,0.5103,Medium,1,10.16,529.1,270.02,2026-10-06 16:33:57.939598
7471-MQPOS,71,One year,72.9,0.0486,Low,0,3.54,1938.25,94.13,2026-10-06 16:33:57.939598
5115-SQAAU,69,Two year,25.6,0.0163,Low,0,0.42,680.65,11.12,2026-10-06 16:33:57.939598
9845-QOMAD,14,One year,19.75,0.0486,Low,0,0.96,525.11,25.5,2026-10-06 16:33:57.939598
7672-VFMXZ,57,Month-to-month,55.7,0.0877,Low,1,4.89,1480.94,129.91,2026-10-06 16:33:57.939598
9739-JLPQJ,72,Two year,117.5,0.0195,Low,0,2.29,3124.06,60.96,2026-10-06 16:33:57.939598
9916-AYHTC,48,Two year,19.85,0.0163,Low,0,0.32,527.77,8.62,2026-10-06 16:33:57.939598
3855-ONCAR,4,Month-to-month,78.9,0.5923,Medium,1,46.73,2097.77,1242.46,2026-10-06 16:33:57.939598
1488-SYSFC,31,Month-to-month,20.65,0.0877,Low,1,1.81,549.04,48.16,2026-10-06 16:33:57.939598
0970-QXPXW,1,Month-to-month,19.65,0.3552,Medium,1,6.98,522.45,185.58,2026-10-06 16:33:57.939598
3259-KNMRR,57,Two year,79.75,0.0486,Low,0,3.87,2120.37,102.98,2026-10-06 16:33:57.939598
6120-RJKLU,62,Two year,79.95,0.0195,Low,0,1.56,2125.69,41.48,2026-10-06 16:33:57.939598
9572-WUKSB,3,Month-to-month,29.9,0.5103,Medium,1,15.26,794.97,405.71,2026-10-06 16:33:57.939598
5893-KCLGT,72,Two year,19.75,0.0085,Low,0,0.17,525.11,4.47,2026-10-06 16:33:57.939598
0076-LVEPS,29,Month-to-month,45.0,0.0486,Low,0,2.19,1196.45,58.11,2026-10-06 16:33:57.939598
3640-JQGJG,13,Month-to-month,44.8,0.1364,Low,1,6.11,1191.13,162.52,2026-10-06 16:33:57.939598
1596-OQSPS,11,Month-to-month,51.1,0.2013,Low,1,10.29,1358.63,273.49,2026-10-06 16:33:57.939598
9867-XOBQA,21,Two year,53.15,0.0486,Low,0,2.58,1413.14,68.63,2026-10-06 16:33:57.939598
9546-KDTRB,19,Month-to-month,24.7,0.1364,Low,1,3.37,656.72,89.61,2026-10-06 16:33:57.939598
3174-RKMOW,35,Month-to-month,109.95,0.3552,Medium,1,39.06,2923.32,1038.4,2026-10-06 16:33:57.939598
1760-CAZHT,25,Month-to-month,20.8,0.0486,Low,0,1.01,553.03,26.86,2026-10-06 16:33:57.939598
8441-SHIPE,67,Two year,25.6,0.0163,Low,0,0.42,680.65,11.12,2026-10-06 16:33:57.939598
1320-GVNHT,72,Two year,108.4,0.0195,Low,0,2.12,2882.11,56.24,2026-10-06 16:33:57.939598
1047-RNXZV,43,Two year,19.55,0.0085,Low,0,0.17,519.79,4.42,2026-10-06 16:33:57.939598
3541-ZNUHK,55,Month-to-month,85.1,0.2328,Low,1,19.81,2262.62,526.75,2026-10-06 16:33:57.939598
8725-JEDFD,27,Month-to-month,69.05,0.2328,Low,1,16.08,1835.88,427.4,2026-10-06 16:33:57.939598
7562-UXTPG,13,Month-to-month,70.15,0.3552,Medium,1,24.92,1865.13,662.52,2026-10-06 16:33:57.939598
8071-SBTRN,70,Two year,111.15,0.0877,Low,1,9.75,2955.23,259.23,2026-10-06 16:33:57.939598
6668-CNMFP,19,One year,89.35,0.2564,Low,1,22.91,2375.61,609.13,2026-10-06 16:33:57.939598
5626-MGTUK,20,Month-to-month,89.1,0.3552,Medium,1,31.65,2368.97,841.49,2026-10-06 16:33:57.939598
5681-LLOEI,43,One year,91.25,0.0486,Low,0,4.43,2426.13,117.83,2026-10-06 16:33:57.939598
8212-DJRCH,5,Month-to-month,90.35,0.5923,Medium,1,53.51,2402.2,1422.76,2026-10-06 16:33:57.939598
4323-OHFOW,70,One year,105.55,0.2013,Low,1,21.25,2806.34,564.91,2026-10-06 16:33:57.939598
4933-BSAIP,40,Two year,19.1,0.0,Low,0,0.0,507.83,0.0,2026-10-06 16:33:57.939598
2030-BTZRO,6,Two year,20.4,0.0195,Low,0,0.4,542.39,10.58,2026-10-06 16:33:57.939598
1116-DXXDF,39,Two year,100.45,0.1364,Low,1,13.71,2670.74,364.41,2026-10-06 16:33:57.939598
6563-VNPMN,45,Month-to-month,85.7,0.1364,Low,1,11.69,2278.57,310.9,2026-10-06 16:33:57.939598
2267-WTPYD,57,Month-to-month,94.0,0.2564,Low,1,24.1,2499.25,640.83,2026-10-06 16:33:57.939598
0270-THENM,72,Two year,69.85,0.0085,Low,0,0.59,1857.15,15.81,2026-10-06 16:33:57.939598
4707-MAXGU,72,Two year,25.85,0.0,Low,0,0.0,687.29,0.0,2026-10-06 16:33:57.939598
2710-WYVXG,3,Two year,71.1,0.0486,Low,0,3.45,1890.39,91.81,2026-10-06 16:33:57.939598
6300-BWMJX,59,Month-to-month,93.35,0.1364,Low,1,12.74,2481.97,338.65,2026-10-06 16:33:57.939598
7009-LGECI,4,Month-to-month,50.55,0.314,Medium,1,15.88,1344.01,422.09,2026-10-06 16:33:57.939598
5022-KVDQT,27,Month-to-month,81.3,0.5758,Medium,1,46.81,2161.58,1244.55,2026-10-06 16:33:57.939598
7976-CICYS,4,Month-to-month,20.7,0.1364,Low,1,2.82,550.37,75.09,2026-10-06 16:33:57.939598
1036-GUDCL,60,Month-to-month,79.05,0.0877,Low,1,6.93,2101.76,184.37,2026-10-06 16:33:57.939598
2005-DWQZJ,8,Two year,19.05,0.0163,Low,0,0.31,506.5,8.28,2026-10-06 16:33:57.939598
8148-WOCMK,8,Two year,19.6,0.0195,Low,0,0.38,521.12,10.17,2026-10-06 16:33:57.939598
7815-PDTHL,35,Two year,20.2,0.0085,Low,0,0.17,537.07,4.57,2026-10-06 16:33:57.939598
9173-IVZVP,53,Two year,20.9,0.0163,Low,0,0.34,555.68,9.08,2026-10-06 16:33:57.939598
9129-UXERG,18,Month-to-month,103.6,0.5103,Medium,1,52.87,2754.49,1405.74,2026-10-06 16:33:57.939598
3635-JBPSG,15,Two year,38.8,0.1348,Low,1,5.23,1031.6,139.09,2026-10-06 16:33:57.939598
7964-ZRKKG,67,One year,88.4,0.1348,Low,1,11.92,2350.36,316.9,2026-10-06 16:33:57.939598
6229-LSCKB,6,Month-to-month,79.7,0.6491,High,1,51.74,2119.04,1375.52,2026-10-06 16:33:57.939598
1724-IQWNM,1,Month-to-month,19.3,0.314,Medium,1,6.06,513.14,161.15,2026-10-06 16:33:57.939598
8217-QYOHV,5,Month-to-month,55.75,0.2328,Low,1,12.98,1482.27,345.08,2026-10-06 16:33:57.939598
5546-QUERU,13,One year,19.95,0.0486,Low,0,0.97,530.43,25.76,2026-10-06 16:33:57.939598
6897-UUBNU,29,Month-to-month,89.65,0.2328,Low,1,20.87,2383.59,554.91,2026-10-06 16:33:57.939598
6127-IYJOZ,1,Month-to-month,45.85,0.6392,High,1,29.31,1219.05,779.19,2026-10-06 16:33:57.939598
8930-XOTDP,18,Month-to-month,55.95,0.1364,Low,1,7.63,1487.58,202.97,2026-10-06 16:33:57.939598
5916-QEWPT,2,Month-to-month,69.0,0.314,Medium,1,21.67,1834.55,576.14,2026-10-06 16:33:57.939598
5060-TQUQN,30,Month-to-month,83.55,0.314,Medium,1,26.24,2221.41,697.63,2026-10-06 16:33:57.939598
0531-XBKMM,66,Two year,65.7,0.0163,Low,0,1.07,1746.81,28.54,2026-10-06 16:33:57.939598
8465-SBRXP,38,Two year,94.9,0.1348,Low,1,12.8,2523.18,340.2,2026-10-06 16:33:57.939598
2408-PSJVE,44,Month-to-month,61.9,0.0877,Low,1,5.43,1645.78,144.37,2026-10-06 16:33:57.939598
9700-ZCLOT,2,Month-to-month,20.0,0.1364,Low,1,2.73,531.75,72.56,2026-10-06 16:33:57.939598
8738-JOKAR,42,One year,67.7,0.0486,Low,0,3.29,1799.99,87.42,2026-10-06 16:33:57.939598
4534-WGCIR,58,Two year,25.15,0.0085,Low,0,0.21,668.68,5.69,2026-10-06 16:33:57.939598
1930-WNXSB,58,Month-to-month,92.85,0.2564,Low,1,23.81,2468.67,632.99,2026-10-06 16:33:57.939598
3508-CFVZL,71,Two year,111.3,0.0195,Low,0,2.17,2959.22,57.74,2026-10-06 16:33:57.939598
0657-DOGUM,48,One year,60.6,0.0486,Low,0,2.94,1611.22,78.25,2026-10-06 16:33:57.939598
8792-AOROI,8,Two year,65.5,0.0195,Low,0,1.28,1741.5,33.98,2026-10-06 16:33:57.939598
5146-YYFRZ,67,Two year,19.95,0.0163,Low,0,0.33,530.43,8.67,2026-10-06 16:33:57.939598
3452-SRFEG,49,Month-to-month,74.6,0.2564,Low,1,19.13,1983.45,508.58,2026-10-06 16:33:57.939598
4070-OKWVH,52,Month-to-month,94.6,0.2564,Low,1,24.26,2515.2,644.92,2026-10-06 16:33:57.939598
5297-MDOIR,63,One year,81.15,0.0486,Low,0,3.94,2157.6,104.78,2026-10-06 16:33:57.939598
6369-MCAKO,68,Two year,89.05,0.0195,Low,0,1.74,2367.64,46.2,2026-10-06 16:33:57.939598
4926-UMJZD,31,Month-to-month,49.2,0.1348,Low,1,6.63,1308.12,176.38,2026-10-06 16:33:57.939598
6848-HJTXY,64,Two year,19.45,0.0195,Low,0,0.38,517.13,10.09,2026-10-06 16:33:57.939598
6341-AEVKX,62,One year,104.3,0.1364,Low,1,14.23,2773.1,378.38,2026-10-06 16:33:57.939598
0682-USIXD,21,Month-to-month,86.05,0.464,Medium,1,39.93,2287.88,1061.57,2026-10-06 16:33:57.939598
6976-BWGLQ,72,Two year,25.2,0.0,Low,0,0.0,670.01,0.0,2026-10-06 16:33:57.939598
7078-NVFAM,32,Month-to-month,35.15,0.314,Medium,1,11.04,934.56,293.5,2026-10-06 16:33:57.939598
8065-QBYTO,71,One year,99.65,0.0486,Low,0,4.84,2649.47,128.67,2026-10-06 16:33:57.939598
2133-TSRRM,34,Month-to-month,105.35,0.2013,Low,1,21.21,2801.02,563.84,2026-10-06 16:33:57.939598
2511-ALLCS,35,Two year,24.3,0.0195,Low,0,0.47,646.08,12.61,2026-10-06 16:33:57.939598
3191-CSNMG,3,Month-to-month,80.7,0.6491,High,1,52.38,2145.63,1392.78,2026-10-06 16:33:57.939598
7952-OBOYL,3,Month-to-month,89.85,0.5923,Medium,1,53.22,2388.91,1414.89,2026-10-06 16:33:57.939598
7470-DYNOE,53,One year,61.1,0.1348,Low,1,8.24,1624.51,219.04,2026-10-06 16:33:57.939598
7853-OETYL,4,Month-to-month,29.05,0.3552,Medium,1,10.32,772.37,274.36,2026-10-06 16:33:57.939598
1545-ACTAS,48,One year,99.7,0.1364,Low,1,13.6,2650.8,361.69,2026-10-06 16:33:57.939598
5126-RCXYW,54,Two year,46.0,0.0195,Low,0,0.9,1223.04,23.86,2026-10-06 16:33:57.939598
2363-BJLSL,62,Month-to-month,80.4,0.0877,Low,1,7.05,2137.65,187.51,2026-10-06 16:33:57.939598
1956-YIFGE,22,One year,100.05,0.314,Medium,1,31.42,2660.1,835.4,2026-10-06 16:33:57.939598
7921-LMDFQ,51,One year,94.0,0.2013,Low,1,18.92,2499.25,503.1,2026-10-06 16:33:57.939598
2925-MXLSX,30,One year,68.95,0.1348,Low,1,9.3,1833.22,247.18,2026-10-06 16:33:57.939598
5820-PTRYM,56,One year,68.45,0.0486,Low,0,3.32,1819.93,88.39,2026-10-06 16:33:57.939598
9609-BENEA,35,One year,69.0,0.1364,Low,1,9.41,1834.55,250.32,2026-10-06 16:33:57.939598
6211-WHMYA,64,Month-to-month,43.85,0.2328,Low,1,10.21,1165.87,271.42,2026-10-06 16:33:57.939598
4459-BBGHE,30,Month-to-month,44.5,0.2328,Low,1,10.36,1183.15,275.44,2026-10-06 16:33:57.939598
9945-PSVIP,25,Two year,18.7,0.0163,Low,0,0.31,497.19,8.12,2026-10-06 16:33:57.939598
9108-EJFJP,1,Month-to-month,53.55,0.464,Medium,1,24.85,1423.77,660.63,2026-10-06 16:33:57.939598
0530-IJVDB,70,Two year,114.6,0.1348,Low,1,15.45,3046.96,410.83,2026-10-06 16:33:57.939598
0508-SQWPL,57,Two year,20.1,0.0195,Low,0,0.39,534.41,10.43,2026-10-06 16:33:57.939598
2215-ZAFGX,9,Month-to-month,85.5,0.6967,High,1,59.57,2273.25,1583.82,2026-10-06 16:33:57.939598
8213-TAZPM,69,One year,108.75,0.2013,Low,1,21.89,2891.42,582.04,2026-10-06 16:33:57.939598
1304-SEGFY,72,Two year,97.85,0.0486,Low,0,4.75,2601.61,126.35,2026-10-06 16:33:57.939598
7242-EDTYC,44,Two year,19.55,0.0163,Low,0,0.32,519.79,8.49,2026-10-06 16:33:57.939598
2904-GGUAZ,72,Two year,84.05,0.0195,Low,0,1.64,2234.7,43.6,2026-10-06 16:33:57.939598
5136-GFPMB,54,Month-to-month,89.4,0.2564,Low,1,22.92,2376.94,609.47,2026-10-06 16:33:57.939598
2595-KIWPV,27,Two year,19.7,0.0163,Low,0,0.32,523.78,8.56,2026-10-06 16:33:57.939598
5243-SAOTC,54,Month-to-month,79.85,0.2328,Low,1,18.59,2123.03,494.25,2026-10-06 16:33:57.939598
9398-MMQTO,3,Month-to-month,74.45,0.5103,Medium,1,38.0,1979.46,1010.21,2026-10-06 16:33:57.939598
7619-PLRLP,53,One year,74.1,0.0486,Low,0,3.6,1970.15,95.68,2026-10-06 16:33:57.939598
6508-NJYRO,15,One year,18.8,0.0195,Low,0,0.37,499.85,9.75,2026-10-06 16:33:57.939598
4710-NKCAW,5,Month-to-month,64.4,0.2013,Low,1,12.96,1712.25,344.67,2026-10-06 16:33:57.939598
5306-BVTKJ,48,One year,55.8,0.1364,Low,1,7.61,1483.6,202.43,2026-10-06 16:33:57.939598
0357-NVCRI,25,Month-to-month,20.05,0.0486,Low,0,0.97,533.08,25.89,2026-10-06 16:33:57.939598
2371-KFUOG,58,One year,99.15,0.1364,Low,1,13.53,2636.17,359.69,2026-10-06 16:33:57.939598
0463-ZSDNT,10,Month-to-month,56.75,0.2564,Low,1,14.55,1508.85,386.89,2026-10-06 16:33:57.939598
6257-DTAYD,71,Two year,104.15,0.0877,Low,1,9.14,2769.11,242.9,2026-10-06 16:33:57.939598
4616-ULAOA,65,Two year,110.8,0.0486,Low,0,5.38,2945.92,143.07,2026-10-06 16:33:57.939598
7746-AWNQW,28,Month-to-month,35.75,0.1348,Low,1,4.82,950.51,128.16,2026-10-06 16:33:57.939598
5996-EBTKM,67,Two year,69.9,0.0486,Low,0,3.39,1858.48,90.26,2026-10-06 16:33:57.939598
2758-RNWXS,35,One year,89.2,0.1348,Low,1,12.03,2371.63,319.77,2026-10-06 16:33:57.939598
2314-TNDJQ,72,Two year,55.65,0.0085,Low,0,0.47,1479.61,12.59,2026-10-06 16:33:57.939598
2405-LBMUW,61,One year,50.7,0.0195,Low,0,0.99,1348.0,26.3,2026-10-06 16:33:57.939598
3454-JFUBC,68,Two year,20.0,0.0163,Low,0,0.33,531.75,8.69,2026-10-06 16:33:57.939598
9039-ZVJDC,3,Month-to-month,19.1,0.1348,Low,1,2.58,507.83,68.47,2026-10-06 16:33:57.939598
9013-AQORL,48,Month-to-month,45.55,0.2013,Low,1,9.17,1211.07,243.79,2026-10-06 16:33:57.939598
2898-MRKPI,68,One year,101.05,0.1364,Low,1,13.79,2686.69,366.59,2026-10-06 16:33:57.939598
2750-BJLSB,47,One year,103.7,0.2328,Low,1,24.14,2757.15,641.88,2026-10-06 16:33:57.939598
3648-GZPHF,32,One year,36.25,0.0877,Low,1,3.18,963.81,84.54,2026-10-06 16:33:57.939598
2075-RMJIK,5,Month-to-month,49.4,0.314,Medium,1,15.51,1313.43,412.48,2026-10-06 16:33:57.939598
9588-YRFHY,49,Two year,19.9,0.0085,Low,0,0.17,529.1,4.5,2026-10-06 16:33:57.939598
9364-YKUVW,15,Month-to-month,19.8,0.0877,Low,1,1.74,526.44,46.18,2026-10-06 16:33:57.939598
5392-AKEMH,12,Month-to-month,45.05,0.3789,Medium,1,17.07,1197.78,453.85,2026-10-06 16:33:57.939598
2451-YMUXS,67,Two year,64.55,0.0163,Low,0,1.05,1716.24,28.04,2026-10-06 16:33:57.939598
3914-FDRHP,9,Month-to-month,86.25,0.5923,Medium,1,51.08,2293.19,1358.2,2026-10-06 16:33:57.939598
3078-ZKNTS,13,Two year,19.75,0.0195,Low,0,0.39,525.11,10.25,2026-10-06 16:33:57.939598
1024-KPRBB,38,One year,89.1,0.1364,Low,1,12.16,2368.97,323.23,2026-10-06 16:33:57.939598
4690-PKDQG,42,Month-to-month,95.55,0.464,Medium,1,44.34,2540.46,1178.77,2026-10-06 16:33:57.939598
9547-ITEFG,9,Month-to-month,102.6,0.6491,High,1,66.6,2727.9,1770.74,2026-10-06 16:33:57.939598
1264-FUHCX,49,One year,56.3,0.1364,Low,1,7.68,1496.89,204.24,2026-10-06 16:33:57.939598
7789-CRUVC,61,Month-to-month,94.2,0.1348,Low,1,12.7,2504.57,337.69,2026-10-06 16:33:57.939598
6598-KELSS,50,One year,43.05,0.0486,Low,0,2.09,1144.6,55.59,2026-10-06 16:33:57.939598
9972-VAFJJ,53,One year,94.0,0.1364,Low,1,12.83,2499.25,341.01,2026-10-06 16:33:57.939598
0422-UXFAP,51,One year,98.85,0.3552,Medium,1,35.11,2628.2,933.57,2026-10-06 16:33:57.939598
1904-WAJAA,24,Two year,64.35,0.0486,Low,0,3.13,1710.92,83.09,2026-10-06 16:33:57.939598
5130-YPIRV,62,Two year,72.0,0.0195,Low,0,1.4,1914.32,37.35,2026-10-06 16:33:57.939598
2843-CQMEG,24,Month-to-month,49.7,0.1364,Low,1,6.78,1321.41,180.3,2026-10-06 16:33:57.939598
6439-PKTRR,70,Two year,80.7,0.0486,Low,0,3.92,2145.63,104.2,2026-10-06 16:33:57.939598
5351-QESIO,1,Month-to-month,24.2,0.5758,Medium,1,13.93,643.42,370.46,2026-10-06 16:33:57.939598
5568-DMXZS,8,Month-to-month,65.45,0.2564,Low,1,16.78,1740.17,446.2,2026-10-06 16:33:57.939598
8468-FZTOE,72,Two year,74.35,0.0085,Low,0,0.63,1976.8,16.82,2026-10-06 16:33:57.939598
6633-SYEUS,23,Month-to-month,83.2,0.2328,Low,1,19.37,2212.1,514.99,2026-10-06 16:33:57.939598
6447-GORXK,31,Month-to-month,25.0,0.1364,Low,1,3.41,664.69,90.69,2026-10-06 16:33:57.939598
6967-PEJLL,37,One year,40.2,0.0486,Low,0,1.95,1068.83,51.91,2026-10-06 16:33:57.939598
5981-ZVXOT,35,One year,108.35,0.2564,Low,1,27.78,2880.78,738.66,2026-10-06 16:33:57.939598
1684-FLBGS,23,Month-to-month,69.5,0.1364,Low,1,9.48,1847.85,252.13,2026-10-06 16:33:57.939598
1389-WNUIB,20,One year,76.0,0.0877,Low,1,6.67,2020.67,177.25,2026-10-06 16:33:57.939598
0376-OIWME,36,Month-to-month,93.6,0.3552,Medium,1,33.25,2488.61,883.99,2026-10-06 16:33:57.939598
0218-QNVAS,71,One year,100.55,0.1348,Low,1,13.56,2673.4,360.46,2026-10-06 16:33:57.939598
0804-YGEQV,43,One year,24.45,0.0195,Low,0,0.48,650.07,12.68,2026-10-06 16:33:57.939598
7164-BPTUT,57,Two year,89.55,0.0195,Low,0,1.75,2380.93,46.46,2026-10-06 16:33:57.939598
2523-EWWZL,27,Month-to-month,76.1,0.3552,Medium,1,27.03,2023.33,718.71,2026-10-06 16:33:57.939598
0928-XUTSN,13,Month-to-month,80.5,0.5103,Medium,1,41.08,2140.31,1092.3,2026-10-06 16:33:57.939598
0052-YNYOT,67,One year,20.55,0.0195,Low,0,0.4,546.38,10.66,2026-10-06 16:33:57.939598
9586-JGQKH,64,Two year,105.4,0.0877,Low,1,9.25,2802.35,245.82,2026-10-06 16:33:57.939598
4501-VCPFK,26,Month-to-month,35.75,0.1364,Low,1,4.88,950.51,129.69,2026-10-06 16:33:57.939598
6075-SLNIL,38,Month-to-month,95.1,0.314,Medium,1,29.87,2528.49,794.07,2026-10-06 16:33:57.939598
9347-AERRL,23,One year,19.3,0.0195,Low,0,0.38,513.14,10.01,2026-10-06 16:33:57.939598
2274-XUATA,72,Two year,63.1,0.0163,Low,0,1.03,1677.69,27.41,2026-10-06 16:33:57.939598
6691-CCIHA,62,Two year,84.95,0.0195,Low,0,1.66,2258.63,44.07,2026-10-06 16:33:57.939598
1685-BQULA,40,Month-to-month,93.4,0.3552,Medium,1,33.18,2483.3,882.1,2026-10-06 16:33:57.939598
9053-EJUNL,41,Month-to-month,89.2,0.464,Medium,1,41.39,2371.63,1100.43,2026-10-06 16:33:57.939598
0666-UXTJO,34,Month-to-month,85.2,0.3789,Medium,1,32.28,2265.28,858.33,2026-10-06 16:33:57.939598
1471-GIQKQ,1,Month-to-month,49.95,0.3789,Medium,1,18.93,1328.06,503.21,2026-10-06 16:33:57.939598
4807-IZYOZ,51,Two year,20.65,0.0085,Low,0,0.18,549.04,4.67,2026-10-06 16:33:57.939598
9710-NJERN,39,Two year,20.15,0.0085,Low,0,0.17,535.74,4.56,2026-10-06 16:33:57.939598
9837-FWLCH,12,Month-to-month,19.2,0.0486,Low,0,0.93,510.48,24.79,2026-10-06 16:33:57.939598
7203-OYKCT,72,One year,104.95,0.1364,Low,1,14.32,2790.38,380.73,2026-10-06 16:33:57.939598
1035-IPQPU,63,Month-to-month,103.5,0.3789,Medium,1,39.22,2751.83,1042.69,2026-10-06 16:33:57.939598
7398-LXGYX,44,Month-to-month,84.8,0.2564,Low,1,21.74,2254.64,578.11,2026-10-06 16:33:57.939598
2823-LKABH,18,Month-to-month,95.05,0.3789,Medium,1,36.02,2527.16,957.56,2026-10-06 16:33:57.939598
0550-DCXLH,13,Month-to-month,73.35,0.1364,Low,1,10.01,1950.21,266.1,2026-10-06 16:33:57.939598
9281-CEDRU,68,Two year,64.1,0.0195,Low,0,1.25,1704.27,33.25,2026-10-06 16:33:57.939598
2235-DWLJU,6,Month-to-month,44.4,0.6154,High,1,27.32,1180.5,726.46,2026-10-06 16:33:57.939598
0871-OPBXW,2,Month-to-month,20.05,0.2013,Low,1,4.04,533.08,107.31,2026-10-06 16:33:57.939598
3605-JISKB,55,One year,60.0,0.0877,Low,1,5.26,1595.26,139.94,2026-10-06 16:33:57.939598
9767-FFLEM,38,Month-to-month,69.5,0.3789,Medium,1,26.33,1847.85,700.16,2026-10-06 16:33:57.939598
8456-QDAVC,19,Month-to-month,78.7,0.464,Medium,1,36.52,2092.46,970.9,2026-10-06 16:33:57.939598
7750-EYXWZ,12,One year,60.65,0.1364,Low,1,8.28,1612.55,220.02,2026-10-06 16:33:57.939598
2569-WGERO,72,Two year,21.15,0.0085,Low,0,0.18,562.33,4.79,2026-10-06 16:33:57.939598
6840-RESVB,24,One year,84.8,0.1348,Low,1,11.43,2254.64,304.0,2026-10-06 16:33:57.939598
2234-XADUH,72,One year,103.2,0.0486,Low,0,5.01,2743.85,133.26,2026-10-06 16:33:57.939598
4801-JZAZL,11,Month-to-month,29.6,0.2328,Low,1,6.89,787.0,183.22,2026-10-06 16:33:57.939598
3186-AJIEK,66,Two year,105.65,0.1348,Low,1,14.24,2808.99,378.74,2026-10-06 16:33:57.939598
